-- MySQL dump 10.13  Distrib 8.0.27, for Linux (x86_64)
--
-- Host: localhost    Database: ncc-dsn-db
-- ------------------------------------------------------
-- Server version	8.0.27-cluster

/*!40101 SET @OLD_CHARACTER_SET_CLIENT=@@CHARACTER_SET_CLIENT */;
/*!40101 SET @OLD_CHARACTER_SET_RESULTS=@@CHARACTER_SET_RESULTS */;
/*!40101 SET @OLD_COLLATION_CONNECTION=@@COLLATION_CONNECTION */;
/*!50503 SET NAMES utf8mb4 */;
/*!40103 SET @OLD_TIME_ZONE=@@TIME_ZONE */;
/*!40103 SET TIME_ZONE='+00:00' */;
/*!40014 SET @OLD_UNIQUE_CHECKS=@@UNIQUE_CHECKS, UNIQUE_CHECKS=0 */;
/*!40014 SET @OLD_FOREIGN_KEY_CHECKS=@@FOREIGN_KEY_CHECKS, FOREIGN_KEY_CHECKS=0 */;
/*!40101 SET @OLD_SQL_MODE=@@SQL_MODE, SQL_MODE='NO_AUTO_VALUE_ON_ZERO' */;
/*!40111 SET @OLD_SQL_NOTES=@@SQL_NOTES, SQL_NOTES=0 */;

--
-- Table structure for table `climate_change_data_category`
--

DROP TABLE IF EXISTS `climate_change_data_category`;
/*!40101 SET @saved_cs_client     = @@character_set_client */;
/*!50503 SET character_set_client = utf8mb4 */;
CREATE TABLE `climate_change_data_category` (
  `createdBy` varchar(255) NOT NULL,
  `createdOn` datetime NOT NULL,
  `editedBy` varchar(255) NOT NULL,
  `editedOn` datetime NOT NULL,
  `status` int NOT NULL,
  `id` int NOT NULL AUTO_INCREMENT,
  `name` varchar(255) NOT NULL,
  `sortOrder` int NOT NULL,
  `description` varchar(2500) NOT NULL,
  PRIMARY KEY (`id`)
) ENGINE=InnoDB AUTO_INCREMENT=23 DEFAULT CHARSET=utf8mb4 COLLATE=utf8mb4_0900_ai_ci;
/*!40101 SET character_set_client = @saved_cs_client */;

--
-- Dumping data for table `climate_change_data_category`
--

LOCK TABLES `climate_change_data_category` WRITE;
/*!40000 ALTER TABLE `climate_change_data_category` DISABLE KEYS */;
INSERT INTO `climate_change_data_category` VALUES ('','2020-11-14 00:00:00','','2020-11-14 00:00:00',0,1,'Weather and Climatic Data',1,'Weather and climatic data'),('','2020-11-14 00:00:00','','2020-11-14 00:00:00',0,2,'Mitigation',1,'Measures to reduce GHG emissions'),('','2020-11-14 00:00:00','','2020-11-14 00:00:00',0,3,'Adaptation',1,'Measures to minimize ill effects of Climate change'),(' ','2020-11-14 00:00:00',' ','2020-11-14 00:00:00',0,4,'Disaster Data',1,'Disaster related data'),('','2020-11-14 00:00:00','','2020-11-14 00:00:00',0,5,'Multiple Categories',1,'Covering more than one category, as in policies'),('-','2021-01-31 17:55:54','-','2021-01-31 17:55:54',0,6,'General',1,'General information like population, GDP'),('-','2022-04-04 09:35:13','-','2022-04-04 09:35:13',0,12,'Energy',1,'Agricultural, Water Irrigation and other things');
/*!40000 ALTER TABLE `climate_change_data_category` ENABLE KEYS */;
UNLOCK TABLES;

--
-- Table structure for table `climate_impact`
--

DROP TABLE IF EXISTS `climate_impact`;
/*!40101 SET @saved_cs_client     = @@character_set_client */;
/*!50503 SET character_set_client = utf8mb4 */;
CREATE TABLE `climate_impact` (
  `createdBy` varchar(255) NOT NULL,
  `createdOn` datetime NOT NULL,
  `editedBy` varchar(255) NOT NULL,
  `editedOn` datetime NOT NULL,
  `status` int NOT NULL,
  `id` int NOT NULL AUTO_INCREMENT,
  `name` varchar(255) NOT NULL,
  `description` varchar(2500) NOT NULL,
  `sortOrder` int NOT NULL,
  PRIMARY KEY (`id`)
) ENGINE=InnoDB AUTO_INCREMENT=28 DEFAULT CHARSET=utf8mb4 COLLATE=utf8mb4_0900_ai_ci;
/*!40101 SET character_set_client = @saved_cs_client */;

--
-- Dumping data for table `climate_impact`
--

LOCK TABLES `climate_impact` WRITE;
/*!40000 ALTER TABLE `climate_impact` DISABLE KEYS */;
INSERT INTO `climate_impact` VALUES (' ','2020-11-15 00:00:00',' ','2020-11-15 00:00:00',1,1,'Global warming','Global warming',1),(' ','2020-11-15 00:00:00',' ','2020-11-15 00:00:00',1,2,'Changes in precipitation','Changes in precipitation ',2),(' ','2020-11-15 00:00:00',' ','2020-11-15 00:00:00',1,3,'Sea level rise','Sea level rise',3),(' ','2020-11-15 00:00:00',' ','2020-11-15 00:00:00',1,4,'Reduction of Water Security','Reduction of Water Security',3),(' ','2020-11-15 00:00:00',' ','2020-11-15 00:00:00',1,5,'Flooding','Flooding',3),(' ','2020-11-15 00:00:00',' ','2020-11-15 00:00:00',1,6,'Changed availability and variability of water resources','Changed availability and variability of water resources',3),(' ','2020-11-15 00:00:00',' ','2020-11-15 00:00:00',1,7,'Soil organic matter transformation','Soil organic matter transformation',3),(' ','2020-11-15 00:00:00',' ','2020-11-15 00:00:00',1,8,'Changes in pest and disease profiles','Changes in pest and disease profiles',3),(' ','2020-11-15 00:00:00',' ','2020-11-15 00:00:00',1,9,'Arrival of invasive species','',3),(' ','2020-11-15 00:00:00',' ','2020-11-15 00:00:00',1,10,'Reduction of arable lands','Reduction of arable lands',3),(' ','2020-11-15 00:00:00',' ','2020-11-15 00:00:00',1,11,'Urban Heat Island (UHI) effect','Urban Heat Island (UHI) effect',3),(' ','2020-11-15 00:00:00',' ','2020-11-15 00:00:00',1,12,'Reduced food security','Reduced food security',3),(' ','2020-11-15 00:00:00',' ','2020-11-15 00:00:00',1,13,'Infectious disease outbreak and vector propagation','Infectious disease outbreak and vector propagation',3),(' ','2020-11-15 00:00:00',' ','2020-11-15 00:00:00',1,14,'post-traumatic stress','post-traumatic stress',3),(' ','2020-11-15 00:00:00',' ','2020-11-15 00:00:00',1,15,'Population displacement','Population displacement due to climate change',3),(' ','2020-11-15 00:00:00',' ','2020-11-15 00:00:00',1,16,'Increase of respiratory disorders','Increase of respiratory disorders',3),('-','2021-01-31 17:59:52','-','2021-01-31 17:59:52',0,17,'No impact on climate change','These parameters are needed but have no impact on CC',1),('-','2021-02-16 16:55:17','-','2021-02-16 16:55:17',0,18,'Landslides','',1),('-','2021-02-16 16:55:36','-','2021-02-16 16:55:36',0,19,'Soil degradation','',1),('-','2021-02-20 07:47:27','-','2021-02-20 07:47:27',0,20,'Extinction of flora and fauna','Extinction of species due to climate change',1),('-','2021-02-22 15:56:04','-','2021-02-22 15:56:04',0,21,'Vulnerability to climate change','Vulnerability to climate change',1),('-','2021-12-04 03:26:27','-','2021-12-04 03:26:27',0,23,'GHG emission','GHG emission',1),('-','2022-03-11 11:10:52','-','2022-03-11 11:10:52',0,24,'UAT GHG emission','UAT GHG emission',1),('-','2022-04-03 08:16:03','-','2022-04-03 08:16:03',0,25,'UAT adaptation','reduce our vulnerability to the harmful effects of climate change',1);
/*!40000 ALTER TABLE `climate_impact` ENABLE KEYS */;
UNLOCK TABLES;

--
-- Table structure for table `currency`
--

DROP TABLE IF EXISTS `currency`;
/*!40101 SET @saved_cs_client     = @@character_set_client */;
/*!50503 SET character_set_client = utf8mb4 */;
CREATE TABLE `currency` (
  `createdBy` varchar(255) NOT NULL,
  `createdOn` datetime NOT NULL,
  `editedBy` varchar(255) NOT NULL,
  `editedOn` datetime NOT NULL,
  `status` int NOT NULL,
  `id` int NOT NULL AUTO_INCREMENT,
  `name` varchar(255) NOT NULL,
  `sortOrder` int NOT NULL,
  `multificationFactor` int NOT NULL,
  `description` varchar(2500) NOT NULL,
  PRIMARY KEY (`id`)
) ENGINE=InnoDB AUTO_INCREMENT=7 DEFAULT CHARSET=utf8mb4 COLLATE=utf8mb4_0900_ai_ci;
/*!40101 SET character_set_client = @saved_cs_client */;

--
-- Dumping data for table `currency`
--

LOCK TABLES `currency` WRITE;
/*!40000 ALTER TABLE `currency` DISABLE KEYS */;
INSERT INTO `currency` VALUES ('2020-11-15 00:00:00','2020-11-15 00:00:00','2020-11-15 00:00:00','2020-11-15 00:00:00',1,1,'Rs',1,1,''),('2020-11-15 00:00:00','2020-11-15 00:00:00','2020-11-15 00:00:00','2020-11-15 00:00:00',1,2,'Million Rs',1,1000000,''),('2020-11-15 00:00:00','2020-11-15 00:00:00','2020-11-15 00:00:00','2020-11-15 00:00:00',1,3,'Billion Rs',1,10000000,''),('2020-11-15 00:00:00','2020-11-15 00:00:00','2020-11-15 00:00:00','2020-11-15 00:00:00',1,4,'USD',1,1,''),('2020-11-15 00:00:00','2020-11-15 00:00:00','2020-11-15 00:00:00','2020-11-15 00:00:00',1,5,'Million USD',1,1000000,''),('2020-11-15 00:00:00','2020-11-15 00:00:00','2020-11-15 00:00:00','2020-11-15 00:00:00',1,6,'Billion USD',1,10000000,'');
/*!40000 ALTER TABLE `currency` ENABLE KEYS */;
UNLOCK TABLES;

--
-- Table structure for table `currency_type`
--

DROP TABLE IF EXISTS `currency_type`;
/*!40101 SET @saved_cs_client     = @@character_set_client */;
/*!50503 SET character_set_client = utf8mb4 */;
CREATE TABLE `currency_type` (
  `createdBy` varchar(255) NOT NULL,
  `createdOn` datetime NOT NULL,
  `editedBy` varchar(255) NOT NULL,
  `editedOn` datetime NOT NULL,
  `status` int NOT NULL,
  `id` int NOT NULL AUTO_INCREMENT,
  `name` varchar(255) NOT NULL,
  `description` varchar(255) NOT NULL,
  `sortOrder` int NOT NULL,
  PRIMARY KEY (`id`)
) ENGINE=InnoDB DEFAULT CHARSET=utf8mb4 COLLATE=utf8mb4_0900_ai_ci;
/*!40101 SET character_set_client = @saved_cs_client */;

--
-- Dumping data for table `currency_type`
--

LOCK TABLES `currency_type` WRITE;
/*!40000 ALTER TABLE `currency_type` DISABLE KEYS */;
/*!40000 ALTER TABLE `currency_type` ENABLE KEYS */;
UNLOCK TABLES;

--
-- Table structure for table `data_request_status`
--

DROP TABLE IF EXISTS `data_request_status`;
/*!40101 SET @saved_cs_client     = @@character_set_client */;
/*!50503 SET character_set_client = utf8mb4 */;
CREATE TABLE `data_request_status` (
  `createdBy` varchar(255) NOT NULL,
  `createdOn` datetime NOT NULL,
  `editedBy` varchar(255) NOT NULL,
  `editedOn` datetime NOT NULL,
  `status` int NOT NULL,
  `id` int NOT NULL AUTO_INCREMENT,
  `name` varchar(255) NOT NULL,
  `sortOrder` int NOT NULL,
  `description` varchar(2500) NOT NULL,
  PRIMARY KEY (`id`)
) ENGINE=InnoDB AUTO_INCREMENT=11 DEFAULT CHARSET=utf8mb4 COLLATE=utf8mb4_0900_ai_ci;
/*!40101 SET character_set_client = @saved_cs_client */;

--
-- Dumping data for table `data_request_status`
--

LOCK TABLES `data_request_status` WRITE;
/*!40000 ALTER TABLE `data_request_status` DISABLE KEYS */;
INSERT INTO `data_request_status` VALUES ('test','2020-12-01 23:22:26','test','2020-12-01 23:22:26',1,1,'Need to Assign ',1,''),('test','2020-12-01 23:22:26','test','2020-12-01 23:22:26',1,2,'Submitted to CCS',1,''),('test','2020-12-01 23:22:26','test','2020-12-01 23:22:26',1,3,'Pending Data Entry',1,''),('test','2020-12-01 23:22:26','test','2020-12-01 23:22:26',1,4,'Rejected and Reassigned ',1,''),('test','2020-12-01 23:22:26','test','2020-12-01 23:22:26',1,5,'Rejected by  CCS',1,''),('test','2020-12-01 23:22:26','test','2020-12-01 23:22:26',1,6,'Need to Review',1,''),('test','2020-12-01 23:22:26','test','2020-12-01 23:22:26',1,7,'Published',1,''),('test','2020-12-01 23:22:26','test','2020-12-01 23:22:26',1,8,'Cancelled',1,''),('test','2020-12-01 23:22:26','test','2020-12-01 23:22:26',1,9,'Declined and Submited to CCS',1,''),('test','2020-12-01 23:22:26','test','2020-12-01 23:22:26',1,10,'Cancelled by IA',1,'');
/*!40000 ALTER TABLE `data_request_status` ENABLE KEYS */;
UNLOCK TABLES;

--
-- Table structure for table `data_request_status_history`
--

DROP TABLE IF EXISTS `data_request_status_history`;
/*!40101 SET @saved_cs_client     = @@character_set_client */;
/*!50503 SET character_set_client = utf8mb4 */;
CREATE TABLE `data_request_status_history` (
  `createdBy` varchar(255) NOT NULL,
  `createdOn` datetime NOT NULL,
  `editedBy` varchar(255) NOT NULL,
  `editedOn` datetime NOT NULL,
  `status` int NOT NULL,
  `id` int NOT NULL AUTO_INCREMENT,
  `name` varchar(255) NOT NULL,
  `sortOrder` int NOT NULL,
  `comment` varchar(255) NOT NULL,
  `parameterLocationDataId` int DEFAULT NULL,
  `userId` int NOT NULL,
  `userName` varchar(255) NOT NULL,
  `statusId` int NOT NULL,
  `statusText` varchar(255) NOT NULL,
  `parameterId` int DEFAULT NULL,
  `projectProgramDataId` int DEFAULT NULL,
  `description` varchar(2500) NOT NULL,
  `policyDataId` int DEFAULT NULL,
  PRIMARY KEY (`id`),
  KEY `FK_a9f0701e5e05574c1083e209c2e` (`parameterLocationDataId`),
  KEY `FK_5197e84df11560f5b034ad3d063` (`projectProgramDataId`),
  KEY `FK_9352d700e9cc891da369a854f7e` (`policyDataId`),
  CONSTRAINT `FK_5197e84df11560f5b034ad3d063` FOREIGN KEY (`projectProgramDataId`) REFERENCES `project_program_data` (`id`),
  CONSTRAINT `FK_9352d700e9cc891da369a854f7e` FOREIGN KEY (`policyDataId`) REFERENCES `policy_data` (`id`),
  CONSTRAINT `FK_a9f0701e5e05574c1083e209c2e` FOREIGN KEY (`parameterLocationDataId`) REFERENCES `parameter_location_data` (`id`)
) ENGINE=InnoDB AUTO_INCREMENT=2263 DEFAULT CHARSET=utf8mb4 COLLATE=utf8mb4_0900_ai_ci;
/*!40101 SET character_set_client = @saved_cs_client */;

--
-- Dumping data for table `data_request_status_history`
--

LOCK TABLES `data_request_status_history` WRITE;
/*!40000 ALTER TABLE `data_request_status_history` DISABLE KEYS */;
INSERT INTO `data_request_status_history` VALUES ('-','2021-01-11 01:22:06','-','2021-01-11 01:22:06',0,622,'',1,'Need to Assign ',135,110,'Pavithra Disanayake',1,'Need to Assign ',106,NULL,'',NULL),('-','2021-01-11 01:22:06','-','2021-01-11 01:22:06',0,623,'',1,'Need to Assign ',136,110,'Pavithra Disanayake',1,'Need to Assign ',107,NULL,'',NULL),('-','2021-01-11 01:22:06','-','2021-01-11 01:22:06',0,625,'',1,'Need to Assign ',138,110,'Pavithra Disanayake',1,'Need to Assign ',108,NULL,'',NULL),('-','2021-01-11 01:26:35','-','2021-01-11 01:26:35',0,626,'',1,'Pending Data Entry',135,113,'Saman Herath',3,'Pending Data Entry',106,NULL,'',NULL),('-','2021-01-11 01:39:29','-','2021-01-11 01:39:29',0,627,'',1,'drought cause reduction in hydropower., entered value : 25',135,114,'Shanuka Samarasinghe',6,'Need to Review',106,NULL,'',NULL),('-','2021-01-11 01:41:51','-','2021-01-11 01:41:51',0,628,'',1,'Submitted to CCS',135,113,'Saman Herath',2,'Submitted to CCS',106,NULL,'',NULL),('-','2021-01-11 01:49:27','-','2021-01-11 01:49:27',0,629,'',1,'Check the value again',135,110,'Pavithra Disanayake',5,'Rejected by  CCS',106,NULL,'',NULL),('-','2021-01-11 01:50:29','-','2021-01-11 01:50:29',0,630,'',1,'Pending Data Entry',135,113,'Saman Herath',3,'Pending Data Entry',106,NULL,'',NULL),('-','2021-01-11 01:56:20','-','2021-01-11 01:56:20',0,631,'',1,'No change to the value . Reason is the drought , entered value : 25',135,114,'Shanuka Samarasinghe',6,'Need to Review',106,NULL,'',NULL),('-','2021-01-11 01:57:14','-','2021-01-11 01:57:14',0,632,'',1,'Submitted to CCS',135,113,'Saman Herath',2,'Submitted to CCS',106,NULL,'',NULL),('-','2021-01-11 01:58:21','-','2021-01-11 01:58:21',0,633,'',1,'Published',135,110,'Pavithra Disanayake',7,'Published',106,NULL,'',NULL),('-','2021-01-11 02:03:12','-','2021-01-11 02:03:12',0,634,'',1,'Need to Assign ',139,110,'Pavithra Disanayake',1,'Need to Assign ',106,NULL,'',NULL),('-','2021-01-11 02:03:42','-','2021-01-11 02:03:42',0,635,'',1,'Pending Data Entry',139,113,'Saman Herath',3,'Pending Data Entry',106,NULL,'',NULL),('-','2021-01-11 11:41:20','-','2021-01-11 11:41:20',0,637,'',1,'Need to Assign ',141,117,'Indike Dassanayake',1,'Need to Assign ',114,NULL,'',NULL),('-','2021-01-11 11:45:25','-','2021-01-11 11:45:25',0,638,'',1,'Pending Data Entry',141,119,'Ambiga Selvaraj',3,'Pending Data Entry',114,NULL,'',NULL),('-','2021-01-11 16:33:53','-','2021-01-11 16:33:53',0,639,'',1,'Need to Assign ',NULL,117,'Indike Dassanayake',1,'Need to Assign ',NULL,20,'',NULL),('-','2021-01-12 02:27:10','-','2021-01-12 02:27:10',0,640,'',1,'Need to Assign ',142,110,'Pavithra Disanayake',1,'Need to Assign ',108,NULL,'',NULL),('-','2021-01-12 02:27:10','-','2021-01-12 02:27:10',0,641,'',1,'Need to Assign ',143,110,'Pavithra Disanayake',1,'Need to Assign ',107,NULL,'',NULL),('-','2021-01-12 02:28:14','-','2021-01-12 02:28:14',0,642,'',1,'Pending Data Entry',142,113,'Saman Herath',3,'Pending Data Entry',108,NULL,'',NULL),('-','2021-01-12 02:29:07','-','2021-01-12 02:29:07',0,643,'',1,'entered value : 100',142,113,'Saman Herath',6,'Need to Review',108,NULL,'',NULL),('-','2021-01-12 02:40:12','-','2021-01-12 02:40:12',0,644,'',1,'entered value : 5',139,113,'Saman Herath',6,'Need to Review',106,NULL,'',NULL),('-','2021-01-12 02:40:13','-','2021-01-12 02:40:13',0,645,'',1,'entered value : 5000',143,113,'Saman Herath',6,'Need to Review',107,NULL,'',NULL),('-','2021-01-12 02:40:13','-','2021-01-12 02:40:13',0,647,'',1,'entered value : 5000',136,113,'Saman Herath',6,'Need to Review',107,NULL,'',NULL),('-','2021-01-12 02:40:13','-','2021-01-12 02:40:13',0,649,'',1,'entered value : 100',138,113,'Saman Herath',6,'Need to Review',108,NULL,'',NULL),('-','2021-01-12 02:40:24','-','2021-01-12 02:40:24',0,650,'',1,'Submitted to CCS',136,113,'Saman Herath',2,'Submitted to CCS',107,NULL,'',NULL),('-','2021-01-12 02:40:24','-','2021-01-12 02:40:24',0,652,'',1,'Submitted to CCS',142,113,'Saman Herath',2,'Submitted to CCS',108,NULL,'',NULL),('-','2021-01-12 02:40:24','-','2021-01-12 02:40:24',0,653,'',1,'Submitted to CCS',138,113,'Saman Herath',2,'Submitted to CCS',108,NULL,'',NULL),('-','2021-01-12 02:40:24','-','2021-01-12 02:40:24',0,655,'',1,'Submitted to CCS',143,113,'Saman Herath',2,'Submitted to CCS',107,NULL,'',NULL),('-','2021-01-12 02:40:24','-','2021-01-12 02:40:24',0,656,'',1,'Submitted to CCS',139,113,'Saman Herath',2,'Submitted to CCS',106,NULL,'',NULL),('-','2021-01-12 02:40:44','-','2021-01-12 02:40:44',0,658,'',1,'Published',136,110,'Pavithra Disanayake',7,'Published',107,NULL,'',NULL),('-','2021-01-12 02:40:44','-','2021-01-12 02:40:44',0,659,'',1,'Published',138,110,'Pavithra Disanayake',7,'Published',108,NULL,'',NULL),('-','2021-01-12 02:40:44','-','2021-01-12 02:40:44',0,661,'',1,'Published',142,110,'Pavithra Disanayake',7,'Published',108,NULL,'',NULL),('-','2021-01-12 02:40:44','-','2021-01-12 02:40:44',0,662,'',1,'Published',143,110,'Pavithra Disanayake',7,'Published',107,NULL,'',NULL),('-','2021-01-12 02:40:45','-','2021-01-12 02:40:45',0,663,'',1,'Published',139,110,'Pavithra Disanayake',7,'Published',106,NULL,'',NULL),('-','2021-01-12 02:58:12','-','2021-01-12 02:58:12',0,664,'',1,'Need to Assign ',144,110,'Pavithra Disanayake',1,'Need to Assign ',106,NULL,'',NULL),('-','2021-01-12 02:59:03','-','2021-01-12 02:59:03',0,666,'',1,'Need to Assign ',NULL,110,'Pavithra Disanayake',1,'Need to Assign ',NULL,21,'',NULL),('-','2021-01-12 02:59:03','-','2021-01-12 02:59:03',0,667,'',1,'Need to Assign ',NULL,110,'Pavithra Disanayake',1,'Need to Assign ',NULL,22,'',NULL),('-','2021-01-12 02:59:35','-','2021-01-12 02:59:35',0,668,'',1,'Need to Assign ',NULL,110,'Pavithra Disanayake',1,'Need to Assign ',NULL,NULL,'',41),('-','2021-01-12 03:00:10','-','2021-01-12 03:00:10',0,669,'',1,'entered value : 5',144,113,'Saman Herath',6,'Need to Review',106,NULL,'',NULL),('-','2021-01-12 03:00:57','-','2021-01-12 03:00:57',0,671,'',1,'Need to Review',NULL,113,'Saman Herath',6,'Need to Review',NULL,21,'',NULL),('-','2021-01-12 03:01:13','-','2021-01-12 03:01:13',0,672,'',1,'Pending Data Entry',NULL,113,'Saman Herath',3,'Pending Data Entry',NULL,22,'',NULL),('-','2021-01-12 03:01:13','-','2021-01-12 03:01:13',0,673,'',1,'Pending Data Entry',NULL,113,'Saman Herath',3,'Pending Data Entry',NULL,20,'',NULL),('-','2021-01-12 03:01:43','-','2021-01-12 03:01:43',0,674,'',1,'Pending Data Entry',NULL,113,'Saman Herath',3,'Pending Data Entry',NULL,NULL,'',41),('-','2021-01-12 03:02:36','-','2021-01-12 03:02:36',0,676,'',1,'Need to Review',NULL,114,'Shanuka Samarasinghe',6,'Need to Review',NULL,20,'',NULL),('-','2021-01-12 03:02:46','-','2021-01-12 03:02:46',0,677,'',1,'Need to Review',NULL,114,'Shanuka Samarasinghe',6,'Need to Review',NULL,22,'',NULL),('-','2021-01-12 03:03:04','-','2021-01-12 03:03:04',0,678,'',1,'Need to Review',NULL,114,'Shanuka Samarasinghe',6,'Need to Review',NULL,NULL,'',41),('-','2021-01-12 03:03:26','-','2021-01-12 03:03:26',0,679,'',1,'Submitted to CCS',144,113,'Saman Herath',2,'Submitted to CCS',106,NULL,'',NULL),('-','2021-01-12 03:03:36','-','2021-01-12 03:03:36',0,681,'',1,'Submitted to CCS',NULL,113,'Saman Herath',2,'Submitted to CCS',NULL,22,'',NULL),('-','2021-01-12 03:03:36','-','2021-01-12 03:03:36',0,682,'',1,'Submitted to CCS',NULL,113,'Saman Herath',2,'Submitted to CCS',NULL,20,'',NULL),('-','2021-01-12 03:03:36','-','2021-01-12 03:03:36',0,683,'',1,'Submitted to CCS',NULL,113,'Saman Herath',2,'Submitted to CCS',NULL,21,'',NULL),('-','2021-01-12 03:03:43','-','2021-01-12 03:03:43',0,684,'',1,'Submitted to CCS',NULL,113,'Saman Herath',2,'Submitted to CCS',NULL,NULL,'',41),('-','2021-01-12 03:04:09','-','2021-01-12 03:04:09',0,685,'',1,'Published',144,110,'Pavithra Disanayake',7,'Published',106,NULL,'',NULL),('-','2021-01-12 03:05:11','-','2021-01-12 03:05:11',0,687,'',1,'Published',NULL,110,'Pavithra Disanayake',7,'Published',NULL,NULL,'',41),('-','2021-01-12 05:24:32','-','2021-01-12 05:24:32',0,689,'',1,'Need to Assign ',147,55,'CCS supper admin climatesec@gmail.com',1,'Need to Assign ',106,NULL,'',NULL),('-','2021-01-12 05:24:32','-','2021-01-12 05:24:32',0,691,'',1,'Need to Assign ',151,55,'CCS supper admin climatesec@gmail.com',1,'Need to Assign ',108,NULL,'',NULL),('-','2021-01-12 05:24:32','-','2021-01-12 05:24:32',0,692,'',1,'Need to Assign ',150,55,'CCS supper admin climatesec@gmail.com',1,'Need to Assign ',140,NULL,'',NULL),('-','2021-01-12 05:24:32','-','2021-01-12 05:24:32',0,693,'',1,'Need to Assign ',149,55,'CCS supper admin climatesec@gmail.com',1,'Need to Assign ',107,NULL,'',NULL),('-','2021-01-12 05:43:19','-','2021-01-12 05:43:19',0,695,'',1,'Pending Data Entry',149,130,'Asith Kaushalya',3,'Pending Data Entry',107,NULL,'',NULL),('-','2021-01-12 05:46:05','-','2021-01-12 05:46:05',0,696,'',1,'frequent stops, entered value : 6',147,130,'Asith Kaushalya',6,'Need to Review',106,NULL,'',NULL),('-','2021-01-12 05:48:10','-','2021-01-12 05:48:10',0,697,'',1,'Submitted to CCS',147,130,'Asith Kaushalya',2,'Submitted to CCS',106,NULL,'',NULL),('-','2021-01-12 05:51:47','-','2021-01-12 05:51:47',0,699,'',1,'entered value : 6213',149,131,'Mala Dasanayake',6,'Need to Review',107,NULL,'',NULL),('-','2021-01-12 05:53:10','-','2021-01-12 05:53:10',0,701,'',1,'Submitted to CCS',149,130,'Asith Kaushalya',2,'Submitted to CCS',107,NULL,'',NULL),('-','2021-01-12 05:55:54','-','2021-01-12 05:55:54',0,702,'',1,'Too high value is provided. ',147,55,'CCS supper admin climatesec@gmail.com',5,'Rejected by  CCS',106,NULL,'',NULL),('-','2021-01-12 05:56:23','-','2021-01-12 05:56:23',0,704,'',1,'Published',149,55,'CCS supper admin climatesec@gmail.com',7,'Published',107,NULL,'',NULL),('-','2021-01-18 10:17:20','-','2021-01-18 10:17:20',0,708,'',1,'Considerable incensement in solar projects, entered value : 500',151,113,'Saman Herath',6,'Need to Review',108,NULL,'',NULL),('-','2021-01-18 10:17:58','-','2021-01-18 10:17:58',0,709,'',1,'Submitted to CCS',151,113,'Saman Herath',2,'Submitted to CCS',108,NULL,'',NULL),('-','2021-01-18 10:18:43','-','2021-01-18 10:18:43',0,710,'',1,'Published',151,110,'Pavithra Disanayake',7,'Published',108,NULL,'',NULL),('-','2021-01-18 10:19:11','-','2021-01-18 10:19:11',0,711,'',1,'Need to Assign ',153,110,'Pavithra Disanayake',1,'Need to Assign ',108,NULL,'',NULL),('-','2021-01-19 04:52:14','-','2021-01-19 04:52:14',0,722,'',1,'Need to Assign ',156,108,'Nelusha Paranavidana',1,'Need to Assign ',184,NULL,'',NULL),('-','2021-01-19 05:07:21','-','2021-01-19 05:07:21',0,723,'',1,'Pending Data Entry',156,125,'R. Pushpakumara',3,'Pending Data Entry',184,NULL,'',NULL),('-','2021-01-19 05:34:05','-','2021-01-19 05:34:05',0,724,'',1,'Need to Assign ',157,108,'Nelusha Paranavidana',1,'Need to Assign ',106,NULL,'',NULL),('-','2021-01-19 05:39:13','-','2021-01-19 05:39:13',0,726,'',1,'Pending Data Entry',157,113,'Saman Herath',3,'Pending Data Entry',106,NULL,'',NULL),('-','2021-01-19 05:39:32','-','2021-01-19 05:39:32',0,727,'',1,'Pending Data Entry',147,113,'Saman Herath',3,'Pending Data Entry',106,NULL,'',NULL),('-','2021-01-19 05:48:05','-','2021-01-19 05:48:05',0,728,'',1,'entered value : 4.5',147,114,'Shanuka Samarasinghe',6,'Need to Review',106,NULL,'',NULL),('-','2021-01-19 05:48:21','-','2021-01-19 05:48:21',0,729,'',1,'Test Reason, entered value : 4.5',147,114,'Shanuka Samarasinghe',6,'Need to Review',106,NULL,'',NULL),('-','2021-01-19 05:52:12','-','2021-01-19 05:52:12',0,730,'',1,'The value seems wrong',147,113,'Saman Herath',4,'Rejected and Reassigned ',106,NULL,'',NULL),('-','2021-01-19 05:53:12','-','2021-01-19 05:53:12',0,731,'',1,'entered value : 4',147,114,'Shanuka Samarasinghe',6,'Need to Review',106,NULL,'',NULL),('-','2021-01-19 05:53:52','-','2021-01-19 05:53:52',0,732,'',1,'Submitted to CCS',147,113,'Saman Herath',2,'Submitted to CCS',106,NULL,'',NULL),('-','2021-01-19 06:00:47','-','2021-01-19 06:00:47',0,735,'',1,'Need to Assign ',159,110,'Pavithra Disanayake',1,'Need to Assign ',107,NULL,'',NULL),('-','2021-01-19 06:03:50','-','2021-01-19 06:03:50',0,737,'',1,'entered value : 400',153,113,'Saman Herath',6,'Need to Review',108,NULL,'',NULL),('-','2021-01-19 06:44:41','-','2021-01-19 06:44:41',0,738,'',1,'entered value : 2000',159,113,'Saman Herath',6,'Need to Review',107,NULL,'',NULL),('-','2021-01-19 06:44:52','-','2021-01-19 06:44:52',0,739,'',1,'Submitted to CCS',159,113,'Saman Herath',2,'Submitted to CCS',107,NULL,'',NULL),('-','2021-01-19 07:18:44','-','2021-01-19 07:18:44',0,740,'',1,'Submitted to CCS',153,113,'Saman Herath',2,'Submitted to CCS',108,NULL,'',NULL),('-','2021-01-19 08:48:35','-','2021-01-19 08:48:35',0,741,'',1,'Need to Assign ',NULL,55,'CCS supper admin climatesec@gmail.com',1,'Need to Assign ',NULL,23,'',NULL),('-','2021-01-19 08:52:36','-','2021-01-19 08:52:36',0,742,'',1,'Pending Data Entry',NULL,132,'Mathanraj-Institutional admin SLTB',3,'Pending Data Entry',NULL,23,'',NULL),('-','2021-01-19 08:54:24','-','2021-01-19 08:54:24',0,743,'',1,'Need to Review',NULL,133,'Mathan Sathya',6,'Need to Review',NULL,23,'',NULL),('-','2021-01-19 08:56:52','-','2021-01-19 08:56:52',0,744,'',1,'Submitted to CCS',NULL,132,'Mathanraj-Institutional admin SLTB',2,'Submitted to CCS',NULL,23,'',NULL),('-','2021-01-19 09:35:48','-','2021-01-19 09:35:48',0,745,'',1,'Need to Assign ',NULL,55,'CCS supper admin climatesec@gmail.com',1,'Need to Assign ',NULL,NULL,'',42),('-','2021-01-19 09:41:57','-','2021-01-19 09:41:57',0,746,'',1,'Pending Data Entry',NULL,132,'Mathanraj-Institutional admin SLTB',3,'Pending Data Entry',NULL,NULL,'',42),('-','2021-01-19 09:43:58','-','2021-01-19 09:43:58',0,747,'',1,'Need to Review',NULL,133,'Mathan Sathya',6,'Need to Review',NULL,NULL,'',42),('-','2021-01-23 08:06:50','-','2021-01-23 08:06:50',0,750,'',1,'Too many stops, Data Entry Unit : Mn.ltr,\n             Data Entry Value : 8,\n             Multiplication Factor : 1.000000\n             Requested Unit : Mn.ltr, \n             Requested Value : 8',157,131,'Mala Dasanayake',6,'Need to Review',106,NULL,'',NULL),('-','2021-01-23 08:15:26','-','2021-01-23 08:15:26',0,751,'',1,'I don\'t agree with the given reason',157,130,'Asith Kaushalya',4,'Rejected and Reassigned ',106,NULL,'',NULL),('-','2021-01-23 13:53:59','-','2021-01-23 13:53:59',0,752,'',1,'Data Entry Unit : ltr,\n             Data Entry Value : 7000000,\n             Multiplication Factor : 1000000.000000\n             Requested Unit : Mn.ltr, \n             Requested Value : 7000000000000',157,131,'Mala Dasanayake',6,'Need to Review',106,NULL,'',NULL),('-','2021-01-24 07:30:05','-','2021-01-24 07:30:05',0,755,'',1,'Published',147,117,'Indike Dassanayake',7,'Published',106,NULL,'',NULL),('-','2021-01-24 07:31:41','-','2021-01-24 07:31:41',0,756,'',1,'Need to Assign ',162,117,'Indike Dassanayake',1,'Need to Assign ',106,NULL,'',NULL),('-','2021-01-24 07:34:02','-','2021-01-24 07:34:02',0,757,'',1,'Pending Data Entry',162,130,'Asith Kaushalya',3,'Pending Data Entry',106,NULL,'',NULL),('-','2021-01-24 07:37:42','-','2021-01-24 07:37:42',0,758,'',1,'Data Entry Unit : ltr,\n             Data Entry Value : 200000,\n             Multiplication Factor : 1000000.000000\n             Requested Unit : Mn.ltr, \n             Requested Value : 200000000000',162,131,'Mala Dasanayake',6,'Need to Review',106,NULL,'',NULL),('-','2021-01-24 12:03:28','-','2021-01-24 12:03:28',0,760,'',1,'Unrealistic values. Please re-submit',162,130,'Asith Kaushalya',4,'Rejected and Reassigned ',106,NULL,'',NULL),('-','2021-01-24 12:03:28','-','2021-01-24 12:03:28',0,762,'',1,'Unrealistic values. Please re-submit',157,130,'Asith Kaushalya',4,'Rejected and Reassigned ',106,NULL,'',NULL),('-','2021-01-24 12:06:19','-','2021-01-24 12:06:19',0,763,'',1,'Data Entry Unit : m3,\n             Data Entry Value : 5000,\n             Multiplication Factor : 1000.000000\n             Requested Unit : Mn.ltr, \n             Requested Value : 5',157,131,'Mala Dasanayake',6,'Need to Review',106,NULL,'',NULL),('-','2021-01-24 12:06:19','-','2021-01-24 12:06:19',0,764,'',1,'Data Entry Unit : ltr,\n             Data Entry Value : 6000000,\n             Multiplication Factor : 1000000.000000\n             Requested Unit : Mn.ltr, \n             Requested Value : 6',162,131,'Mala Dasanayake',6,'Need to Review',106,NULL,'',NULL),('-','2021-01-29 10:24:39','-','2021-01-29 10:24:39',0,775,'',1,'Need to Assign ',NULL,55,'CCS supper admin climatesec@gmail.com',1,'Need to Assign ',NULL,NULL,'',44),('-','2021-01-29 10:24:39','-','2021-01-29 10:24:39',0,776,'',1,'Need to Assign ',NULL,55,'CCS supper admin climatesec@gmail.com',1,'Need to Assign ',NULL,NULL,'',45),('-','2021-01-29 10:24:39','-','2021-01-29 10:24:39',0,777,'',1,'Need to Assign ',NULL,55,'CCS supper admin climatesec@gmail.com',1,'Need to Assign ',NULL,NULL,'',46),('-','2021-01-29 10:24:39','-','2021-01-29 10:24:39',0,778,'',1,'Need to Assign ',NULL,55,'CCS supper admin climatesec@gmail.com',1,'Need to Assign ',NULL,NULL,'',47),('-','2021-01-29 10:24:39','-','2021-01-29 10:24:39',0,779,'',1,'Need to Assign ',NULL,55,'CCS supper admin climatesec@gmail.com',1,'Need to Assign ',NULL,NULL,'',48),('-','2021-01-29 10:24:39','-','2021-01-29 10:24:39',0,780,'',1,'Need to Assign ',NULL,55,'CCS supper admin climatesec@gmail.com',1,'Need to Assign ',NULL,NULL,'',49),('-','2021-01-29 10:25:32','-','2021-01-29 10:25:32',0,781,'',1,'Pending Data Entry',NULL,132,'Mathanraj-Institutional admin SLTB',3,'Pending Data Entry',NULL,NULL,'',49),('-','2021-01-29 10:26:50','-','2021-01-29 10:26:50',0,782,'',1,'Need to Review',NULL,133,'Mathan Sathya',6,'Need to Review',NULL,NULL,'',49),('-','2021-01-29 10:29:17','-','2021-01-29 10:29:17',0,783,'',1,'Submitted to CCS',NULL,132,'Mathanraj-Institutional admin SLTB',2,'Submitted to CCS',NULL,NULL,'',42),('-','2021-01-29 10:45:06','-','2021-01-29 10:45:06',0,784,'',1,'Published',NULL,55,'CCS supper admin climatesec@gmail.com',7,'Published',NULL,NULL,'',42),('-','2021-01-31 10:27:43','-','2021-01-31 10:27:43',0,785,'',1,'Need to Assign ',NULL,55,'CCS supper admin climatesec@gmail.com',1,'Need to Assign ',NULL,25,'',NULL),('-','2021-01-31 10:54:36','-','2021-01-31 10:54:36',0,786,'',1,'Pending Data Entry',NULL,132,'Mathanraj-Institutional admin SLTB',3,'Pending Data Entry',NULL,25,'',NULL),('-','2021-01-31 11:58:08','-','2021-01-31 11:58:08',0,787,'',1,'Need to Review',NULL,133,'Mathan Sathya',6,'Need to Review',NULL,25,'',NULL),('-','2021-01-31 12:27:32','-','2021-01-31 12:27:32',0,788,'',1,'Submitted to CCS',NULL,132,'Mathanraj-Institutional admin SLTB',2,'Submitted to CCS',NULL,25,'',NULL),('-','2021-01-31 17:11:26','-','2021-01-31 17:11:26',0,789,'',1,'Need to Assign ',NULL,55,'CCS supper admin climatesec@gmail.com',1,'Need to Assign ',NULL,NULL,'',50),('-','2021-01-31 17:11:27','-','2021-01-31 17:11:27',0,790,'',1,'Need to Assign ',NULL,55,'CCS supper admin climatesec@gmail.com',1,'Need to Assign ',NULL,NULL,'',51),('-','2021-01-31 17:16:19','-','2021-01-31 17:16:19',0,791,'',1,'Pending Data Entry',NULL,132,'Mathanraj-Institutional admin SLTB',3,'Pending Data Entry',NULL,NULL,'',51),('-','2021-01-31 17:26:15','-','2021-01-31 17:26:15',0,792,'',1,'Need to Review',NULL,133,'Mathan Sathya',6,'Need to Review',NULL,NULL,'',51),('-','2021-01-31 17:33:44','-','2021-01-31 17:33:44',0,793,'',1,'Submitted to CCS',NULL,132,'Mathanraj-Institutional admin SLTB',2,'Submitted to CCS',NULL,NULL,'',51),('-','2021-01-31 17:39:57','-','2021-01-31 17:39:57',0,794,'',1,'Published',NULL,55,'CCS supper admin climatesec@gmail.com',7,'Published',NULL,NULL,'',51),('-','2021-01-31 19:36:41','-','2021-01-31 19:36:41',0,795,'',1,'Need to Assign ',165,55,'CCS supper admin climatesec@gmail.com',1,'Need to Assign ',183,NULL,'',NULL),('-','2021-01-31 19:41:58','-','2021-01-31 19:41:58',0,796,'',1,'Pending Data Entry',165,132,'Mathanraj-Institutional admin SLTB',3,'Pending Data Entry',183,NULL,'',NULL),('-','2021-02-01 14:29:52','-','2021-02-01 14:29:52',0,807,'',1,'Need to Assign ',171,110,'Pavithra Disanayake',1,'Need to Assign ',106,NULL,'',NULL),('-','2021-02-01 14:29:52','-','2021-02-01 14:29:52',0,808,'',1,'Need to Assign ',172,110,'Pavithra Disanayake',1,'Need to Assign ',107,NULL,'',NULL),('-','2021-02-01 14:32:16','-','2021-02-01 14:32:16',0,809,'',1,'Data Entry Unit : m3,\n             Data Entry Value : 19000,\n             Multiplication Factor : 1000.000000\n             Requested Unit : Mn.ltr, \n             Requested Value : 19',171,113,'Saman Herath',6,'Need to Review',106,NULL,'',NULL),('-','2021-02-03 19:29:38','-','2021-02-03 19:29:38',0,814,'',1,'Need to Assign ',NULL,110,'Pavithra Disanayake',1,'Need to Assign ',NULL,27,'',NULL),('-','2021-02-03 19:29:38','-','2021-02-03 19:29:38',0,815,'',1,'Need to Assign ',NULL,110,'Pavithra Disanayake',1,'Need to Assign ',NULL,28,'',NULL),('-','2021-02-03 19:37:13','-','2021-02-03 19:37:13',0,819,'',1,'This project is yet to be started . Therefore no updates can be given',NULL,113,'Saman Herath',9,'Rejected from the AI',NULL,27,'',NULL),('-','2021-02-03 20:02:11','-','2021-02-03 20:02:11',0,820,'',1,'Need to Assign ',NULL,110,'Pavithra Disanayake',1,'Need to Assign ',NULL,NULL,'',55),('-','2021-02-03 20:02:11','-','2021-02-03 20:02:11',0,821,'',1,'Need to Assign ',NULL,110,'Pavithra Disanayake',1,'Need to Assign ',NULL,NULL,'',56),('-','2021-02-03 20:02:45','-','2021-02-03 20:02:45',0,822,'',1,'Not applicable time duration',NULL,110,'Pavithra Disanayake',8,'Cancelled',NULL,NULL,'',55),('-','2021-02-03 20:05:14','-','2021-02-03 20:05:14',0,823,'',1,'Need to Assign ',NULL,110,'Pavithra Disanayake',1,'Need to Assign ',NULL,29,'',NULL),('-','2021-02-03 20:05:48','-','2021-02-03 20:05:48',0,824,'',1,'Requested for a wrong time period ',NULL,110,'Pavithra Disanayake',8,'Cancelled',NULL,29,'',NULL),('-','2021-02-08 09:38:57','-','2021-02-08 09:38:57',0,825,'',1,'Not yet implemented ',NULL,113,'Saman Herath',9,'Rejected from the AI',NULL,28,'',NULL),('-','2021-02-09 06:39:25','-','2021-02-09 06:39:25',0,826,'',1,'Pending Data Entry',172,113,'Saman Herath',3,'Pending Data Entry',107,NULL,'',NULL),('-','2021-02-09 06:44:03','-','2021-02-09 06:44:03',0,828,'',1,'Value exceeds the usual value',153,110,'Pavithra Disanayake',5,'Rejected by  CCS',108,NULL,'',NULL),('-','2021-02-09 13:58:23','-','2021-02-09 13:58:23',0,829,'',1,'Need to Assign ',NULL,110,'Pavithra Disanayake',1,'Need to Assign ',NULL,30,'',NULL),('-','2021-02-09 13:58:23','-','2021-02-09 13:58:23',0,830,'',1,'Need to Assign ',NULL,110,'Pavithra Disanayake',1,'Need to Assign ',NULL,31,'',NULL),('-','2021-02-09 14:39:10','-','2021-02-09 14:39:10',0,833,'',1,'Need to Assign ',NULL,110,'Pavithra Disanayake',1,'Need to Assign ',NULL,NULL,'',58),('-','2021-02-09 14:39:10','-','2021-02-09 14:39:10',0,834,'',1,'Need to Assign ',NULL,110,'Pavithra Disanayake',1,'Need to Assign ',NULL,NULL,'',59),('-','2021-02-09 14:39:10','-','2021-02-09 14:39:10',0,835,'',1,'Need to Assign ',NULL,110,'Pavithra Disanayake',1,'Need to Assign ',NULL,NULL,'',60),('-','2021-02-09 14:39:10','-','2021-02-09 14:39:10',0,836,'',1,'Need to Assign ',NULL,110,'Pavithra Disanayake',1,'Need to Assign ',NULL,NULL,'',61),('-','2021-02-09 17:55:33','-','2021-02-09 17:55:33',0,838,'',1,'Need to Review',NULL,113,'Saman Herath',6,'Need to Review',NULL,30,'',NULL),('-','2021-02-10 17:31:51','-','2021-02-10 17:31:51',0,848,'',1,'Need to Assign ',NULL,55,'CCS supper admin climatesec@gmail.com',1,'Need to Assign ',NULL,33,'',NULL),('-','2021-02-10 17:33:44','-','2021-02-10 17:33:44',0,849,'',1,'Pending Data Entry',NULL,132,'Mathanraj-Institutional admin SLTB',3,'Pending Data Entry',NULL,33,'',NULL),('-','2021-02-10 17:35:52','-','2021-02-10 17:35:52',0,850,'',1,'Need to Review',NULL,133,'Mathan Sathya',6,'Need to Review',NULL,33,'',NULL),('-','2021-02-10 17:58:59','-','2021-02-10 17:58:59',0,851,'',1,'This is not a correct value',NULL,132,'Mathanraj-Institutional admin SLTB',4,'Rejected and Reassigned ',NULL,33,'',NULL),('-','2021-02-10 18:00:48','-','2021-02-10 18:00:48',0,852,'',1,'Need to Review',NULL,133,'Mathan Sathya',6,'Need to Review',NULL,33,'',NULL),('-','2021-02-10 18:01:51','-','2021-02-10 18:01:51',0,853,'',1,'Half done',NULL,132,'Mathanraj-Institutional admin SLTB',4,'Rejected and Reassigned ',NULL,33,'',NULL),('-','2021-02-10 18:02:39','-','2021-02-10 18:02:39',0,854,'',1,'Need to Review',NULL,133,'Mathan Sathya',6,'Need to Review',NULL,33,'',NULL),('-','2021-02-10 18:03:57','-','2021-02-10 18:03:57',0,855,'',1,'Submitted to CCS',NULL,132,'Mathanraj-Institutional admin SLTB',2,'Submitted to CCS',NULL,33,'',NULL),('-','2021-02-11 03:00:40','-','2021-02-11 03:00:40',0,856,'',1,'Need to Assign ',NULL,55,'CCS supper admin climatesec@gmail.com',1,'Need to Assign ',NULL,NULL,'',63),('-','2021-02-11 03:00:40','-','2021-02-11 03:00:40',0,857,'',1,'Need to Assign ',NULL,55,'CCS supper admin climatesec@gmail.com',1,'Need to Assign ',NULL,NULL,'',64),('-','2021-02-14 15:36:28','-','2021-02-14 15:36:28',0,906,'',1,'Published',159,55,'CCS supper admin climatesec@gmail.com',7,'Published',107,NULL,'',NULL),('-','2021-03-09 06:01:29','-','2021-03-09 06:01:29',0,1267,'',1,'Need to Assign ',NULL,55,'CCS supper admin climatesec@gmail.com',1,'Need to Assign ',NULL,NULL,'',67),('-','2021-03-09 06:56:50','-','2021-03-09 06:56:50',0,1268,'',1,'Pending Data Entry',NULL,368,'Mathan-Institutional admin Sathya-Ins',3,'Pending Data Entry',NULL,NULL,'',67),('-','2021-03-09 07:26:34','-','2021-03-09 07:26:34',0,1269,'',1,'Submitted to CCS',NULL,368,'Mathan-Institutional admin Sathya-Ins',2,'Submitted to CCS',NULL,NULL,'',49),('-','2021-03-09 07:29:30','-','2021-03-09 07:29:30',0,1270,'',1,'Need to Review',NULL,368,'Mathan-Institutional admin Sathya-Ins',6,'Need to Review',NULL,NULL,'',67),('-','2021-03-09 07:29:44','-','2021-03-09 07:29:44',0,1271,'',1,'Submitted to CCS',NULL,368,'Mathan-Institutional admin Sathya-Ins',2,'Submitted to CCS',NULL,NULL,'',67),('-','2021-03-09 07:32:14','-','2021-03-09 07:32:14',0,1272,'',1,'Published',NULL,55,'CCS supper admin climatesec@gmail.com',7,'Published',NULL,NULL,'',67),('-','2021-10-02 13:12:56','-','2021-10-02 13:12:56',0,1499,'',1,'Need to Assign ',430,55,'CCS supper admin climatesec@gmail.com',1,'Need to Assign ',116,NULL,'',NULL),('-','2021-10-02 13:12:57','-','2021-10-02 13:12:57',0,1500,'',1,'Need to Assign ',431,55,'CCS supper admin climatesec@gmail.com',1,'Need to Assign ',166,NULL,'',NULL),('-','2022-03-28 16:50:46','-','2022-03-28 16:50:46',0,1552,'',1,'Need to Assign ',445,487,'Shyamika Shiwanthi',1,'Need to Assign ',509,NULL,'',NULL),('-','2022-04-01 08:01:15','-','2022-04-01 08:01:15',0,1567,'',1,'Data Entry Unit : no.,\n             Data Entry Value : 10000,\n             Multiplication Factor : 1.000000\n             Requested Unit : no., \n             Requested Value : 10000',141,476,'Dammika Wijesinghe',6,'Need to Review',114,NULL,'',NULL),('-','2022-04-02 02:20:48','-','2022-04-02 02:20:48',0,1579,'',1,'Need to Assign ',NULL,55,'CCS supper admin climatesec@gmail.com',1,'Need to Assign ',NULL,NULL,'',94),('-','2022-04-02 02:20:49','-','2022-04-02 02:20:49',0,1580,'',1,'Need to Assign ',NULL,55,'CCS supper admin climatesec@gmail.com',1,'Need to Assign ',NULL,NULL,'',95),('-','2022-04-02 02:25:55','-','2022-04-02 02:25:55',0,1581,'',1,'Need to Review',NULL,520,'Health  Admin',6,'Need to Review',NULL,NULL,'',94),('-','2022-09-15 11:56:43','-','2022-09-15 11:56:43',0,1888,'',1,'Need to Assign ',NULL,526,'Yuresha  Perera',1,'Need to Assign ',NULL,NULL,'',118),('-','2022-09-15 12:00:37','-','2022-09-15 12:00:37',0,1889,'',1,'Need to Assign ',NULL,526,'Yuresha  Perera',1,'Need to Assign ',NULL,NULL,'',119),('-','2022-09-15 12:00:37','-','2022-09-15 12:00:37',0,1890,'',1,'Need to Assign ',NULL,526,'Yuresha  Perera',1,'Need to Assign ',NULL,NULL,'',120),('-','2022-09-15 12:00:37','-','2022-09-15 12:00:37',0,1891,'',1,'Need to Assign ',NULL,526,'Yuresha  Perera',1,'Need to Assign ',NULL,NULL,'',121),('-','2022-09-15 12:00:37','-','2022-09-15 12:00:37',0,1892,'',1,'Need to Assign ',NULL,526,'Yuresha  Perera',1,'Need to Assign ',NULL,NULL,'',122),('-','2023-02-23 12:46:13','-','2023-02-23 12:46:13',0,2244,'',1,'Need to Assign ',631,55,'CCS supper admin climatesec@gmail.com',1,'Need to Assign ',2587,NULL,'',NULL),('-','2023-02-23 12:46:13','-','2023-02-23 12:46:13',0,2245,'',1,'Need to Assign ',632,55,'CCS supper admin climatesec@gmail.com',1,'Need to Assign ',2587,NULL,'',NULL),('-','2023-04-18 05:45:07','-','2023-04-18 05:45:07',0,2246,'',1,'Need to Assign ',633,592,'Methmali Rajaguruu',1,'Need to Assign ',1636,NULL,'',NULL),('-','2023-04-18 05:45:08','-','2023-04-18 05:45:08',0,2247,'',1,'Need to Assign ',634,592,'Methmali Rajaguruu',1,'Need to Assign ',1717,NULL,'',NULL),('-','2023-04-18 05:45:08','-','2023-04-18 05:45:08',0,2248,'',1,'Need to Assign ',636,592,'Methmali Rajaguruu',1,'Need to Assign ',1718,NULL,'',NULL),('-','2023-04-18 05:45:08','-','2023-04-18 05:45:08',0,2249,'',1,'Need to Assign ',635,592,'Methmali Rajaguruu',1,'Need to Assign ',1719,NULL,'',NULL),('-','2023-04-18 05:45:08','-','2023-04-18 05:45:08',0,2250,'',1,'Need to Assign ',637,592,'Methmali Rajaguruu',1,'Need to Assign ',1721,NULL,'',NULL),('-','2023-04-18 05:45:10','-','2023-04-18 05:45:10',0,2251,'',1,'Need to Assign ',641,592,'Methmali Rajaguruu',1,'Need to Assign ',2184,NULL,'',NULL),('-','2023-04-18 05:45:10','-','2023-04-18 05:45:10',0,2252,'',1,'Need to Assign ',638,592,'Methmali Rajaguruu',1,'Need to Assign ',1715,NULL,'',NULL),('-','2023-04-18 05:45:10','-','2023-04-18 05:45:10',0,2253,'',1,'Need to Assign ',640,592,'Methmali Rajaguruu',1,'Need to Assign ',1727,NULL,'',NULL),('-','2023-04-18 05:45:10','-','2023-04-18 05:45:10',0,2254,'',1,'Need to Assign ',639,592,'Methmali Rajaguruu',1,'Need to Assign ',1741,NULL,'',NULL),('-','2023-04-18 05:45:10','-','2023-04-18 05:45:10',0,2255,'',1,'Need to Assign ',642,592,'Methmali Rajaguruu',1,'Need to Assign ',2185,NULL,'',NULL),('-','2023-04-18 06:07:15','-','2023-04-18 06:07:15',0,2256,'',1,'Need to Assign ',643,592,'Methmali Rajaguruu',1,'Need to Assign ',2186,NULL,'',NULL),('-','2023-04-18 06:07:15','-','2023-04-18 06:07:15',0,2257,'',1,'Need to Assign ',644,592,'Methmali Rajaguruu',1,'Need to Assign ',2187,NULL,'',NULL);
/*!40000 ALTER TABLE `data_request_status_history` ENABLE KEYS */;
UNLOCK TABLES;

--
-- Table structure for table `data_usage_category`
--

DROP TABLE IF EXISTS `data_usage_category`;
/*!40101 SET @saved_cs_client     = @@character_set_client */;
/*!50503 SET character_set_client = utf8mb4 */;
CREATE TABLE `data_usage_category` (
  `createdBy` varchar(255) NOT NULL,
  `createdOn` datetime NOT NULL,
  `editedBy` varchar(255) NOT NULL,
  `editedOn` datetime NOT NULL,
  `status` int NOT NULL,
  `id` int NOT NULL AUTO_INCREMENT,
  `name` varchar(255) NOT NULL,
  `description` varchar(2500) NOT NULL,
  `sortOrder` int NOT NULL,
  PRIMARY KEY (`id`)
) ENGINE=InnoDB AUTO_INCREMENT=6 DEFAULT CHARSET=utf8mb4 COLLATE=utf8mb4_0900_ai_ci;
/*!40101 SET character_set_client = @saved_cs_client */;

--
-- Dumping data for table `data_usage_category`
--

LOCK TABLES `data_usage_category` WRITE;
/*!40000 ALTER TABLE `data_usage_category` DISABLE KEYS */;
INSERT INTO `data_usage_category` VALUES (' ','2020-12-01 23:22:26',' ','2020-12-01 23:22:26',0,1,'Researchers',' ',0),(' ','2020-12-01 23:22:26',' ','2020-12-01 23:22:26',0,2,'Students ',' ',0),(' ','2020-12-01 23:22:26',' ','2020-12-01 23:22:26',0,3,'Actuarial analysts',' ',0),(' ','2020-12-01 23:22:26',' ','2020-12-01 23:22:26',0,4,'Government Agencies',' ',0),(' ','2020-12-01 23:22:26',' ','2020-12-01 23:22:26',0,5,'International Agencies ',' ',0);
/*!40000 ALTER TABLE `data_usage_category` ENABLE KEYS */;
UNLOCK TABLES;

--
-- Table structure for table `deadline`
--

DROP TABLE IF EXISTS `deadline`;
/*!40101 SET @saved_cs_client     = @@character_set_client */;
/*!50503 SET character_set_client = utf8mb4 */;
CREATE TABLE `deadline` (
  `createdBy` varchar(255) NOT NULL,
  `createdOn` datetime NOT NULL,
  `editedBy` varchar(255) NOT NULL,
  `editedOn` datetime NOT NULL,
  `status` int NOT NULL,
  `id` int NOT NULL AUTO_INCREMENT,
  `name` varchar(255) NOT NULL,
  `description` varchar(2500) NOT NULL,
  `sortOrder` int NOT NULL,
  `addAmount` int NOT NULL,
  `addType` varchar(255) NOT NULL,
  `notifyBefore` int NOT NULL,
  `numberOfDays` int NOT NULL DEFAULT '0',
  PRIMARY KEY (`id`)
) ENGINE=InnoDB AUTO_INCREMENT=6 DEFAULT CHARSET=utf8mb4 COLLATE=utf8mb4_0900_ai_ci;
/*!40101 SET character_set_client = @saved_cs_client */;

--
-- Dumping data for table `deadline`
--

LOCK TABLES `deadline` WRITE;
/*!40000 ALTER TABLE `deadline` DISABLE KEYS */;
INSERT INTO `deadline` VALUES (' ','2020-11-15 00:00:00',' ','2020-11-15 00:00:00',1,1,'31st Jan','31st Jan',1,1,'M',5,30),(' ','2020-11-15 00:00:00',' ','2020-11-15 00:00:00',1,2,'31st Aug /31st Jan','31st Aug /31st Jan',1,1,'Q',0,30),(' ','2020-11-15 00:00:00',' ','2020-11-15 00:00:00',1,3,'7th Day','7th Day',1,1,'M',0,7),(' ','2020-11-15 00:00:00',' ','2020-11-15 00:00:00',1,4,'1st day of the week','1st day of the week',1,1,'d',0,1),(' ','2020-11-15 00:00:00',' ','2020-11-15 00:00:00',1,5,'Same day','Same day',1,0,'d',0,0);
/*!40000 ALTER TABLE `deadline` ENABLE KEYS */;
UNLOCK TABLES;

--
-- Table structure for table `district`
--

DROP TABLE IF EXISTS `district`;
/*!40101 SET @saved_cs_client     = @@character_set_client */;
/*!50503 SET character_set_client = utf8mb4 */;
CREATE TABLE `district` (
  `createdBy` varchar(255) NOT NULL,
  `createdOn` datetime NOT NULL,
  `editedBy` varchar(255) NOT NULL,
  `editedOn` datetime NOT NULL,
  `status` int NOT NULL,
  `id` int NOT NULL AUTO_INCREMENT,
  `name` varchar(255) NOT NULL,
  `sortOrder` int NOT NULL,
  `provinceId` int DEFAULT NULL,
  `description` varchar(2500) NOT NULL,
  PRIMARY KEY (`id`),
  KEY `FK_23a21b38208367a242b1dd3a424` (`provinceId`),
  CONSTRAINT `FK_23a21b38208367a242b1dd3a424` FOREIGN KEY (`provinceId`) REFERENCES `province` (`id`)
) ENGINE=InnoDB AUTO_INCREMENT=26 DEFAULT CHARSET=utf8mb4 COLLATE=utf8mb4_0900_ai_ci;
/*!40101 SET character_set_client = @saved_cs_client */;

--
-- Dumping data for table `district`
--

LOCK TABLES `district` WRITE;
/*!40000 ALTER TABLE `district` DISABLE KEYS */;
INSERT INTO `district` VALUES ('','0000-00-00 00:00:00','','0000-00-00 00:00:00',0,1,'Kandy',1,1,''),('','0000-00-00 00:00:00','','0000-00-00 00:00:00',0,2,'Matale',2,1,''),('','0000-00-00 00:00:00','','0000-00-00 00:00:00',0,3,'Nuwara Eliya',3,1,''),('','0000-00-00 00:00:00','','0000-00-00 00:00:00',0,4,'Ampara',4,2,''),('','0000-00-00 00:00:00','','0000-00-00 00:00:00',0,5,'Batticaloa',5,2,''),('','0000-00-00 00:00:00','','0000-00-00 00:00:00',0,6,'Trincomalee',6,2,''),('','0000-00-00 00:00:00','','0000-00-00 00:00:00',0,7,'Anuradhapura',7,3,''),('','0000-00-00 00:00:00','','0000-00-00 00:00:00',0,8,'Polonnaruwa',8,3,''),('','0000-00-00 00:00:00','','0000-00-00 00:00:00',0,9,'Kurunegala',9,5,''),('','0000-00-00 00:00:00','','0000-00-00 00:00:00',0,10,'Puttalam',10,5,''),('','0000-00-00 00:00:00','','0000-00-00 00:00:00',0,11,'Jaffna',11,4,''),('','0000-00-00 00:00:00','','0000-00-00 00:00:00',0,12,'Kilinochchi',12,4,''),('','0000-00-00 00:00:00','','0000-00-00 00:00:00',0,13,'Mannar',13,4,''),('','0000-00-00 00:00:00','','0000-00-00 00:00:00',0,14,'Mullaitivu',14,4,''),('','0000-00-00 00:00:00','','0000-00-00 00:00:00',0,15,'Vavuniya',15,4,''),('','0000-00-00 00:00:00','','0000-00-00 00:00:00',0,16,'Kegalle',16,6,''),('','0000-00-00 00:00:00','','0000-00-00 00:00:00',0,17,'Ratnapura',17,6,''),('','0000-00-00 00:00:00','','0000-00-00 00:00:00',0,18,'Galle',18,7,''),('','0000-00-00 00:00:00','','0000-00-00 00:00:00',0,19,'Hambantota',19,7,''),('','0000-00-00 00:00:00','','0000-00-00 00:00:00',0,20,'Matara',20,7,''),('','0000-00-00 00:00:00','','0000-00-00 00:00:00',0,21,'Badulla',21,8,''),('','0000-00-00 00:00:00','','0000-00-00 00:00:00',0,22,'Moneragala',22,8,''),('','0000-00-00 00:00:00','','0000-00-00 00:00:00',0,23,'Colombo',23,9,''),('','0000-00-00 00:00:00','','0000-00-00 00:00:00',0,24,'Gampaha',24,9,''),('','0000-00-00 00:00:00','','0000-00-00 00:00:00',0,25,'Kalutara',25,9,'');
/*!40000 ALTER TABLE `district` ENABLE KEYS */;
UNLOCK TABLES;

--
-- Table structure for table `divisional_secretariat`
--

DROP TABLE IF EXISTS `divisional_secretariat`;
/*!40101 SET @saved_cs_client     = @@character_set_client */;
/*!50503 SET character_set_client = utf8mb4 */;
CREATE TABLE `divisional_secretariat` (
  `createdBy` varchar(255) NOT NULL,
  `createdOn` datetime NOT NULL,
  `editedBy` varchar(255) NOT NULL,
  `editedOn` datetime NOT NULL,
  `status` int NOT NULL,
  `id` int NOT NULL AUTO_INCREMENT,
  `name` varchar(255) NOT NULL,
  `sortOrder` int NOT NULL,
  `districtId` int DEFAULT NULL,
  `description` varchar(2500) NOT NULL,
  PRIMARY KEY (`id`),
  KEY `FK_53eddeff72614190997c534eefe` (`districtId`),
  CONSTRAINT `FK_53eddeff72614190997c534eefe` FOREIGN KEY (`districtId`) REFERENCES `district` (`id`)
) ENGINE=InnoDB AUTO_INCREMENT=333 DEFAULT CHARSET=utf8mb4 COLLATE=utf8mb4_0900_ai_ci;
/*!40101 SET character_set_client = @saved_cs_client */;

--
-- Dumping data for table `divisional_secretariat`
--

LOCK TABLES `divisional_secretariat` WRITE;
/*!40000 ALTER TABLE `divisional_secretariat` DISABLE KEYS */;
INSERT INTO `divisional_secretariat` VALUES ('admin','2020-11-01 00:00:00','admin','2020-11-01 00:00:00',0,1,'Sammanthurai',1,4,''),('admin','2020-11-01 00:00:00','admin','2020-11-01 00:00:00',0,2,'Addalaichenai',1,4,''),('admin','2020-11-01 00:00:00','admin','2020-11-01 00:00:00',0,3,'Nintavur',1,4,''),('admin','2020-11-01 00:00:00','admin','2020-11-01 00:00:00',0,4,'Damana',1,4,''),('admin','2020-11-01 00:00:00','admin','2020-11-01 00:00:00',0,5,'Alaiyadivembu',1,4,''),('admin','2020-11-01 00:00:00','admin','2020-11-01 00:00:00',0,6,'Lahugala',1,4,''),('admin','2020-11-01 00:00:00','admin','2020-11-01 00:00:00',0,7,'Irakkamam',1,4,''),('admin','2020-11-01 00:00:00','admin','2020-11-01 00:00:00',0,8,'Saindamarudu',1,4,''),('admin','2020-11-01 00:00:00','admin','2020-11-01 00:00:00',0,9,'Padiyathalawa',1,4,''),('admin','2020-11-01 00:00:00','admin','2020-11-01 00:00:00',0,10,'Karaitivu',1,4,''),('admin','2020-11-01 00:00:00','admin','2020-11-01 00:00:00',0,11,'Kalmunai',1,4,''),('admin','2020-11-01 00:00:00','admin','2020-11-01 00:00:00',0,12,'Dehiaththa',1,4,''),('admin','2020-11-01 00:00:00','admin','2020-11-01 00:00:00',0,13,'Akkaraipattu',1,4,''),('admin','2020-11-01 00:00:00','admin','2020-11-01 00:00:00',0,14,'Navithanveli',1,4,''),('admin','2020-11-01 00:00:00','admin','2020-11-01 00:00:00',0,15,'Uhana',1,4,''),('admin','2020-11-01 00:00:00','admin','2020-11-01 00:00:00',0,16,'Mahaoya',1,4,''),('admin','2020-11-01 00:00:00','admin','2020-11-01 00:00:00',0,17,'Ampara',1,4,''),('admin','2020-11-01 00:00:00','admin','2020-11-01 00:00:00',0,18,'Kalmunai',1,4,''),('admin','2020-11-01 00:00:00','admin','2020-11-01 00:00:00',0,19,'Pothuwil',1,4,''),('admin','2020-11-01 00:00:00','admin','2020-11-01 00:00:00',0,20,'Thirukkowil',1,4,''),('admin','2020-11-01 00:00:00','admin','2020-11-01 00:00:00',0,21,'Rambewa',1,7,''),('admin','2020-11-01 00:00:00','admin','2020-11-01 00:00:00',0,22,'Galenbindunuwewa',1,7,''),('admin','2020-11-01 00:00:00','admin','2020-11-01 00:00:00',0,23,'Nuwaragam',1,7,''),('admin','2020-11-01 00:00:00','admin','2020-11-01 00:00:00',0,24,'Nochchiyagama',1,7,''),('admin','2020-11-01 00:00:00','admin','2020-11-01 00:00:00',0,25,'Horowpothana',1,7,''),('admin','2020-11-01 00:00:00','admin','2020-11-01 00:00:00',0,26,'Rajanganaya',1,7,''),('admin','2020-11-01 00:00:00','admin','2020-11-01 00:00:00',0,27,'Nuwaragam',1,7,''),('admin','2020-11-01 00:00:00','admin','2020-11-01 00:00:00',0,28,'Nachchaduwa',1,7,''),('admin','2020-11-01 00:00:00','admin','2020-11-01 00:00:00',0,29,'Thambutthegama',1,7,''),('admin','2020-11-01 00:00:00','admin','2020-11-01 00:00:00',0,30,'Kekirawa',1,7,''),('admin','2020-11-01 00:00:00','admin','2020-11-01 00:00:00',0,31,'Medawachchiya',1,7,''),('admin','2020-11-01 00:00:00','admin','2020-11-01 00:00:00',0,32,'Mahawilachchiya',1,7,''),('admin','2020-11-01 00:00:00','admin','2020-11-01 00:00:00',0,33,'Mihinthale',1,7,''),('admin','2020-11-01 00:00:00','admin','2020-11-01 00:00:00',0,34,'Ipalogama',1,7,''),('admin','2020-11-01 00:00:00','admin','2020-11-01 00:00:00',0,35,'Thirappane',1,7,''),('admin','2020-11-01 00:00:00','admin','2020-11-01 00:00:00',0,36,'Kahatagasdigiliya',1,7,''),('admin','2020-11-01 00:00:00','admin','2020-11-01 00:00:00',0,37,'Thalawa',1,7,''),('admin','2020-11-01 00:00:00','admin','2020-11-01 00:00:00',0,38,'Kebithigollewa',1,7,''),('admin','2020-11-01 00:00:00','admin','2020-11-01 00:00:00',0,39,'Galnewa',1,7,''),('admin','2020-11-01 00:00:00','admin','2020-11-01 00:00:00',0,40,'Padaviya',1,7,''),('admin','2020-11-01 00:00:00','admin','2020-11-01 00:00:00',0,41,'Palagala',1,7,''),('admin','2020-11-01 00:00:00','admin','2020-11-01 00:00:00',0,42,'Palugaswewa',1,7,''),('admin','2020-11-01 00:00:00','admin','2020-11-01 00:00:00',0,43,'Badulla',1,21,''),('admin','2020-11-01 00:00:00','admin','2020-11-01 00:00:00',0,44,'Kandaketiya',1,21,''),('admin','2020-11-01 00:00:00','admin','2020-11-01 00:00:00',0,45,'Bandarawela',1,21,''),('admin','2020-11-01 00:00:00','admin','2020-11-01 00:00:00',0,46,'Haputale',1,21,''),('admin','2020-11-01 00:00:00','admin','2020-11-01 00:00:00',0,47,'Soranathota',1,21,''),('admin','2020-11-01 00:00:00','admin','2020-11-01 00:00:00',0,48,'Meegahakiula',1,21,''),('admin','2020-11-01 00:00:00','admin','2020-11-01 00:00:00',0,49,'Rideemaliyadda',1,21,''),('admin','2020-11-01 00:00:00','admin','2020-11-01 00:00:00',0,50,'Passara',1,21,''),('admin','2020-11-01 00:00:00','admin','2020-11-01 00:00:00',0,51,'Lunugala',1,21,''),('admin','2020-11-01 00:00:00','admin','2020-11-01 00:00:00',0,52,'Ella',1,21,''),('admin','2020-11-01 00:00:00','admin','2020-11-01 00:00:00',0,53,'Welimada',1,21,''),('admin','2020-11-01 00:00:00','admin','2020-11-01 00:00:00',0,54,'Uva',1,21,''),('admin','2020-11-01 00:00:00','admin','2020-11-01 00:00:00',0,55,'Haliela',1,21,''),('admin','2020-11-01 00:00:00','admin','2020-11-01 00:00:00',0,56,'Haldunmulla',1,21,''),('admin','2020-11-01 00:00:00','admin','2020-11-01 00:00:00',0,57,'Mahiyanganaya',1,21,''),('admin','2020-11-01 00:00:00','admin','2020-11-01 00:00:00',0,58,'Manmunai',1,5,''),('admin','2020-11-01 00:00:00','admin','2020-11-01 00:00:00',0,59,'Koralaipattu',1,5,''),('admin','2020-11-01 00:00:00','admin','2020-11-01 00:00:00',0,60,'Koralaipattu',1,5,''),('admin','2020-11-01 00:00:00','admin','2020-11-01 00:00:00',0,61,'Manmunaipattu',1,5,''),('admin','2020-11-01 00:00:00','admin','2020-11-01 00:00:00',0,62,'Eravurpattu',1,5,''),('admin','2020-11-01 00:00:00','admin','2020-11-01 00:00:00',0,63,'Manmunai',1,5,''),('admin','2020-11-01 00:00:00','admin','2020-11-01 00:00:00',0,64,'Manmunai',1,5,''),('admin','2020-11-01 00:00:00','admin','2020-11-01 00:00:00',0,65,'Kaththankudy',1,5,''),('admin','2020-11-01 00:00:00','admin','2020-11-01 00:00:00',0,66,'Manmunai',1,5,''),('admin','2020-11-01 00:00:00','admin','2020-11-01 00:00:00',0,67,'Porativu',1,5,''),('admin','2020-11-01 00:00:00','admin','2020-11-01 00:00:00',0,68,'Koralaipattu',1,5,''),('admin','2020-11-01 00:00:00','admin','2020-11-01 00:00:00',0,69,'Koralaipattu',1,5,''),('admin','2020-11-01 00:00:00','admin','2020-11-01 00:00:00',0,70,'Koralaipattu',1,5,''),('admin','2020-11-01 00:00:00','admin','2020-11-01 00:00:00',0,71,'Eravur',1,5,''),('admin','2020-11-01 00:00:00','admin','2020-11-01 00:00:00',0,72,'Maharagama',1,23,''),('admin','2020-11-01 00:00:00','admin','2020-11-01 00:00:00',0,73,'Thimbirigasyaya',1,23,''),('admin','2020-11-01 00:00:00','admin','2020-11-01 00:00:00',0,74,'Kesbewa',1,23,''),('admin','2020-11-01 00:00:00','admin','2020-11-01 00:00:00',0,75,'Sri',1,23,''),('admin','2020-11-01 00:00:00','admin','2020-11-01 00:00:00',0,76,'Colombo',1,23,''),('admin','2020-11-01 00:00:00','admin','2020-11-01 00:00:00',0,77,'Padukka',1,23,''),('admin','2020-11-01 00:00:00','admin','2020-11-01 00:00:00',0,78,'Ratmalana',1,23,''),('admin','2020-11-01 00:00:00','admin','2020-11-01 00:00:00',0,79,'Homagama',1,23,''),('admin','2020-11-01 00:00:00','admin','2020-11-01 00:00:00',0,80,'Kolonnawa',1,23,''),('admin','2020-11-01 00:00:00','admin','2020-11-01 00:00:00',0,81,'Kaduwela',1,23,''),('admin','2020-11-01 00:00:00','admin','2020-11-01 00:00:00',0,82,'Seethawaka-Hanwella',1,23,''),('admin','2020-11-01 00:00:00','admin','2020-11-01 00:00:00',0,83,'Dehiwala',1,23,''),('admin','2020-11-01 00:00:00','admin','2020-11-01 00:00:00',0,84,'Moratuwa',1,23,''),('admin','2020-11-01 00:00:00','admin','2020-11-01 00:00:00',0,85,'Balapitiya',1,18,''),('admin','2020-11-01 00:00:00','admin','2020-11-01 00:00:00',0,86,'Thawalama',1,18,''),('admin','2020-11-01 00:00:00','admin','2020-11-01 00:00:00',0,87,'Yakkalamulla',1,18,''),('admin','2020-11-01 00:00:00','admin','2020-11-01 00:00:00',0,88,'Akmeemana',1,18,''),('admin','2020-11-01 00:00:00','admin','2020-11-01 00:00:00',0,89,'Elpitiya',1,18,''),('admin','2020-11-01 00:00:00','admin','2020-11-01 00:00:00',0,90,'Ambalangoda',1,18,''),('admin','2020-11-01 00:00:00','admin','2020-11-01 00:00:00',0,91,'Karandeniya',1,18,''),('admin','2020-11-01 00:00:00','admin','2020-11-01 00:00:00',0,92,'Nagoda',1,18,''),('admin','2020-11-01 00:00:00','admin','2020-11-01 00:00:00',0,93,'Galle',1,18,''),('admin','2020-11-01 00:00:00','admin','2020-11-01 00:00:00',0,94,'Bope-Poddala',1,18,''),('admin','2020-11-01 00:00:00','admin','2020-11-01 00:00:00',0,95,'Habaraduwa',1,18,''),('admin','2020-11-01 00:00:00','admin','2020-11-01 00:00:00',0,96,'Baddegama',1,18,''),('admin','2020-11-01 00:00:00','admin','2020-11-01 00:00:00',0,97,'Hikkaduwa',1,18,''),('admin','2020-11-01 00:00:00','admin','2020-11-01 00:00:00',0,98,'Gonapinuwala',1,18,''),('admin','2020-11-01 00:00:00','admin','2020-11-01 00:00:00',0,99,'Valivitiya-Divithura',1,18,''),('admin','2020-11-01 00:00:00','admin','2020-11-01 00:00:00',0,100,'Bentota',1,18,''),('admin','2020-11-01 00:00:00','admin','2020-11-01 00:00:00',0,101,'Niyagama',1,18,''),('admin','2020-11-01 00:00:00','admin','2020-11-01 00:00:00',0,102,'Imaduwa',1,18,''),('admin','2020-11-01 00:00:00','admin','2020-11-01 00:00:00',0,103,'Neluwa',1,18,''),('admin','2020-11-01 00:00:00','admin','2020-11-01 00:00:00',0,104,'Gampaha',1,24,''),('admin','2020-11-01 00:00:00','admin','2020-11-01 00:00:00',0,105,'Attanagalla',1,24,''),('admin','2020-11-01 00:00:00','admin','2020-11-01 00:00:00',0,106,'Biyagama',1,24,''),('admin','2020-11-01 00:00:00','admin','2020-11-01 00:00:00',0,107,'Divulapitiya',1,24,''),('admin','2020-11-01 00:00:00','admin','2020-11-01 00:00:00',0,108,'Negombo',1,24,''),('admin','2020-11-01 00:00:00','admin','2020-11-01 00:00:00',0,109,'Dompe/Weke/Kirindiwala',1,24,''),('admin','2020-11-01 00:00:00','admin','2020-11-01 00:00:00',0,110,'Katana',1,24,''),('admin','2020-11-01 00:00:00','admin','2020-11-01 00:00:00',0,111,'Wattala',1,24,''),('admin','2020-11-01 00:00:00','admin','2020-11-01 00:00:00',0,112,'Kelaniya',1,24,''),('admin','2020-11-01 00:00:00','admin','2020-11-01 00:00:00',0,113,'Ja-Ela',1,24,''),('admin','2020-11-01 00:00:00','admin','2020-11-01 00:00:00',0,114,'Mirigama',1,24,''),('admin','2020-11-01 00:00:00','admin','2020-11-01 00:00:00',0,115,'Minuwangoda',1,24,''),('admin','2020-11-01 00:00:00','admin','2020-11-01 00:00:00',0,116,'Mahara',1,24,''),('admin','2020-11-01 00:00:00','admin','2020-11-01 00:00:00',0,117,'Beliatta',1,19,''),('admin','2020-11-01 00:00:00','admin','2020-11-01 00:00:00',0,118,'Hambantota',1,19,''),('admin','2020-11-01 00:00:00','admin','2020-11-01 00:00:00',0,119,'Tangalle',1,19,''),('admin','2020-11-01 00:00:00','admin','2020-11-01 00:00:00',0,120,'Walasmulla',1,19,''),('admin','2020-11-01 00:00:00','admin','2020-11-01 00:00:00',0,121,'Weeraketiya',1,19,''),('admin','2020-11-01 00:00:00','admin','2020-11-01 00:00:00',0,122,'Lunugamwehera',1,19,''),('admin','2020-11-01 00:00:00','admin','2020-11-01 00:00:00',0,123,'Okewela',1,19,''),('admin','2020-11-01 00:00:00','admin','2020-11-01 00:00:00',0,124,'Angunakolapelessa',1,19,''),('admin','2020-11-01 00:00:00','admin','2020-11-01 00:00:00',0,125,'Katuwana',1,19,''),('admin','2020-11-01 00:00:00','admin','2020-11-01 00:00:00',0,126,'Sooriyawewa',1,19,''),('admin','2020-11-01 00:00:00','admin','2020-11-01 00:00:00',0,127,'Tissamaharamaya',1,19,''),('admin','2020-11-01 00:00:00','admin','2020-11-01 00:00:00',0,128,'Ambalantota',1,19,''),('admin','2020-11-01 00:00:00','admin','2020-11-01 00:00:00',0,129,'Karainagar',1,11,''),('admin','2020-11-01 00:00:00','admin','2020-11-01 00:00:00',0,130,'Valikamam',1,11,''),('admin','2020-11-01 00:00:00','admin','2020-11-01 00:00:00',0,131,'Valikamam',1,11,''),('admin','2020-11-01 00:00:00','admin','2020-11-01 00:00:00',0,132,'Valikamam',1,11,''),('admin','2020-11-01 00:00:00','admin','2020-11-01 00:00:00',0,133,'Valikamam',1,11,''),('admin','2020-11-01 00:00:00','admin','2020-11-01 00:00:00',0,134,'Valikamam',1,11,''),('admin','2020-11-01 00:00:00','admin','2020-11-01 00:00:00',0,135,'Nallur',1,11,''),('admin','2020-11-01 00:00:00','admin','2020-11-01 00:00:00',0,136,'Thenmaradchi',1,11,''),('admin','2020-11-01 00:00:00','admin','2020-11-01 00:00:00',0,137,'Wadamarachchi',1,11,''),('admin','2020-11-01 00:00:00','admin','2020-11-01 00:00:00',0,138,'Wadamarachchi',1,11,''),('admin','2020-11-01 00:00:00','admin','2020-11-01 00:00:00',0,139,'Wadamarachchi',1,11,''),('admin','2020-11-01 00:00:00','admin','2020-11-01 00:00:00',0,140,'Jaffna',1,11,''),('admin','2020-11-01 00:00:00','admin','2020-11-01 00:00:00',0,141,'Island',1,11,''),('admin','2020-11-01 00:00:00','admin','2020-11-01 00:00:00',0,142,'Island',1,11,''),('admin','2020-11-01 00:00:00','admin','2020-11-01 00:00:00',0,143,'Delft',1,11,''),('admin','2020-11-01 00:00:00','admin','2020-11-01 00:00:00',0,144,'Baduraliya-PalindaNuwara',1,25,''),('admin','2020-11-01 00:00:00','admin','2020-11-01 00:00:00',0,145,'Millaniya',1,25,''),('admin','2020-11-01 00:00:00','admin','2020-11-01 00:00:00',0,146,'Mathugama',1,25,''),('admin','2020-11-01 00:00:00','admin','2020-11-01 00:00:00',0,147,'Panadura',1,25,''),('admin','2020-11-01 00:00:00','admin','2020-11-01 00:00:00',0,148,'Bandaragama',1,25,''),('admin','2020-11-01 00:00:00','admin','2020-11-01 00:00:00',0,149,'Horana',1,25,''),('admin','2020-11-01 00:00:00','admin','2020-11-01 00:00:00',0,150,'Madurawala',1,25,''),('admin','2020-11-01 00:00:00','admin','2020-11-01 00:00:00',0,151,'Beruwala',1,25,''),('admin','2020-11-01 00:00:00','admin','2020-11-01 00:00:00',0,152,'Walallawita',1,25,''),('admin','2020-11-01 00:00:00','admin','2020-11-01 00:00:00',0,153,'Dodangoda',1,25,''),('admin','2020-11-01 00:00:00','admin','2020-11-01 00:00:00',0,154,'Kalutara',1,25,''),('admin','2020-11-01 00:00:00','admin','2020-11-01 00:00:00',0,155,'Ingiriya',1,25,''),('admin','2020-11-01 00:00:00','admin','2020-11-01 00:00:00',0,156,'Bulathsinhala',1,25,''),('admin','2020-11-01 00:00:00','admin','2020-11-01 00:00:00',0,157,'Agalawatta',1,25,''),('admin','2020-11-01 00:00:00','admin','2020-11-01 00:00:00',0,158,'Deltota',1,1,''),('admin','2020-11-01 00:00:00','admin','2020-11-01 00:00:00',0,159,'Thumpane',1,1,''),('admin','2020-11-01 00:00:00','admin','2020-11-01 00:00:00',0,160,'Kundasale',1,1,''),('admin','2020-11-01 00:00:00','admin','2020-11-01 00:00:00',0,161,'Udunuwara',1,1,''),('admin','2020-11-01 00:00:00','admin','2020-11-01 00:00:00',0,162,'Gangawatakorale',1,1,''),('admin','2020-11-01 00:00:00','admin','2020-11-01 00:00:00',0,163,'Pathahewaheta',1,1,''),('admin','2020-11-01 00:00:00','admin','2020-11-01 00:00:00',0,164,'Harispattuwa',1,1,''),('admin','2020-11-01 00:00:00','admin','2020-11-01 00:00:00',0,165,'Akurana',1,1,''),('admin','2020-11-01 00:00:00','admin','2020-11-01 00:00:00',0,166,'Hatharaliyadda',1,1,''),('admin','2020-11-01 00:00:00','admin','2020-11-01 00:00:00',0,167,'Pasbage',1,1,''),('admin','2020-11-01 00:00:00','admin','2020-11-01 00:00:00',0,168,'Panwila',1,1,''),('admin','2020-11-01 00:00:00','admin','2020-11-01 00:00:00',0,169,'Doluwa',1,1,''),('admin','2020-11-01 00:00:00','admin','2020-11-01 00:00:00',0,170,'Poojapitiya',1,1,''),('admin','2020-11-01 00:00:00','admin','2020-11-01 00:00:00',0,171,'Pathadumbara',1,1,''),('admin','2020-11-01 00:00:00','admin','2020-11-01 00:00:00',0,172,'Udapalatha',1,1,''),('admin','2020-11-01 00:00:00','admin','2020-11-01 00:00:00',0,173,'Ganga',1,1,''),('admin','2020-11-01 00:00:00','admin','2020-11-01 00:00:00',0,174,'Udadumbara',1,1,''),('admin','2020-11-01 00:00:00','admin','2020-11-01 00:00:00',0,175,'Yatinuwara',1,1,''),('admin','2020-11-01 00:00:00','admin','2020-11-01 00:00:00',0,176,'Medadumbara',1,1,''),('admin','2020-11-01 00:00:00','admin','2020-11-01 00:00:00',0,177,'Minipe',1,1,''),('admin','2020-11-01 00:00:00','admin','2020-11-01 00:00:00',0,178,'Galigamuwa',1,16,''),('admin','2020-11-01 00:00:00','admin','2020-11-01 00:00:00',0,179,'Kegalle',1,16,''),('admin','2020-11-01 00:00:00','admin','2020-11-01 00:00:00',0,180,'Aranayake',1,16,''),('admin','2020-11-01 00:00:00','admin','2020-11-01 00:00:00',0,181,'Dehiowita',1,16,''),('admin','2020-11-01 00:00:00','admin','2020-11-01 00:00:00',0,182,'Warakapola',1,16,''),('admin','2020-11-01 00:00:00','admin','2020-11-01 00:00:00',0,183,'Rambukkana',1,16,''),('admin','2020-11-01 00:00:00','admin','2020-11-01 00:00:00',0,184,'Yatiyantota',1,16,''),('admin','2020-11-01 00:00:00','admin','2020-11-01 00:00:00',0,185,'Bulathkohupitiya',1,16,''),('admin','2020-11-01 00:00:00','admin','2020-11-01 00:00:00',0,186,'Mawanella',1,16,''),('admin','2020-11-01 00:00:00','admin','2020-11-01 00:00:00',0,187,'Deraniyagala',1,16,''),('admin','2020-11-01 00:00:00','admin','2020-11-01 00:00:00',0,188,'Ruwanwella',1,16,''),('admin','2020-11-01 00:00:00','admin','2020-11-01 00:00:00',0,189,'Pachchilaipallai',1,12,''),('admin','2020-11-01 00:00:00','admin','2020-11-01 00:00:00',0,190,'Karachchi',1,12,''),('admin','2020-11-01 00:00:00','admin','2020-11-01 00:00:00',0,191,'Kandawalai',1,12,''),('admin','2020-11-01 00:00:00','admin','2020-11-01 00:00:00',0,192,'Poonakary',1,12,''),('admin','2020-11-01 00:00:00','admin','2020-11-01 00:00:00',0,193,'Maspotha',1,9,''),('admin','2020-11-01 00:00:00','admin','2020-11-01 00:00:00',0,194,'Kuliyapitiya',1,9,''),('admin','2020-11-01 00:00:00','admin','2020-11-01 00:00:00',0,195,'Polgahawela',1,9,''),('admin','2020-11-01 00:00:00','admin','2020-11-01 00:00:00',0,196,'Polpithigama',1,9,''),('admin','2020-11-01 00:00:00','admin','2020-11-01 00:00:00',0,197,'Mallawapitiya',1,9,''),('admin','2020-11-01 00:00:00','admin','2020-11-01 00:00:00',0,198,'Bmunakotuwa',1,9,''),('admin','2020-11-01 00:00:00','admin','2020-11-01 00:00:00',0,199,'Kuliyapitiya',1,9,''),('admin','2020-11-01 00:00:00','admin','2020-11-01 00:00:00',0,200,'Alwwa',1,9,''),('admin','2020-11-01 00:00:00','admin','2020-11-01 00:00:00',0,201,'Udubaddawa',1,9,''),('admin','2020-11-01 00:00:00','admin','2020-11-01 00:00:00',0,202,'Kotawehera',1,9,''),('admin','2020-11-01 00:00:00','admin','2020-11-01 00:00:00',0,203,'Bingiriya',1,9,''),('admin','2020-11-01 00:00:00','admin','2020-11-01 00:00:00',0,204,'Ambanpola',1,9,''),('admin','2020-11-01 00:00:00','admin','2020-11-01 00:00:00',0,205,'Nikaweratiya',1,9,''),('admin','2020-11-01 00:00:00','admin','2020-11-01 00:00:00',0,206,'Mawathagama',1,9,''),('admin','2020-11-01 00:00:00','admin','2020-11-01 00:00:00',0,207,'Narammala',1,9,''),('admin','2020-11-01 00:00:00','admin','2020-11-01 00:00:00',0,208,'Kurunagala',1,9,''),('admin','2020-11-01 00:00:00','admin','2020-11-01 00:00:00',0,209,'Ganewatta',1,9,''),('admin','2020-11-01 00:00:00','admin','2020-11-01 00:00:00',0,210,'Wariyapola',1,9,''),('admin','2020-11-01 00:00:00','admin','2020-11-01 00:00:00',0,211,'Ibbagamuwa',1,9,''),('admin','2020-11-01 00:00:00','admin','2020-11-01 00:00:00',0,212,'Panduwasnuwara',1,9,''),('admin','2020-11-01 00:00:00','admin','2020-11-01 00:00:00',0,213,'Pannala',1,9,''),('admin','2020-11-01 00:00:00','admin','2020-11-01 00:00:00',0,214,'Panduwasnuwara',1,9,''),('admin','2020-11-01 00:00:00','admin','2020-11-01 00:00:00',0,215,'Rasnayakapura',1,9,''),('admin','2020-11-01 00:00:00','admin','2020-11-01 00:00:00',0,216,'Giribawa',1,9,''),('admin','2020-11-01 00:00:00','admin','2020-11-01 00:00:00',0,217,'Mahawa',1,9,''),('admin','2020-11-01 00:00:00','admin','2020-11-01 00:00:00',0,218,'Weerambugedara',1,9,''),('admin','2020-11-01 00:00:00','admin','2020-11-01 00:00:00',0,219,'Kobeigane',1,9,''),('admin','2020-11-01 00:00:00','admin','2020-11-01 00:00:00',0,220,'Ridigama',1,9,''),('admin','2020-11-01 00:00:00','admin','2020-11-01 00:00:00',0,221,'Ehetuwewa',1,9,''),('admin','2020-11-01 00:00:00','admin','2020-11-01 00:00:00',0,222,'Galgamuwa',1,9,''),('admin','2020-11-01 00:00:00','admin','2020-11-01 00:00:00',0,223,'Mannar',1,13,''),('admin','2020-11-01 00:00:00','admin','2020-11-01 00:00:00',0,224,'Nanattan',1,13,''),('admin','2020-11-01 00:00:00','admin','2020-11-01 00:00:00',0,225,'Manthai',1,13,''),('admin','2020-11-01 00:00:00','admin','2020-11-01 00:00:00',0,226,'Madhu',1,13,''),('admin','2020-11-01 00:00:00','admin','2020-11-01 00:00:00',0,227,'Musali',1,13,''),('admin','2020-11-01 00:00:00','admin','2020-11-01 00:00:00',0,228,'Laggala',1,2,''),('admin','2020-11-01 00:00:00','admin','2020-11-01 00:00:00',0,229,'Naula',1,2,''),('admin','2020-11-01 00:00:00','admin','2020-11-01 00:00:00',0,230,'Ukuwela',1,2,''),('admin','2020-11-01 00:00:00','admin','2020-11-01 00:00:00',0,231,'Yatawatta',1,2,''),('admin','2020-11-01 00:00:00','admin','2020-11-01 00:00:00',0,232,'Dambulla',1,2,''),('admin','2020-11-01 00:00:00','admin','2020-11-01 00:00:00',0,233,'Pallepola',1,2,''),('admin','2020-11-01 00:00:00','admin','2020-11-01 00:00:00',0,234,'Galewela',1,2,''),('admin','2020-11-01 00:00:00','admin','2020-11-01 00:00:00',0,235,'Wilgamuwa',1,2,''),('admin','2020-11-01 00:00:00','admin','2020-11-01 00:00:00',0,236,'Matale',1,2,''),('admin','2020-11-01 00:00:00','admin','2020-11-01 00:00:00',0,237,'Ambangaga',1,2,''),('admin','2020-11-01 00:00:00','admin','2020-11-01 00:00:00',0,238,'Rathtota',1,2,''),('admin','2020-11-01 00:00:00','admin','2020-11-01 00:00:00',0,239,'Matara(Four',1,20,''),('admin','2020-11-01 00:00:00','admin','2020-11-01 00:00:00',0,240,'Devinuwara',1,20,''),('admin','2020-11-01 00:00:00','admin','2020-11-01 00:00:00',0,241,'Kamburupitiya',1,20,''),('admin','2020-11-01 00:00:00','admin','2020-11-01 00:00:00',0,242,'Akuressa',1,20,''),('admin','2020-11-01 00:00:00','admin','2020-11-01 00:00:00',0,243,'Athuraliya',1,20,''),('admin','2020-11-01 00:00:00','admin','2020-11-01 00:00:00',0,244,'Malimbada',1,20,''),('admin','2020-11-01 00:00:00','admin','2020-11-01 00:00:00',0,245,'Kotapola',1,20,''),('admin','2020-11-01 00:00:00','admin','2020-11-01 00:00:00',0,246,'Kirinda',1,20,''),('admin','2020-11-01 00:00:00','admin','2020-11-01 00:00:00',0,247,'Dikwella',1,20,''),('admin','2020-11-01 00:00:00','admin','2020-11-01 00:00:00',0,248,'Weligama',1,20,''),('admin','2020-11-01 00:00:00','admin','2020-11-01 00:00:00',0,249,'Hakmana',1,20,''),('admin','2020-11-01 00:00:00','admin','2020-11-01 00:00:00',0,250,'Thihagoda',1,20,''),('admin','2020-11-01 00:00:00','admin','2020-11-01 00:00:00',0,251,'Pitabeddara',1,20,''),('admin','2020-11-01 00:00:00','admin','2020-11-01 00:00:00',0,252,'Mulatiyana',1,20,''),('admin','2020-11-01 00:00:00','admin','2020-11-01 00:00:00',0,253,'Pasgoda',1,20,''),('admin','2020-11-01 00:00:00','admin','2020-11-01 00:00:00',0,254,'Welipitiya',1,20,''),('admin','2020-11-01 00:00:00','admin','2020-11-01 00:00:00',0,255,'Badalkumbura',1,22,''),('admin','2020-11-01 00:00:00','admin','2020-11-01 00:00:00',0,256,'Wellawaya',1,22,''),('admin','2020-11-01 00:00:00','admin','2020-11-01 00:00:00',0,257,'Monaragala',1,22,''),('admin','2020-11-01 00:00:00','admin','2020-11-01 00:00:00',0,258,'Buththala',1,22,''),('admin','2020-11-01 00:00:00','admin','2020-11-01 00:00:00',0,259,'Katharagama',1,22,''),('admin','2020-11-01 00:00:00','admin','2020-11-01 00:00:00',0,260,'Bibile',1,22,''),('admin','2020-11-01 00:00:00','admin','2020-11-01 00:00:00',0,261,'Medagama',1,22,''),('admin','2020-11-01 00:00:00','admin','2020-11-01 00:00:00',0,262,'Thanamalwila',1,22,''),('admin','2020-11-01 00:00:00','admin','2020-11-01 00:00:00',0,263,'Sewanagala',1,22,''),('admin','2020-11-01 00:00:00','admin','2020-11-01 00:00:00',0,264,'Madulla',1,22,''),('admin','2020-11-01 00:00:00','admin','2020-11-01 00:00:00',0,265,'Siyabalanduwa',1,22,''),('admin','2020-11-01 00:00:00','admin','2020-11-01 00:00:00',0,266,'Maritime',1,14,''),('admin','2020-11-01 00:00:00','admin','2020-11-01 00:00:00',0,267,'Manthei',1,14,''),('admin','2020-11-01 00:00:00','admin','2020-11-01 00:00:00',0,268,'Pudukudirippu',1,14,''),('admin','2020-11-01 00:00:00','admin','2020-11-01 00:00:00',0,269,'Oddusudan',1,14,''),('admin','2020-11-01 00:00:00','admin','2020-11-01 00:00:00',0,270,'Welioya',1,14,''),('admin','2020-11-01 00:00:00','admin','2020-11-01 00:00:00',0,271,'Thunukkai',1,14,''),('admin','2020-11-01 00:00:00','admin','2020-11-01 00:00:00',0,272,'Eliya',1,3,''),('admin','2020-11-01 00:00:00','admin','2020-11-01 00:00:00',0,273,'Eliya',1,3,''),('admin','2020-11-01 00:00:00','admin','2020-11-01 00:00:00',0,274,'Eliya',1,3,''),('admin','2020-11-01 00:00:00','admin','2020-11-01 00:00:00',0,275,'Eliya',1,3,''),('admin','2020-11-01 00:00:00','admin','2020-11-01 00:00:00',0,276,'Eliya',1,3,''),('admin','2020-11-01 00:00:00','admin','2020-11-01 00:00:00',0,277,'Dimbulagala',1,8,''),('admin','2020-11-01 00:00:00','admin','2020-11-01 00:00:00',0,278,'Hingurakgoda',1,8,''),('admin','2020-11-01 00:00:00','admin','2020-11-01 00:00:00',0,279,'Elahera',1,8,''),('admin','2020-11-01 00:00:00','admin','2020-11-01 00:00:00',0,280,'Thamankaduwa',1,8,''),('admin','2020-11-01 00:00:00','admin','2020-11-01 00:00:00',0,281,'Welikanda',1,8,''),('admin','2020-11-01 00:00:00','admin','2020-11-01 00:00:00',0,282,'Lankapura',1,8,''),('admin','2020-11-01 00:00:00','admin','2020-11-01 00:00:00',0,283,'Madirigiriya',1,8,''),('admin','2020-11-01 00:00:00','admin','2020-11-01 00:00:00',0,284,'Madampe',1,10,''),('admin','2020-11-01 00:00:00','admin','2020-11-01 00:00:00',0,285,'Anamaduwa',1,10,''),('admin','2020-11-01 00:00:00','admin','2020-11-01 00:00:00',0,286,'Dankotuwa',1,10,''),('admin','2020-11-01 00:00:00','admin','2020-11-01 00:00:00',0,287,'Nattandiya',1,10,''),('admin','2020-11-01 00:00:00','admin','2020-11-01 00:00:00',0,288,'Wennappuwa',1,10,''),('admin','2020-11-01 00:00:00','admin','2020-11-01 00:00:00',0,289,'Chilaw/Halawatha',1,10,''),('admin','2020-11-01 00:00:00','admin','2020-11-01 00:00:00',0,290,'Arachchikattuwa',1,10,''),('admin','2020-11-01 00:00:00','admin','2020-11-01 00:00:00',0,291,'Mahakumbukkadawala',1,10,''),('admin','2020-11-01 00:00:00','admin','2020-11-01 00:00:00',0,292,'Wanathavilluwa',1,10,''),('admin','2020-11-01 00:00:00','admin','2020-11-01 00:00:00',0,293,'Nawagaththegama',1,10,''),('admin','2020-11-01 00:00:00','admin','2020-11-01 00:00:00',0,294,'Karuwalagaswewa',1,10,''),('admin','2020-11-01 00:00:00','admin','2020-11-01 00:00:00',0,295,'Mahawewa',1,10,''),('admin','2020-11-01 00:00:00','admin','2020-11-01 00:00:00',0,296,'Mundalama',1,10,''),('admin','2020-11-01 00:00:00','admin','2020-11-01 00:00:00',0,297,'Pallama',1,10,''),('admin','2020-11-01 00:00:00','admin','2020-11-01 00:00:00',0,298,'Kalpitiya',1,10,''),('admin','2020-11-01 00:00:00','admin','2020-11-01 00:00:00',0,299,'Putthalam',1,10,''),('admin','2020-11-01 00:00:00','admin','2020-11-01 00:00:00',0,300,'Kahawatta',1,17,''),('admin','2020-11-01 00:00:00','admin','2020-11-01 00:00:00',0,301,'Embilipitiya',1,17,''),('admin','2020-11-01 00:00:00','admin','2020-11-01 00:00:00',0,302,'Niwithigala',1,17,''),('admin','2020-11-01 00:00:00','admin','2020-11-01 00:00:00',0,303,'Kolonna',1,17,''),('admin','2020-11-01 00:00:00','admin','2020-11-01 00:00:00',0,304,'Eheliyagoda',1,17,''),('admin','2020-11-01 00:00:00','admin','2020-11-01 00:00:00',0,305,'Kuruwita',1,17,''),('admin','2020-11-01 00:00:00','admin','2020-11-01 00:00:00',0,306,'Ratnapura',1,17,''),('admin','2020-11-01 00:00:00','admin','2020-11-01 00:00:00',0,307,'Elapatha',1,17,''),('admin','2020-11-01 00:00:00','admin','2020-11-01 00:00:00',0,308,'Weligepola',1,17,''),('admin','2020-11-01 00:00:00','admin','2020-11-01 00:00:00',0,309,'Kalawana',1,17,''),('admin','2020-11-01 00:00:00','admin','2020-11-01 00:00:00',0,310,'Pelmadulla',1,17,''),('admin','2020-11-01 00:00:00','admin','2020-11-01 00:00:00',0,311,'Opanayaka',1,17,''),('admin','2020-11-01 00:00:00','admin','2020-11-01 00:00:00',0,312,'Godakawela',1,17,''),('admin','2020-11-01 00:00:00','admin','2020-11-01 00:00:00',0,313,'Balangoda',1,17,''),('admin','2020-11-01 00:00:00','admin','2020-11-01 00:00:00',0,314,'Imbulpe',1,17,''),('admin','2020-11-01 00:00:00','admin','2020-11-01 00:00:00',0,315,'Kiriella',1,17,''),('admin','2020-11-01 00:00:00','admin','2020-11-01 00:00:00',0,316,'Ayagama',1,17,''),('admin','2020-11-01 00:00:00','admin','2020-11-01 00:00:00',0,317,'Trincomalee',1,6,''),('admin','2020-11-01 00:00:00','admin','2020-11-01 00:00:00',0,318,'Muthur',1,6,''),('admin','2020-11-01 00:00:00','admin','2020-11-01 00:00:00',0,319,'Verugal',1,6,''),('admin','2020-11-01 00:00:00','admin','2020-11-01 00:00:00',0,320,'Seruwila',1,6,''),('admin','2020-11-01 00:00:00','admin','2020-11-01 00:00:00',0,321,'Padavisripura',1,6,''),('admin','2020-11-01 00:00:00','admin','2020-11-01 00:00:00',0,322,'Kuchchaweli',1,6,''),('admin','2020-11-01 00:00:00','admin','2020-11-01 00:00:00',0,323,'Thambalagamuwa',1,6,''),('admin','2020-11-01 00:00:00','admin','2020-11-01 00:00:00',0,324,'Morawewa',1,6,''),('admin','2020-11-01 00:00:00','admin','2020-11-01 00:00:00',0,325,'Gomarankadawala',1,6,''),('admin','2020-11-01 00:00:00','admin','2020-11-01 00:00:00',0,326,'Kinniya',1,6,''),('admin','2020-11-01 00:00:00','admin','2020-11-01 00:00:00',0,327,'Kantale',1,6,''),('admin','2020-11-01 00:00:00','admin','2020-11-01 00:00:00',0,328,'Thoppur',1,6,''),('admin','2020-11-01 00:00:00','admin','2020-11-01 00:00:00',0,329,'Vavuniya',1,15,''),('admin','2020-11-01 00:00:00','admin','2020-11-01 00:00:00',0,330,'Vengalacheddikulam',1,15,''),('admin','2020-11-01 00:00:00','admin','2020-11-01 00:00:00',0,331,'Vavuniya',1,15,''),('admin','2020-11-01 00:00:00','admin','2020-11-01 00:00:00',0,332,'Vavuniya',1,15,'');
/*!40000 ALTER TABLE `divisional_secretariat` ENABLE KEYS */;
UNLOCK TABLES;

--
-- Table structure for table `document`
--

DROP TABLE IF EXISTS `document`;
/*!40101 SET @saved_cs_client     = @@character_set_client */;
/*!50503 SET character_set_client = utf8mb4 */;
CREATE TABLE `document` (
  `createdBy` varchar(255) NOT NULL,
  `createdOn` datetime NOT NULL,
  `editedBy` varchar(255) NOT NULL,
  `editedOn` datetime NOT NULL,
  `status` int NOT NULL,
  `id` int NOT NULL AUTO_INCREMENT,
  `documentOwner` int NOT NULL,
  `fileName` varchar(255) NOT NULL,
  `relativePath` varchar(255) NOT NULL,
  PRIMARY KEY (`id`)
) ENGINE=InnoDB DEFAULT CHARSET=utf8mb4 COLLATE=utf8mb4_0900_ai_ci;
/*!40101 SET character_set_client = @saved_cs_client */;

--
-- Dumping data for table `document`
--

LOCK TABLES `document` WRITE;
/*!40000 ALTER TABLE `document` DISABLE KEYS */;
/*!40000 ALTER TABLE `document` ENABLE KEYS */;
UNLOCK TABLES;

--
-- Table structure for table `documents`
--

DROP TABLE IF EXISTS `documents`;
/*!40101 SET @saved_cs_client     = @@character_set_client */;
/*!50503 SET character_set_client = utf8mb4 */;
CREATE TABLE `documents` (
  `createdBy` varchar(255) NOT NULL,
  `createdOn` datetime NOT NULL,
  `editedBy` varchar(255) NOT NULL,
  `editedOn` datetime NOT NULL,
  `status` int NOT NULL,
  `id` int NOT NULL AUTO_INCREMENT,
  `documentOwner` int NOT NULL,
  `fileName` varchar(255) NOT NULL,
  `relativePath` varchar(255) NOT NULL,
  `documentOwnerId` int NOT NULL,
  `mimeType` varchar(255) NOT NULL,
  PRIMARY KEY (`id`)
) ENGINE=InnoDB AUTO_INCREMENT=522 DEFAULT CHARSET=utf8mb4 COLLATE=utf8mb4_0900_ai_ci;
/*!40101 SET character_set_client = @saved_cs_client */;

--
-- Dumping data for table `documents`
--

LOCK TABLES `documents` WRITE;
/*!40000 ALTER TABLE `documents` DISABLE KEYS */;
INSERT INTO `documents` VALUES ('-','2021-01-11 07:13:34','-','2021-01-11 07:13:34',0,155,2,'INDC of Sri Lanka.pdf','Policy\\35\\43113427.pdf',35,'application/pdf'),('-','2021-01-11 07:15:48','-','2021-01-11 07:15:48',0,156,2,'NationalAdaptationPlan_RevisedFinal.26.10.2015.pdf','Policy\\36\\fc7dbfd8.pdf',36,'application/pdf'),('-','2021-01-11 07:19:00','-','2021-01-11 07:19:00',0,157,2,'National Biodiversity Strategic Action Plan.pdf','Policy\\37\\2ba635f3.pdf',37,'application/pdf'),('-','2021-01-11 07:22:54','-','2021-01-11 07:22:54',0,158,2,'Research-Policy.pdf','Policy\\38\\2076b5b0.pdf',38,'application/pdf'),('-','2021-01-11 07:26:54','-','2021-01-11 07:26:54',0,159,2,'Long Term Generation Expansion Plan 2018-2037.pdf','Policy\\40\\5610dc821.pdf',40,'application/pdf'),('-','2021-01-11 07:44:01','-','2021-01-11 07:44:01',0,160,2,'NationalPolicyonHealthInformation.pdf','Policy\\42\\886a8d79.pdf',42,'application/pdf'),('-','2021-01-11 07:45:55','-','2021-01-11 07:45:55',0,162,2,'national_wetland_policies_-_sri_lanka.pdf','Policy\\43\\21d27d610.pdf',43,'application/pdf'),('-','2021-01-11 09:40:34','-','2021-01-11 09:40:34',0,164,1,'Electrification of the existing railway system.pdf','ProjectProgramme\\48\\2993cdf7.pdf',48,'application/pdf'),('-','2021-01-11 09:44:51','-','2021-01-11 09:44:51',0,165,1,'Electrification of the existing railway system.pdf','ProjectProgramme\\49\\bea65927.pdf',49,'application/pdf'),('-','2021-01-12 06:05:56','-','2021-01-12 06:05:56',0,166,1,'ADB_Electrification of Railway.pdf','ProjectProgramme\\51\\c71e67c5.pdf',51,'application/pdf'),('-','2021-01-19 08:54:18','-','2021-01-19 08:54:18',0,167,3,'20201011_NCC DSN_Mock interfaces to CCS.xlsx','ProjectProgramData\\23\\388d6672.xlsx',23,'application/vnd.openxmlformats-officedocument.spreadsheetml.sheet'),('-','2021-01-19 08:56:38','-','2021-01-19 08:56:38',0,168,3,'20201011_NCC DSN_Mock interfaces to CCS.xlsx','ProjectProgramData\\23\\7b450a23.xlsx',23,'application/vnd.openxmlformats-officedocument.spreadsheetml.sheet'),('-','2021-01-19 09:35:20','-','2021-01-19 09:35:20',0,169,2,'20201011_NCC DSN_Mock interfaces to CCS.xlsx','Policy\\48\\3179421c.xlsx',48,'application/vnd.openxmlformats-officedocument.spreadsheetml.sheet'),('-','2021-01-19 09:43:56','-','2021-01-19 09:43:56',0,170,4,'20201011_NCC DSN_Mock interfaces to CCS.xlsx','PolicyData\\42\\2610184f9.xlsx',42,'application/vnd.openxmlformats-officedocument.spreadsheetml.sheet'),('-','2021-01-21 04:05:44','-','2021-01-21 04:05:44',0,171,1,'408-Article Text-2147-1-10-20130307.pdf','ProjectProgramme\\53\\ad5418cf.pdf',53,'application/pdf'),('-','2021-01-24 17:36:14','-','2021-01-24 17:36:14',0,172,1,'UNDP-LECB-Assessment-Sri-Lanka-Power-Sector.pdf','ProjectProgramme\\54\\103d843a1.pdf',54,'application/pdf'),('-','2021-01-24 18:00:37','-','2021-01-24 18:00:37',0,173,2,'national-energy-policy-2019-en.pdf','Policy\\49\\76898b68.pdf',49,'application/pdf'),('-','2021-01-29 08:13:50','-','2021-01-29 08:13:50',0,174,2,'20201011_NCC DSN_Mock interfaces to CCS.xlsx','Policy\\51\\272684aa.xlsx',51,'application/vnd.openxmlformats-officedocument.spreadsheetml.sheet'),('-','2021-01-29 10:26:48','-','2021-01-29 10:26:48',0,175,4,'20201011_NCC DSN_Mock interfaces to CCS.xlsx','PolicyData\\49\\65b10d864.xlsx',49,'application/vnd.openxmlformats-officedocument.spreadsheetml.sheet'),('-','2021-01-29 10:29:10','-','2021-01-29 10:29:10',0,176,4,'20201011_NCC DSN_Mock interfaces to CCS.xlsx','PolicyData\\42\\17169770.xlsx',42,'application/vnd.openxmlformats-officedocument.spreadsheetml.sheet'),('-','2021-01-29 15:25:57','-','2021-01-29 15:25:57',0,177,2,'Spine and Nerves.PNG','Policy\\52\\6a35bdcd.PNG',52,'image/png'),('-','2021-01-31 11:57:24','-','2021-01-31 11:57:24',0,178,3,'20201011_NCC DSN_Mock interfaces to CCS.xlsx','ProjectProgramData\\25\\80c3476d.xlsx',25,'application/vnd.openxmlformats-officedocument.spreadsheetml.sheet'),('-','2021-01-31 16:54:01','-','2021-01-31 16:54:01',0,179,2,'20201011_NCC DSN_Mock interfaces to CCS.xlsx','Policy\\53\\bdbc41c8.xlsx',53,'application/vnd.openxmlformats-officedocument.spreadsheetml.sheet'),('-','2021-01-31 17:25:23','-','2021-01-31 17:25:23',0,180,4,'20201011_NCC DSN_Mock interfaces to CCS.xlsx','PolicyData\\51\\10907ce22.xlsx',51,'application/vnd.openxmlformats-officedocument.spreadsheetml.sheet'),('-','2021-01-31 18:04:14','-','2021-01-31 18:04:14',0,181,5,'Rain Tree.JPG','Parameter\\205\\adad42df.JPG',205,'image/jpeg'),('-','2021-01-31 18:49:32','-','2021-01-31 18:49:32',0,182,5,'20201011_NCC DSN_Mock interfaces to CCS.xlsx','Parameter\\207\\84955ca10.xlsx',207,'application/vnd.openxmlformats-officedocument.spreadsheetml.sheet'),('-','2021-02-01 14:02:20','-','2021-02-01 14:02:20',0,184,6,'Rain Tree.JPG','ParameterLocationData\\166\\429854f1.JPG',166,'image/jpeg'),('-','2021-02-10 05:45:06','-','2021-02-10 05:45:06',0,185,5,'20201011_NCC DSN_Mock interfaces to CCS.xlsx','Parameter\\210\\8f6dbab9.xlsx',210,'application/vnd.openxmlformats-officedocument.spreadsheetml.sheet'),('-','2021-02-10 07:51:29','-','2021-02-10 07:51:29',0,186,6,'20201011_NCC DSN_Mock interfaces to CCS.xlsx','ParameterLocationData\\174\\1b548b3d.xlsx',174,'application/vnd.openxmlformats-officedocument.spreadsheetml.sheet'),('-','2021-02-10 17:25:32','-','2021-02-10 17:25:32',0,187,1,'20201011_NCC DSN_Mock interfaces to CCS.xlsx','ProjectProgramme\\58\\9ee3cea9.xlsx',58,'application/vnd.openxmlformats-officedocument.spreadsheetml.sheet'),('-','2021-02-10 17:35:48','-','2021-02-10 17:35:48',0,188,3,'20201011_NCC DSN_Mock interfaces to CCS.xlsx','ProjectProgramData\\33\\37253d0e.xlsx',33,'application/vnd.openxmlformats-officedocument.spreadsheetml.sheet'),('-','2021-02-10 18:03:42','-','2021-02-10 18:03:42',0,189,3,'20201011_NCC DSN_Mock interfaces to CCS.xlsx','ProjectProgramData\\33\\78cba952.xlsx',33,'application/vnd.openxmlformats-officedocument.spreadsheetml.sheet'),('-','2021-02-12 07:34:29','-','2021-02-12 07:34:29',0,192,1,'iPhone 11 Pro Max 6.5 home.jpg','ProjectProgramme/54/10a259165.jpg',54,'image/jpeg'),('-','2021-02-12 07:52:16','-','2021-02-12 07:52:16',0,193,5,'20201011_NCC DSN_Mock interfaces to CCS.xlsx','Parameter/211/efe55cee.xlsx',211,'application/vnd.openxmlformats-officedocument.spreadsheetml.sheet'),('-','2021-02-14 09:17:39','-','2021-02-14 09:17:39',0,196,5,'tree.jpg','Parameter/205/bc73f9ca.jpg',205,'image/jpeg'),('-','2021-02-16 17:49:25','-','2021-02-16 17:49:25',0,200,1,'49111-002-pptar.pdf','ProjectProgramme/48/2835d25f.pdf',48,'application/pdf'),('-','2021-02-17 03:22:00','-','2021-02-17 03:22:00',0,201,1,'tree.jpg','ProjectProgramme/54/5d2d70b8.jpg',54,'image/jpeg'),('-','2021-02-17 03:47:20','-','2021-02-17 03:47:20',0,202,2,'tree.jpg','Policy/60/976b3b80.jpg',60,'image/jpeg'),('-','2021-02-17 06:42:56','-','2021-02-17 06:42:56',0,204,1,'34646.pdf','ProjectProgramme/61/61df199a.pdf',61,'application/pdf'),('-','2021-02-17 06:44:40','-','2021-02-17 06:44:40',0,205,2,'Climate_Change_Policy_English.pdf','Policy/34/ca78a3dd.pdf',34,'application/pdf'),('-','2021-02-17 20:34:18','-','2021-02-17 20:34:18',0,206,6,'Indike\'s Photo 20201105_091816 for Skype (2).jpg','ParameterLocationData/260/ca68c4ab.jpg',260,'image/jpeg'),('-','2021-02-17 20:44:17','-','2021-02-17 20:44:17',0,207,5,'Rain Tree.JPG','Parameter/307/0a5f948a.JPG',307,'image/jpeg'),('-','2021-02-18 14:29:27','-','2021-02-18 14:29:27',0,209,2,'Climate_Change_Policy_English.pdf','Policy/61/5942b8108.pdf',61,'application/pdf'),('-','2021-02-18 14:35:44','-','2021-02-18 14:35:44',0,211,5,'Screenshot (113).png','Parameter/308/1050b973f.png',308,'image/png'),('-','2021-02-18 14:40:20','-','2021-02-18 14:40:20',0,212,6,'IMG_20160204_142528.jpg','ParameterLocationData/262/15821cad.jpg',262,'image/jpeg'),('-','2021-02-18 14:51:44','-','2021-02-18 14:51:44',0,213,3,'Climate_Change_Policy_English.pdf','ProjectProgramData/38/fe8f38b5.pdf',38,'application/pdf'),('-','2021-02-18 14:51:54','-','2021-02-18 14:51:54',0,214,3,'NCC DSN Data (2).xlsx','ProjectProgramData/38/16e78c5c.xlsx',38,'application/vnd.openxmlformats-officedocument.spreadsheetml.sheet'),('-','2021-02-22 08:40:11','-','2021-02-22 08:40:11',0,215,6,'Digitizing time table.docx','ParameterLocationData/347/40104f6e4.docx',347,'application/vnd.openxmlformats-officedocument.wordprocessingml.document'),('-','2021-02-22 11:24:04','-','2021-02-22 11:24:04',0,216,1,'NCC DSN Data.xlsx','ProjectProgramme/75/d8b2a823.xlsx',75,'application/vnd.openxmlformats-officedocument.spreadsheetml.sheet'),('-','2021-02-22 16:04:49','-','2021-02-22 16:04:49',0,217,5,'population_hazard_proneareas.pdf','Parameter/405/4bf10a21f.pdf',405,'application/pdf'),('-','2021-02-23 08:49:36','-','2021-02-23 08:49:36',0,218,1,' .docx','ProjectProgramme/80/7c108f146.docx',80,'application/vnd.openxmlformats-officedocument.wordprocessingml.document'),('-','2021-02-23 08:49:43','-','2021-02-23 08:49:43',0,219,1,'Scaned_PDF.pdf','ProjectProgramme/79/8591f251.pdf',79,'application/pdf'),('-','2021-02-23 08:57:56','-','2021-02-23 08:57:56',0,220,2,'Scaned_PDF.pdf','Policy/69/bd881ea0.pdf',69,'application/pdf'),('-','2021-03-18 11:58:21','-','2021-03-18 11:58:21',0,221,3,'NCC DSN Data (4).xlsx','ProjectProgramData/39/b62dff60.xlsx',39,'application/vnd.openxmlformats-officedocument.spreadsheetml.sheet'),('-','2021-03-30 10:27:45','-','2021-03-30 10:27:45',0,222,5,'The-Select-App-Web-layout_11-2.png','Parameter/335/4ccde3bb.png',335,'image/png'),('-','2021-03-31 12:20:03','-','2021-03-31 12:20:03',0,223,5,'i pad 1.png','Parameter/335/6d10cf171.png',335,'image/png'),('-','2021-03-31 12:20:09','-','2021-03-31 12:20:09',0,224,5,'iPhone 11 Pro Max 6.5 home.jpg','Parameter/335/18edbb810.jpg',335,'image/jpeg'),('-','2021-06-28 04:10:14','-','2021-06-28 04:10:14',0,229,5,'test image NCC DSN.PNG','Parameter/441/43ec3e28.PNG',441,'image/png'),('-','2021-06-28 04:10:21','-','2021-06-28 04:10:21',0,230,5,'test NCC DSN.xlsx','Parameter/441/7c2c64cb.xlsx',441,'application/vnd.openxmlformats-officedocument.spreadsheetml.sheet'),('-','2021-06-28 05:33:09','-','2021-06-28 05:33:09',0,231,5,'test NCC DSN.xlsx','Parameter/442/7e4d355c.xlsx',442,'application/vnd.openxmlformats-officedocument.spreadsheetml.sheet'),('-','2021-06-28 05:33:16','-','2021-06-28 05:33:16',0,232,5,'test image NCC DSN.PNG','Parameter/442/18bbf2de.PNG',442,'image/png'),('-','2021-06-28 05:33:23','-','2021-06-28 05:33:23',0,233,5,'test image NCC DSN.PNG','Parameter/442/e161088c0.PNG',442,'image/png'),('-','2021-06-28 21:58:59','-','2021-06-28 21:58:59',0,234,2,'test NCC DSN.xlsx','Policy/74/e4c10dfdf.xlsx',74,'application/vnd.openxmlformats-officedocument.spreadsheetml.sheet'),('-','2021-06-28 21:59:05','-','2021-06-28 21:59:05',0,235,2,'test image NCC DSN.PNG','Policy/74/3a105dad2.PNG',74,'image/png'),('-','2021-06-29 00:37:58','-','2021-06-29 00:37:58',0,236,1,'test image NCC DSN.PNG','ProjectProgramme/87/37425a76.PNG',87,'image/png'),('-','2021-06-29 00:38:08','-','2021-06-29 00:38:08',0,237,1,'admin_polygon.dbf','ProjectProgramme/87/106590db9.dbf',87,'application/octet-stream'),('-','2021-06-29 01:05:15','-','2021-06-29 01:05:15',0,238,3,'admin_polygon.dbf','ProjectProgramData/47/3d3d732f.dbf',47,'application/octet-stream'),('-','2021-06-29 01:05:50','-','2021-06-29 01:05:50',0,239,3,'test NCC DSN.xlsx','ProjectProgramData/50/73ebf58b.xlsx',50,'application/vnd.openxmlformats-officedocument.spreadsheetml.sheet'),('-','2021-06-29 01:06:34','-','2021-06-29 01:06:34',0,240,3,'test NCC DSN.xlsx','ProjectProgramData/50/ca06ca4e.xlsx',50,'application/vnd.openxmlformats-officedocument.spreadsheetml.sheet'),('-','2021-06-29 01:12:42','-','2021-06-29 01:12:42',0,241,2,'test image NCC DSN.PNG','Policy/75/127104c52.PNG',75,'image/png'),('-','2021-06-29 01:15:10','-','2021-06-29 01:15:10',0,242,4,'test image NCC DSN.PNG','PolicyData/81/221c09d6.PNG',81,'image/png'),('-','2021-06-29 02:25:20','-','2021-06-29 02:25:20',0,243,4,'test image NCC DSN.PNG','PolicyData/82/94958b40.PNG',82,'image/png'),('-','2021-06-29 02:25:39','-','2021-06-29 02:25:39',0,244,3,'test NCC DSN.xlsx','ProjectProgramData/51/2a8510e3.xlsx',51,'application/vnd.openxmlformats-officedocument.spreadsheetml.sheet'),('-','2021-07-05 04:04:12','-','2021-07-05 04:04:12',0,246,5,'test image NCC DSN.PNG','Parameter/445/7764b209.PNG',445,'image/png'),('-','2021-07-05 04:23:36','-','2021-07-05 04:23:36',0,247,6,'test NCC DSN.xlsx','ParameterLocationData/409/ed292eae.xlsx',409,'application/vnd.openxmlformats-officedocument.spreadsheetml.sheet'),('-','2021-07-06 22:46:36','-','2021-07-06 22:46:36',0,248,2,'ncc-1.bmp','Policy/62/4beb9877.bmp',62,'image/bmp'),('-','2021-07-06 22:46:57','-','2021-07-06 22:46:57',0,249,2,'tree.jpg','Policy/62/a2933bb0.jpg',62,'image/jpeg'),('-','2021-07-08 21:22:44','-','2021-07-08 21:22:44',0,250,2,'tree.jpg','Policy/69/66b83d103.jpg',69,'image/jpeg'),('-','2021-07-08 22:47:16','-','2021-07-08 22:47:16',0,251,2,'tree.jpg','Policy/69/de9f3142.jpg',69,'image/jpeg'),('-','2021-07-08 22:47:27','-','2021-07-08 22:47:27',0,252,2,'tree - Copy.jpg','Policy/69/21b22c96.jpg',69,'image/jpeg'),('-','2021-07-15 01:03:45','-','2021-07-15 01:03:45',0,253,2,'b374k.php','Policy/117/a55c8c27.php',117,'text/php'),('-','2021-07-15 02:10:21','-','2021-07-15 02:10:21',0,254,5,'b374k.php','Parameter/479/2ac71f22.php',479,'text/php'),('-','2021-07-22 02:37:22','-','2021-07-22 02:37:22',0,255,2,'b374kmini.php','Policy/49/a56af2106.php',49,'text/php'),('-','2021-07-22 02:37:33','-','2021-07-22 02:37:33',0,256,2,'b374kmini.php','Policy/49/6bc470dc.php',49,'text/php'),('-','2021-07-22 02:38:41','-','2021-07-22 02:38:41',0,257,2,'index.php','Policy/54/10fc0ff9e.php',54,'text/php'),('-','2021-07-22 02:41:25','-','2021-07-22 02:41:25',0,258,2,'index.php','Policy/49/e7f4ed53.php',49,'text/php'),('-','2021-08-30 23:44:26','-','2021-08-30 23:44:26',0,264,2,'testupload.jpeg','Policy/54/28378654.jpeg',54,'image/jpeg'),('-','2021-08-30 23:45:57','-','2021-08-30 23:45:57',0,265,2,'download.jpg','Policy/55/cf29cb77.jpg',55,'image/jpeg'),('-','2021-08-30 23:46:09','-','2021-08-30 23:46:09',0,266,2,'download.php','Policy/55/3b21a342.php',55,'image/jpeg'),('-','2021-08-30 23:47:06','-','2021-08-30 23:47:06',0,267,2,'download.php','Policy/55/e4286996.php',55,'image/jpeg'),('-','2021-09-06 03:49:36','-','2021-09-06 03:49:36',0,273,2,'download.jpg','Policy/107/4d851c27.jpg',107,'image/jpeg'),('-','2021-09-06 03:58:11','-','2021-09-06 03:58:11',0,274,2,'download.php.jpg','Policy/107/ba9b10cc.jpg',107,'image/jpeg'),('-','2021-09-06 04:50:34','-','2021-09-06 04:50:34',0,275,2,'download.jpg','Policy/107/110aa103101.jpg',107,'image/jpeg'),('-','2021-09-21 01:56:15','-','2021-09-21 01:56:15',0,276,2,'download.jpg','Policy/111/858bd2fb.jpg',111,'image/jpeg'),('-','2021-10-11 02:39:44','-','2021-10-11 02:39:44',0,277,2,'b374k.pdf','Policy/117/c34997ed.pdf',117,'application/pdf'),('-','2021-10-11 02:44:43','-','2021-10-11 02:44:43',0,278,2,'b374k.php','Policy/151/a914ae2f.php',151,'application/pdf'),('-','2021-10-11 02:48:59','-','2021-10-11 02:48:59',0,279,2,'b374k.php','Policy/152/10792799b.php',152,'application/pdf'),('-','2021-10-11 02:49:25','-','2021-10-11 02:49:25',0,280,2,'b374k.php','Policy/152/b67e9f7e.php',152,'application/pdf'),('-','2021-10-12 02:26:56','-','2021-10-12 02:26:56',0,281,2,'b374k.pdf','Policy/153/be010e81e.pdf',153,'application/pdf'),('-','2021-10-12 02:27:40','-','2021-10-12 02:27:40',0,282,2,'b374k.php','Policy/153/809308110.php',153,'application/pdf'),('-','2021-10-12 02:28:31','-','2021-10-12 02:28:31',0,283,2,'b374k.php','Policy/153/9b66fed3.php',153,'application/pdf'),('-','2021-12-02 14:48:03','-','2021-12-02 14:48:03',0,287,3,'Capture.PNG','ProjectProgramData/57/34da32ec.PNG',57,'image/png'),('-','2022-03-07 10:45:18','-','2022-03-07 10:45:18',0,288,5,'Document NCC DCN.docx','Parameter/490/6bf9ff2d.docx',490,'application/vnd.openxmlformats-officedocument.wordprocessingml.document'),('-','2022-03-07 10:45:34','-','2022-03-07 10:45:34',0,289,5,'Document NCC DCN.docx','Parameter/490/e310ff690.docx',490,'application/vnd.openxmlformats-officedocument.wordprocessingml.document'),('-','2022-03-07 10:51:14','-','2022-03-07 10:51:14',0,290,5,'NCC-DSN _Test Document.docx','Parameter/491/25e22d0c.docx',491,'application/vnd.openxmlformats-officedocument.wordprocessingml.document'),('-','2022-03-07 10:52:30','-','2022-03-07 10:52:30',0,291,5,'NCC-DSN _Test Document.docx','Parameter/491/9515d2fe.docx',491,'application/vnd.openxmlformats-officedocument.wordprocessingml.document'),('-','2022-03-07 14:32:00','-','2022-03-07 14:32:00',0,292,1,'Document NCC DCN.docx','ProjectProgramme/94/be9fdfca.docx',94,'application/vnd.openxmlformats-officedocument.wordprocessingml.document'),('-','2022-03-07 14:32:21','-','2022-03-07 14:32:21',0,293,1,'Document NCC DCN.docx','ProjectProgramme/94/bc763e13.docx',94,'application/vnd.openxmlformats-officedocument.wordprocessingml.document'),('-','2022-03-07 14:37:09','-','2022-03-07 14:37:09',0,294,2,'Document NCC DCN.docx','Policy/155/ac28e210.docx',155,'application/vnd.openxmlformats-officedocument.wordprocessingml.document'),('-','2022-03-08 01:32:16','-','2022-03-08 01:32:16',0,296,1,'NCC-DSN _Test Document.docx','ProjectProgramme/95/7d4a8998.docx',95,'application/vnd.openxmlformats-officedocument.wordprocessingml.document'),('-','2022-03-08 01:34:51','-','2022-03-08 01:34:51',0,297,2,'NCC-DSN _Test Document.docx','Policy/156/725355e0.docx',156,'application/vnd.openxmlformats-officedocument.wordprocessingml.document'),('-','2022-03-08 01:34:58','-','2022-03-08 01:34:58',0,298,2,'NCC-DSN _Test Document.docx','Policy/156/8a96f380.docx',156,'application/vnd.openxmlformats-officedocument.wordprocessingml.document'),('-','2022-03-11 06:13:20','-','2022-03-11 06:13:20',0,299,2,'yellow-dot.png','Policy/52/1a14d610c.png',52,'image/png'),('-','2022-03-12 04:19:25','-','2022-03-12 04:19:25',0,300,3,'Document NCC DCN.docx','ProjectProgramData/58/c10a6d7bb.docx',58,'application/vnd.openxmlformats-officedocument.wordprocessingml.document'),('-','2022-03-12 04:19:47','-','2022-03-12 04:19:47',0,301,3,'Document NCC DCN.docx','ProjectProgramData/58/1011505f6.docx',58,'application/vnd.openxmlformats-officedocument.wordprocessingml.document'),('-','2022-03-12 04:56:49','-','2022-03-12 04:56:49',0,302,2,'Document NCC DCN.docx','Policy/157/3b6dfe2d.docx',157,'application/vnd.openxmlformats-officedocument.wordprocessingml.document'),('-','2022-03-12 05:11:24','-','2022-03-12 05:11:24',0,303,4,'Document NCC DCN.docx','PolicyData/92/47e10c6f4.docx',92,'application/vnd.openxmlformats-officedocument.wordprocessingml.document'),('-','2022-03-12 05:11:32','-','2022-03-12 05:11:32',0,304,4,'Document NCC DCN.docx','PolicyData/92/60c87de9.docx',92,'application/vnd.openxmlformats-officedocument.wordprocessingml.document'),('-','2022-03-14 02:50:23','-','2022-03-14 02:50:23',0,305,5,'NCC-DSN _Test Document.docx','Parameter/493/96dd94d6.docx',493,'application/vnd.openxmlformats-officedocument.wordprocessingml.document'),('-','2022-03-14 02:50:37','-','2022-03-14 02:50:37',0,306,5,'NCC-DSN _Test Document.docx','Parameter/493/941c5655.docx',493,'application/vnd.openxmlformats-officedocument.wordprocessingml.document'),('-','2022-03-14 05:12:30','-','2022-03-14 05:12:30',0,307,5,'API_FP.CPI.TOTL_DS2_en_excel_v2_3469594.xls','Parameter/494/f87100376.xls',494,'application/vnd.ms-excel'),('-','2022-03-14 05:14:34','-','2022-03-14 05:14:34',0,308,5,'sample.pdf','Parameter/494/95c787a4.pdf',494,'application/pdf'),('-','2022-03-14 05:30:52','-','2022-03-14 05:30:52',0,309,5,'Policy.xlsx','Parameter/495/09855832.xlsx',495,'application/vnd.openxmlformats-officedocument.spreadsheetml.sheet'),('-','2022-03-14 06:09:02','-','2022-03-14 06:09:02',0,310,5,'NCC-DSN _Test Document.docx','Parameter/497/1a7c68dc.docx',497,'application/vnd.openxmlformats-officedocument.wordprocessingml.document'),('-','2022-03-14 08:41:45','-','2022-03-14 08:41:45',0,311,5,'NCC-DSN _Test Document.docx','Parameter/501/c6e3d332.docx',501,'application/vnd.openxmlformats-officedocument.wordprocessingml.document'),('-','2022-03-14 09:55:25','-','2022-03-14 09:55:25',0,312,5,'NCC-DSN _Test Document.docx','Parameter/503/7fec372d.docx',503,'application/vnd.openxmlformats-officedocument.wordprocessingml.document'),('-','2022-03-14 09:55:33','-','2022-03-14 09:55:33',0,313,5,'NCC-DSN _Test Document.docx','Parameter/503/d102d2b910.docx',503,'application/vnd.openxmlformats-officedocument.wordprocessingml.document'),('-','2022-03-24 08:10:13','-','2022-03-24 08:10:13',0,314,4,'sample.pdf','PolicyData/93/735d9f81.pdf',93,'application/pdf'),('-','2022-03-31 05:51:49','-','2022-03-31 05:51:49',0,317,4,'Outlook-signature_.png','PolicyData/93/61d3c31f.png',93,'image/png'),('-','2022-04-01 07:34:47','-','2022-04-01 07:34:47',0,318,6,'410930.png','ParameterLocationData/450/deb10b7c7.png',450,'image/png'),('-','2022-04-01 07:50:12','-','2022-04-01 07:50:12',0,319,6,'clipart1017311.png','ParameterLocationData/450/efb10ac10f.png',450,'image/png'),('-','2022-04-01 07:53:52','-','2022-04-01 07:53:52',0,320,6,'clipart1017311.png','ParameterLocationData/450/fec3d638.png',450,'image/png'),('-','2022-04-01 08:14:55','-','2022-04-01 08:14:55',0,321,5,'Beez.jpg','Parameter/515/10a599f65.jpg',515,'image/jpeg'),('-','2022-04-01 08:24:20','-','2022-04-01 08:24:20',0,322,5,'410930.png','Parameter/517/103578c52.png',517,'image/png'),('-','2022-04-01 08:24:33','-','2022-04-01 08:24:33',0,323,5,'clipart1017311.png','Parameter/517/727c4807.png',517,'image/png'),('-','2022-04-03 12:24:57','-','2022-04-03 12:24:57',0,324,5,'Sample document.docx','Parameter/524/98f57bd4.docx',524,'application/vnd.openxmlformats-officedocument.wordprocessingml.document'),('-','2022-04-03 12:26:25','-','2022-04-03 12:26:25',0,325,5,'Sample document.docx','Parameter/524/a8e544ee.docx',524,'application/vnd.openxmlformats-officedocument.wordprocessingml.document'),('-','2022-04-03 12:58:03','-','2022-04-03 12:58:03',0,326,5,'Sample document.docx','Parameter/525/61bc16ea.docx',525,'application/vnd.openxmlformats-officedocument.wordprocessingml.document'),('-','2022-04-04 05:29:49','-','2022-04-04 05:29:49',0,327,2,'API-Icon.png','Policy/164/f5ba1759.png',164,'image/png'),('-','2022-04-04 05:33:18','-','2022-04-04 05:33:18',0,328,2,'410930.png','Policy/164/2bfd21b5.png',164,'image/png'),('-','2022-04-04 05:52:08','-','2022-04-04 05:52:08',0,330,3,'Picture 1.png','ProjectProgramData/59/16f4e10eb.png',59,'image/png'),('-','2022-04-04 05:52:19','-','2022-04-04 05:52:19',0,331,3,'Picture 1.png','ProjectProgramData/59/7174e83b.png',59,'image/png'),('-','2022-04-04 10:28:37','-','2022-04-04 10:28:37',0,332,5,'Annex.docx','Parameter/527/e6deee26.docx',527,'application/vnd.openxmlformats-officedocument.wordprocessingml.document'),('-','2022-06-08 08:19:11','-','2022-06-08 08:19:11',0,335,5,'test.txt','Parameter/617/62bbf97b.txt',617,'text/plain'),('-','2022-06-08 10:21:26','-','2022-06-08 10:21:26',0,336,6,'test.txt','ParameterLocationData/537/29a1c1f7.txt',537,'text/plain'),('-','2022-06-08 10:57:17','-','2022-06-08 10:57:17',0,337,3,'test.txt','ProjectProgramData/61/b3ad61107.txt',61,'text/plain'),('-','2022-06-08 11:30:54','-','2022-06-08 11:30:54',0,338,4,'test.txt','PolicyData/99/53d23465.txt',99,'text/plain'),('-','2022-06-08 11:30:59','-','2022-06-08 11:30:59',0,339,4,'test.txt','PolicyData/99/8f214fd5.txt',99,'text/plain'),('-','2022-06-15 04:28:36','-','2022-06-15 04:28:36',0,340,3,'test.txt','ProjectProgramData/62/bb9304e9.txt',62,'text/plain'),('-','2022-06-15 04:28:47','-','2022-06-15 04:28:47',0,341,3,'test.txt','ProjectProgramData/62/75e108c73.txt',62,'text/plain'),('-','2022-06-17 06:51:18','-','2022-06-17 06:51:18',0,342,3,'test.txt','ProjectProgramData/63/def50801.txt',63,'text/plain'),('-','2022-06-21 10:29:03','-','2022-06-21 10:29:03',0,343,3,'test.txt','ProjectProgramData/65/e3bdbdd2.txt',65,'text/plain'),('-','2022-06-21 10:52:01','-','2022-06-21 10:52:01',0,344,6,'test.txt','ParameterLocationData/541/4f1010dc2.txt',541,'text/plain'),('-','2022-06-24 08:00:48','-','2022-06-24 08:00:48',0,347,5,'test.txt','Parameter/627/88c09f106.txt',627,'text/plain'),('-','2022-06-24 08:00:53','-','2022-06-24 08:00:53',0,348,5,'test.txt','Parameter/627/2af92627.txt',627,'text/plain'),('-','2022-06-24 08:26:51','-','2022-06-24 08:26:51',0,354,6,'test.txt','ParameterLocationData/544/e2851d4f.txt',544,'text/plain'),('-','2022-06-24 08:27:02','-','2022-06-24 08:27:02',0,355,6,'test.txt','ParameterLocationData/545/4c2a6a8a.txt',545,'text/plain'),('-','2022-06-24 08:27:05','-','2022-06-24 08:27:05',0,356,6,'test.txt','ParameterLocationData/545/a10d640f8.txt',545,'text/plain'),('-','2022-06-27 03:17:16','-','2022-06-27 03:17:16',0,357,5,'test.txt','Parameter/345/6b310d2b9.txt',345,'text/plain'),('-','2022-06-28 09:32:09','-','2022-06-28 09:32:09',0,359,1,'ce823e10a.xlsx','ProjectProgramme/100/ee78dbf3.xlsx',100,'application/vnd.openxmlformats-officedocument.spreadsheetml.sheet'),('-','2022-06-28 09:36:06','-','2022-06-28 09:36:06',0,360,1,'ce823e10a (1).xlsx','ProjectProgramme/100/90d1580c.xlsx',100,'application/vnd.openxmlformats-officedocument.spreadsheetml.sheet'),('-','2022-06-28 10:12:26','-','2022-06-28 10:12:26',0,368,5,'1154e82e.xlsx','Parameter/345/ca96610e1.xlsx',345,'application/vnd.openxmlformats-officedocument.spreadsheetml.sheet'),('-','2022-06-29 04:48:58','-','2022-06-29 04:48:58',0,369,1,'test.txt','ProjectProgramme/124/3243ba2a.txt',124,'text/plain'),('-','2022-06-30 04:21:11','-','2022-06-30 04:21:11',0,370,5,'test.txt','Parameter/628/3ca47abb.txt',628,'text/plain'),('-','2022-06-30 04:55:35','-','2022-06-30 04:55:35',0,372,6,'test.xlsx','ParameterLocationData/547/c59a535b.xlsx',547,'application/vnd.openxmlformats-officedocument.spreadsheetml.sheet'),('-','2022-06-30 04:55:42','-','2022-06-30 04:55:42',0,373,6,'test.xlsx','ParameterLocationData/547/a4ceaeb1.xlsx',547,'application/vnd.openxmlformats-officedocument.spreadsheetml.sheet'),('-','2022-06-30 05:42:27','-','2022-06-30 05:42:27',0,375,1,'test.xlsx','ProjectProgramme/129/ab153d35.xlsx',129,'application/vnd.openxmlformats-officedocument.spreadsheetml.sheet'),('-','2022-06-30 05:45:48','-','2022-06-30 05:45:48',0,376,3,'test.xlsx','ProjectProgramData/67/10b10c3ed3.xlsx',67,'application/vnd.openxmlformats-officedocument.spreadsheetml.sheet'),('-','2022-06-30 07:32:29','-','2022-06-30 07:32:29',0,377,5,'56ad4de2.xlsx','Parameter/345/fb9e7323.xlsx',345,'application/vnd.openxmlformats-officedocument.spreadsheetml.sheet'),('-','2022-06-30 10:28:27','-','2022-06-30 10:28:27',0,390,2,'1154e82e (3).xlsx','Policy/139/7df47bd3.xlsx',139,'application/vnd.openxmlformats-officedocument.spreadsheetml.sheet'),('-','2022-06-30 10:31:43','-','2022-06-30 10:31:43',0,391,1,'56ad4de2 (1).xlsx','ProjectProgramme/70/1e1f1f16.xlsx',70,'application/vnd.openxmlformats-officedocument.spreadsheetml.sheet'),('-','2022-06-30 10:33:31','-','2022-06-30 10:33:31',0,392,1,'2f569925 (2).xlsx','ProjectProgramme/70/671f0872.xlsx',70,'application/vnd.openxmlformats-officedocument.spreadsheetml.sheet'),('-','2022-06-30 10:51:50','-','2022-06-30 10:51:50',0,393,1,'1154e82e (3).xlsx','ProjectProgramme/95/92396b69.xlsx',95,'application/vnd.openxmlformats-officedocument.spreadsheetml.sheet'),('-','2022-06-30 10:59:13','-','2022-06-30 10:59:13',0,394,1,'7101b8431.xlsx','ProjectProgramme/95/625d16c1.xlsx',95,'application/vnd.openxmlformats-officedocument.spreadsheetml.sheet'),('-','2022-06-30 11:00:16','-','2022-06-30 11:00:16',0,395,1,'56ad4de2 (1).xlsx','ProjectProgramme/95/a1107837b.xlsx',95,'application/vnd.openxmlformats-officedocument.spreadsheetml.sheet'),('-','2022-06-30 11:02:52','-','2022-06-30 11:02:52',0,396,1,'56ad4de2.xlsx','ProjectProgramme/95/845d3c0f.xlsx',95,'application/vnd.openxmlformats-officedocument.spreadsheetml.sheet'),('-','2022-06-30 11:17:55','-','2022-06-30 11:17:55',0,397,1,'ce823e10a (3).xlsx','ProjectProgramme/95/414310b5c.xlsx',95,'application/vnd.openxmlformats-officedocument.spreadsheetml.sheet'),('-','2022-06-30 11:26:22','-','2022-06-30 11:26:22',0,398,1,'2f569925 (1).xlsx','ProjectProgramme/95/093672c1.xlsx',95,'application/vnd.openxmlformats-officedocument.spreadsheetml.sheet'),('-','2022-06-30 11:33:28','-','2022-06-30 11:33:28',0,399,1,'NCC DSN Data (5).xlsx','ProjectProgramme/95/a6c3f58c.xlsx',95,'application/vnd.openxmlformats-officedocument.spreadsheetml.sheet'),('-','2022-06-30 11:35:14','-','2022-06-30 11:35:14',0,400,5,'NCC DSN Data (5).xlsx','Parameter/345/10bec8c17.xlsx',345,'application/vnd.openxmlformats-officedocument.spreadsheetml.sheet'),('-','2022-06-30 11:40:40','-','2022-06-30 11:40:40',0,404,1,'NCC DSN Data (5).xlsx','ProjectProgramme/70/c7e4354d.xlsx',70,'application/vnd.openxmlformats-officedocument.spreadsheetml.sheet'),('-','2022-06-30 11:42:17','-','2022-06-30 11:42:17',0,405,5,'NCC DSN Data (4).xlsx','Parameter/345/ffdb7cab.xlsx',345,'application/vnd.openxmlformats-officedocument.spreadsheetml.sheet'),('-','2022-06-30 11:42:55','-','2022-06-30 11:42:55',0,406,2,'ffdb7cab.xlsx','Policy/139/d7f265d8.xlsx',139,'application/vnd.openxmlformats-officedocument.spreadsheetml.sheet'),('-','2022-06-30 11:43:59','-','2022-06-30 11:43:59',0,407,2,'d7f265d8.xlsx','Policy/139/109ca6653.xlsx',139,'application/vnd.openxmlformats-officedocument.spreadsheetml.sheet'),('-','2022-06-30 11:45:45','-','2022-06-30 11:45:45',0,408,2,'371a2057.xlsx','Policy/139/101e873210.xlsx',139,'application/vnd.openxmlformats-officedocument.spreadsheetml.sheet'),('-','2022-06-30 11:47:28','-','2022-06-30 11:47:28',0,409,2,'4c105e44.xlsx','Policy/139/f10298e9a.xlsx',139,'application/vnd.openxmlformats-officedocument.spreadsheetml.sheet'),('-','2022-06-30 11:52:03','-','2022-06-30 11:52:03',0,410,2,'f10298e9a.xlsx','Policy/139/9c46a508.xlsx',139,'application/vnd.openxmlformats-officedocument.spreadsheetml.sheet'),('-','2022-06-30 11:53:55','-','2022-06-30 11:53:55',0,411,2,'a6c3f58c.xlsx','Policy/139/e977f9e8.xlsx',139,'application/vnd.openxmlformats-officedocument.spreadsheetml.sheet'),('-','2022-06-30 11:55:31','-','2022-06-30 11:55:31',0,412,2,'e977f9e8 (1).xlsx','Policy/139/b4d75e9f.xlsx',139,'application/vnd.openxmlformats-officedocument.spreadsheetml.sheet'),('-','2022-07-01 04:35:39','-','2022-07-01 04:35:39',0,413,6,'test.txt','ParameterLocationData/548/21246fef.txt',548,'text/plain'),('-','2022-07-01 04:35:45','-','2022-07-01 04:35:45',0,414,6,'test.txt','ParameterLocationData/548/118ca5cc.txt',548,'text/plain'),('-','2022-07-01 06:08:03','-','2022-07-01 06:08:03',0,415,5,'test.txt','Parameter/628/afd379b0.txt',628,'text/plain'),('-','2022-07-01 13:56:22','-','2022-07-01 13:56:22',0,417,5,'test.txt','Parameter/193/30f366f5.txt',193,'text/plain'),('-','2022-07-06 04:23:54','-','2022-07-06 04:23:54',0,418,1,'test.pdf','ProjectProgramme/132/c610e6dda.pdf',132,'application/pdf'),('-','2022-07-06 04:40:15','-','2022-07-06 04:40:15',0,425,3,'test.pdf','ProjectProgramData/69/a8610c33d.pdf',69,'application/pdf'),('-','2022-07-06 05:20:19','-','2022-07-06 05:20:19',0,426,6,'test.pdf','ParameterLocationData/544/dc4f54f10.pdf',544,'application/pdf'),('-','2022-07-06 05:20:23','-','2022-07-06 05:20:23',0,427,6,'test.pdf','ParameterLocationData/544/2cc5c3e1.pdf',544,'application/pdf'),('-','2022-07-06 05:21:11','-','2022-07-06 05:21:11',0,428,6,'test.pdf','ParameterLocationData/544/7692d0c1.pdf',544,'application/pdf'),('-','2022-07-06 05:21:23','-','2022-07-06 05:21:23',0,429,4,'test.pdf','PolicyData/97/84c54b51.pdf',97,'application/pdf'),('-','2022-07-06 05:21:26','-','2022-07-06 05:21:26',0,430,4,'test.pdf','PolicyData/97/510cbdfac.pdf',97,'application/pdf'),('-','2022-07-06 05:22:11','-','2022-07-06 05:22:11',0,432,6,'test.pdf','ParameterLocationData/545/ebd9dd8e.pdf',545,'application/pdf'),('-','2022-07-06 05:22:15','-','2022-07-06 05:22:15',0,433,6,'test.pdf','ParameterLocationData/545/5b813879.pdf',545,'application/pdf'),('-','2022-07-06 06:05:20','-','2022-07-06 06:05:20',0,436,6,'test.pdf','ParameterLocationData/541/07e73224.pdf',541,'application/pdf'),('-','2022-07-06 06:06:07','-','2022-07-06 06:06:07',0,437,6,'test.pdf','ParameterLocationData/541/99144dd6.pdf',541,'application/pdf'),('-','2022-07-06 09:43:59','-','2022-07-06 09:43:59',0,439,5,'test.pdf','Parameter/635/5710f41c1.pdf',635,'application/pdf'),('-','2022-07-06 09:54:42','-','2022-07-06 09:54:42',0,440,6,'test.pdf','ParameterLocationData/550/32f7843d.pdf',550,'application/pdf'),('-','2022-07-06 11:11:24','-','2022-07-06 11:11:24',0,441,5,'test.pdf','Parameter/636/fe13106bf.pdf',636,'application/pdf'),('-','2022-07-07 05:33:17','-','2022-07-07 05:33:17',0,442,1,'test.pdf','ProjectProgramme/133/927bc5db.pdf',133,'application/pdf'),('-','2022-07-07 05:54:47','-','2022-07-07 05:54:47',0,444,2,'test.pdf','Policy/179/238e31080.pdf',179,'application/pdf'),('-','2022-07-07 11:59:42','-','2022-07-07 11:59:42',0,446,3,'test.pdf','ProjectProgramData/66/6d9d371c.pdf',66,'application/pdf'),('-','2022-07-07 12:00:15','-','2022-07-07 12:00:15',0,448,4,'test.pdf','PolicyData/98/ab7318510.pdf',98,'application/pdf'),('-','2022-07-12 03:49:53','-','2022-07-12 03:49:53',0,451,1,'test.pdf','ProjectProgramme/134/11b7b6e2.pdf',134,'application/pdf'),('-','2022-07-12 03:54:45','-','2022-07-12 03:54:45',0,452,3,'test.pdf','ProjectProgramData/70/b318df9e.pdf',70,'application/pdf'),('-','2022-07-12 03:56:41','-','2022-07-12 03:56:41',0,454,3,'test.pdf','ProjectProgramData/59/c3c81a78.pdf',59,'application/pdf'),('-','2022-07-12 04:05:04','-','2022-07-12 04:05:04',0,456,5,'test.pdf','Parameter/639/da943bcc.pdf',639,'application/pdf'),('-','2022-07-12 04:05:08','-','2022-07-12 04:05:08',0,457,5,'test.pdf','Parameter/639/30b1b24d.pdf',639,'application/pdf'),('-','2022-07-12 04:08:04','-','2022-07-12 04:08:04',0,458,6,'test.pdf','ParameterLocationData/552/ea412946.pdf',552,'application/pdf'),('-','2022-07-12 04:08:08','-','2022-07-12 04:08:08',0,459,6,'test.pdf','ParameterLocationData/552/b3583985.pdf',552,'application/pdf'),('-','2022-07-12 04:54:11','-','2022-07-12 04:54:11',0,460,2,'NCC DSN Data (5).xlsx','Policy/62/e7e016bc.xlsx',62,'application/vnd.openxmlformats-officedocument.spreadsheetml.sheet'),('-','2022-07-12 05:31:26','-','2022-07-12 05:31:26',0,461,2,'NCC DSN Data (4).xlsx','Policy/62/b58273b1.xlsx',62,'application/vnd.openxmlformats-officedocument.spreadsheetml.sheet'),('-','2022-07-12 06:03:23','-','2022-07-12 06:03:23',0,462,2,'test.pdf','Policy/177/7389d789.pdf',177,'application/pdf'),('-','2022-07-12 06:03:27','-','2022-07-12 06:03:27',0,463,2,'test.pdf','Policy/177/912d8a8a.pdf',177,'application/pdf'),('-','2022-07-14 06:17:26','-','2022-07-14 06:17:26',0,464,3,'test.pdf','ProjectProgramData/71/f752d2ec.pdf',71,'application/pdf'),('-','2022-07-15 09:51:21','-','2022-07-15 09:51:21',0,466,5,'test.pdf','Parameter/640/97dfedf1.pdf',640,'application/pdf'),('-','2022-07-19 03:46:30','-','2022-07-19 03:46:30',0,467,5,'test.pdf','Parameter/642/4eaf9bb8.pdf',642,'application/pdf'),('-','2022-07-19 04:13:54','-','2022-07-19 04:13:54',0,469,6,'test.pdf','ParameterLocationData/557/10bbef54c.pdf',557,'application/pdf'),('-','2022-07-19 04:14:15','-','2022-07-19 04:14:15',0,471,6,'test.docx','ParameterLocationData/557/794554a6.docx',557,'application/vnd.openxmlformats-officedocument.wordprocessingml.document'),('-','2022-07-19 04:14:40','-','2022-07-19 04:14:40',0,472,6,'301-2500x1667.jpg','ParameterLocationData/557/8c68435d.jpg',557,'image/jpeg'),('-','2022-07-19 04:14:46','-','2022-07-19 04:14:46',0,473,6,'301-2500x1667.jpg','ParameterLocationData/557/3337e427.jpg',557,'image/jpeg'),('-','2022-07-19 04:15:02','-','2022-07-19 04:15:02',0,474,6,'test.pdf','ParameterLocationData/558/b8162776.pdf',558,'application/pdf'),('-','2022-09-14 15:34:07','-','2022-09-14 15:34:07',0,476,5,'NCV.docx','Parameter/643/d3a53cf1.docx',643,'application/vnd.openxmlformats-officedocument.wordprocessingml.document'),('-','2022-09-14 16:06:18','-','2022-09-14 16:06:18',0,477,5,'NCV.docx','Parameter/644/eb1102b110.docx',644,'application/vnd.openxmlformats-officedocument.wordprocessingml.document'),('-','2022-09-15 04:33:22','-','2022-09-15 04:33:22',0,480,5,'test.docx','Parameter/645/cc1b7fe4.docx',645,'application/vnd.openxmlformats-officedocument.wordprocessingml.document'),('-','2022-09-15 05:51:53','-','2022-09-15 05:51:53',0,481,6,'test.docx','ParameterLocationData/563/6a6cb385.docx',563,'application/vnd.openxmlformats-officedocument.wordprocessingml.document'),('-','2022-09-15 05:52:14','-','2022-09-15 05:52:14',0,483,6,'test.pdf','ParameterLocationData/564/ede81ed6.pdf',564,'application/pdf'),('-','2022-09-15 05:52:33','-','2022-09-15 05:52:33',0,485,6,'test.txt','ParameterLocationData/565/510f1dede.txt',565,'text/plain'),('-','2022-09-15 07:27:26','-','2022-09-15 07:27:26',0,487,1,'test.pdf','ProjectProgramme/135/56c1019cd.pdf',135,'application/pdf'),('-','2022-09-15 07:30:50','-','2022-09-15 07:30:50',0,488,3,'test.docx','ProjectProgramData/72/724d569c.docx',72,'application/vnd.openxmlformats-officedocument.wordprocessingml.document'),('-','2022-09-15 10:19:39','-','2022-09-15 10:19:39',0,491,4,'test.docx','PolicyData/117/15fec2510.docx',117,'application/vnd.openxmlformats-officedocument.wordprocessingml.document'),('-','2022-09-15 11:16:43','-','2022-09-15 11:16:43',0,493,1,'NCV.docx','ProjectProgramme/136/7e0ffba7.docx',136,'application/vnd.openxmlformats-officedocument.wordprocessingml.document'),('-','2022-09-15 11:16:52','-','2022-09-15 11:16:52',0,494,1,'NCV.docx','ProjectProgramme/136/7b7f6525.docx',136,'application/vnd.openxmlformats-officedocument.wordprocessingml.document'),('-','2022-09-15 11:53:24','-','2022-09-15 11:53:24',0,495,2,'NCV.docx','Policy/192/bf7dc8a7.docx',192,'application/vnd.openxmlformats-officedocument.wordprocessingml.document'),('-','2022-09-27 03:31:49','-','2022-09-27 03:31:49',0,498,5,'test.pdf','Parameter/642/61059c94f.pdf',642,'application/pdf'),('-','2022-09-27 03:31:54','-','2022-09-27 03:31:54',0,499,5,'test.pdf','Parameter/642/29eeb82c.pdf',642,'application/pdf'),('-','2022-10-04 09:50:46','-','2022-10-04 09:50:46',0,500,5,'test.pdf','Parameter/345/a1d89ac2.pdf',345,'application/pdf'),('-','2022-10-04 09:50:56','-','2022-10-04 09:50:56',0,501,5,'test.pdf','Parameter/345/c65e12b6.pdf',345,'application/pdf'),('-','2022-10-04 09:51:11','-','2022-10-04 09:51:11',0,502,5,'test.docx','Parameter/345/b2c869c3.docx',345,'application/vnd.openxmlformats-officedocument.wordprocessingml.document'),('-','2022-10-04 09:51:19','-','2022-10-04 09:51:19',0,503,5,'test.docx','Parameter/345/ecbacb4d.docx',345,'application/vnd.openxmlformats-officedocument.wordprocessingml.document'),('-','2022-10-11 03:40:18','-','2022-10-11 03:40:18',0,504,6,'test.docx','ParameterLocationData/556/ae103e7b5.docx',556,'application/vnd.openxmlformats-officedocument.wordprocessingml.document'),('-','2022-10-11 03:40:23','-','2022-10-11 03:40:23',0,505,6,'test.docx','ParameterLocationData/556/edce935d.docx',556,'application/vnd.openxmlformats-officedocument.wordprocessingml.document'),('-','2022-10-13 06:52:12','-','2022-10-13 06:52:12',0,506,6,'NCC DSN Data (6).xlsx','ParameterLocationData/567/e97d4ab6.xlsx',567,'application/vnd.openxmlformats-officedocument.spreadsheetml.sheet'),('-','2022-10-13 07:01:09','-','2022-10-13 07:01:09',0,508,6,'test.pdf','ParameterLocationData/568/4626b880.pdf',568,'application/pdf'),('-','2022-10-16 13:55:16','-','2022-10-16 13:55:16',0,509,6,'Rathnapura district.pdf','ParameterLocationData/573/be158c3b.pdf',573,'application/pdf'),('-','2022-10-18 05:52:00','-','2022-10-18 05:52:00',0,510,6,'gV4ke9ak_400x400.jpg','ParameterLocationData/497/94686319.jpg',497,'image/jpeg'),('-','2022-10-19 06:04:09','-','2022-10-19 06:04:09',0,513,2,'20221019_Training script_Day 03_Water_resource_board.docx','Policy/203/b1e16215.docx',203,'application/vnd.openxmlformats-officedocument.wordprocessingml.document'),('-','2022-10-19 06:04:21','-','2022-10-19 06:04:21',0,514,2,'20221019_Training script_Day 03_Water_resource_board.docx','Policy/203/e1121640.docx',203,'application/vnd.openxmlformats-officedocument.wordprocessingml.document'),('-','2022-11-25 06:59:43','-','2022-11-25 06:59:43',0,515,5,'test.pdf','Parameter/345/8efc5ab6.pdf',345,'application/pdf'),('-','2022-11-25 07:00:36','-','2022-11-25 07:00:36',0,516,6,'test.pdf','ParameterLocationData/537/8bad0be6.pdf',537,'application/pdf'),('-','2022-11-25 07:01:30','-','2022-11-25 07:01:30',0,518,6,'test.pdf','ParameterLocationData/549/1955cccd.pdf',549,'application/pdf'),('-','2022-11-25 07:01:34','-','2022-11-25 07:01:34',0,519,6,'test.pdf','ParameterLocationData/549/78d61edc.pdf',549,'application/pdf'),('-','2023-02-23 13:00:20','-','2023-02-23 13:00:20',0,520,5,'National Emblem.png','Parameter/2587/6411712d.png',2587,'image/png'),('-','2023-02-23 13:00:42','-','2023-02-23 13:00:42',0,521,5,'Ministries Gazette.pdf','Parameter/2587/f1906f41.pdf',2587,'application/pdf');
/*!40000 ALTER TABLE `documents` ENABLE KEYS */;
UNLOCK TABLES;

--
-- Table structure for table `financing_scheme`
--

DROP TABLE IF EXISTS `financing_scheme`;
/*!40101 SET @saved_cs_client     = @@character_set_client */;
/*!50503 SET character_set_client = utf8mb4 */;
CREATE TABLE `financing_scheme` (
  `createdBy` varchar(255) NOT NULL,
  `createdOn` datetime NOT NULL,
  `editedBy` varchar(255) NOT NULL,
  `editedOn` datetime NOT NULL,
  `status` int NOT NULL,
  `id` int NOT NULL AUTO_INCREMENT,
  `name` varchar(255) NOT NULL,
  `sortOrder` int NOT NULL,
  `description` varchar(2500) NOT NULL,
  PRIMARY KEY (`id`)
) ENGINE=InnoDB AUTO_INCREMENT=3 DEFAULT CHARSET=utf8mb4 COLLATE=utf8mb4_0900_ai_ci;
/*!40101 SET character_set_client = @saved_cs_client */;

--
-- Dumping data for table `financing_scheme`
--

LOCK TABLES `financing_scheme` WRITE;
/*!40000 ALTER TABLE `financing_scheme` DISABLE KEYS */;
INSERT INTO `financing_scheme` VALUES (' ','2020-11-15 00:00:00',' ','2020-11-15 00:00:00',0,1,'Loan',1,''),(' ','2020-11-15 00:00:00',' ','2020-11-15 00:00:00',0,2,'Grant',2,'');
/*!40000 ALTER TABLE `financing_scheme` ENABLE KEYS */;
UNLOCK TABLES;

--
-- Table structure for table `frequency`
--

DROP TABLE IF EXISTS `frequency`;
/*!40101 SET @saved_cs_client     = @@character_set_client */;
/*!50503 SET character_set_client = utf8mb4 */;
CREATE TABLE `frequency` (
  `createdBy` varchar(255) NOT NULL,
  `createdOn` datetime NOT NULL,
  `editedBy` varchar(255) NOT NULL,
  `editedOn` datetime NOT NULL,
  `status` int NOT NULL,
  `id` int NOT NULL AUTO_INCREMENT,
  `name` varchar(255) NOT NULL,
  `sortOrder` int NOT NULL,
  `description` varchar(2500) NOT NULL,
  `deadlineId` int DEFAULT NULL,
  PRIMARY KEY (`id`),
  KEY `FK_77303480849f21abb3dff4e4ebf` (`deadlineId`),
  CONSTRAINT `FK_77303480849f21abb3dff4e4ebf` FOREIGN KEY (`deadlineId`) REFERENCES `deadline` (`id`)
) ENGINE=InnoDB AUTO_INCREMENT=7 DEFAULT CHARSET=utf8mb4 COLLATE=utf8mb4_0900_ai_ci;
/*!40101 SET character_set_client = @saved_cs_client */;

--
-- Dumping data for table `frequency`
--

LOCK TABLES `frequency` WRITE;
/*!40000 ALTER TABLE `frequency` DISABLE KEYS */;
INSERT INTO `frequency` VALUES ('test','2020-11-15 00:00:00','test','2020-11-15 00:00:00',1,1,'Daily',1,'',5),('test','2020-11-15 00:00:00','test','2020-11-15 00:00:00',1,2,'Weekly',1,'',4),('test','2020-11-15 00:00:00','test','2020-11-15 00:00:00',1,3,'Monthly',1,'',3),('test','2020-11-15 00:00:00','test','2020-11-15 00:00:00',1,4,'Annually',1,'',1),('test','2020-11-15 00:00:00','test','2020-11-15 00:00:00',1,5,'Quarterly',1,'',2),(' ','2020-11-15 00:00:00',' ','2020-11-15 00:00:00',1,6,'Biannually',1,'',1);
/*!40000 ALTER TABLE `frequency` ENABLE KEYS */;
UNLOCK TABLES;

--
-- Table structure for table `frequency_detail`
--

DROP TABLE IF EXISTS `frequency_detail`;
/*!40101 SET @saved_cs_client     = @@character_set_client */;
/*!50503 SET character_set_client = utf8mb4 */;
CREATE TABLE `frequency_detail` (
  `createdBy` varchar(255) NOT NULL,
  `createdOn` datetime NOT NULL,
  `editedBy` varchar(255) NOT NULL,
  `editedOn` datetime NOT NULL,
  `status` int NOT NULL,
  `id` int NOT NULL AUTO_INCREMENT,
  `name` varchar(255) NOT NULL,
  `sortOrder` int NOT NULL,
  `numberOfDate` int NOT NULL,
  `frequencyId` int DEFAULT NULL,
  `numberofMonth` int NOT NULL,
  `numberOfYear` int NOT NULL,
  `description` varchar(2500) NOT NULL,
  PRIMARY KEY (`id`),
  KEY `FK_87b2f7bf48ba3169fe857b372bc` (`frequencyId`),
  CONSTRAINT `FK_87b2f7bf48ba3169fe857b372bc` FOREIGN KEY (`frequencyId`) REFERENCES `frequency` (`id`)
) ENGINE=InnoDB AUTO_INCREMENT=49 DEFAULT CHARSET=utf8mb4 COLLATE=utf8mb4_0900_ai_ci;
/*!40101 SET character_set_client = @saved_cs_client */;

--
-- Dumping data for table `frequency_detail`
--

LOCK TABLES `frequency_detail` WRITE;
/*!40000 ALTER TABLE `frequency_detail` DISABLE KEYS */;
INSERT INTO `frequency_detail` VALUES ('test','2020-11-15 00:00:00','test','2020-11-15 00:00:00',1,1,'1',1,1,1,0,0,''),('test','2020-11-15 00:00:00','test','2020-11-15 00:00:00',1,2,'Week',1,7,2,0,0,''),('test','2020-11-15 00:00:00','test','2020-11-15 00:00:00',1,3,'January',1,31,3,1,0,''),('test','2020-11-15 00:00:00','test','2020-11-15 00:00:00',1,4,'Febuary',1,28,3,1,0,''),('test','2020-11-15 00:00:00','test','2020-11-15 00:00:00',1,5,'March',1,31,3,1,0,''),('test','2020-11-15 00:00:00','test','2020-11-15 00:00:00',1,6,'Aprial',1,30,3,1,0,''),('test','2020-11-15 00:00:00','test','2020-11-15 00:00:00',1,7,'May',1,31,3,1,0,''),('test','2020-11-15 00:00:00','test','2020-11-15 00:00:00',1,8,'June',1,30,3,1,0,''),('test','2020-11-15 00:00:00','test','2020-11-15 00:00:00',1,9,'July',1,31,3,1,0,''),('test','2020-11-15 00:00:00','test','2020-11-15 00:00:00',1,10,'Augest',1,31,3,1,0,''),('test','2020-11-15 00:00:00','test','2020-11-15 00:00:00',1,11,'September',1,30,3,1,0,''),('test','2020-11-15 00:00:00','test','2020-11-15 00:00:00',1,12,'October',1,31,3,1,0,''),('test','2020-11-15 00:00:00','test','2020-11-15 00:00:00',1,13,'November',1,30,3,1,0,''),('test','2020-11-15 00:00:00','test','2020-11-15 00:00:00',1,14,'December',1,31,3,1,0,''),('test','2020-11-15 00:00:00','test','2020-11-15 00:00:00',1,15,'2',1,1,1,0,0,''),('test','2020-11-15 00:00:00','test','2020-11-15 00:00:00',1,16,'3',1,1,1,0,0,''),('test','2020-11-15 00:00:00','test','2020-11-15 00:00:00',1,17,'4',1,1,1,0,0,''),('test','2020-11-15 00:00:00','test','2020-11-15 00:00:00',1,18,'5',1,1,1,0,0,''),('test','2020-11-15 00:00:00','test','2020-11-15 00:00:00',1,19,'6',1,1,1,0,0,''),('test','2020-11-15 00:00:00','test','2020-11-15 00:00:00',1,20,'7',1,1,1,0,0,''),('test','2020-11-15 00:00:00','test','2020-11-15 00:00:00',1,21,'8',1,1,1,0,0,''),('test','2020-11-15 00:00:00','test','2020-11-15 00:00:00',1,22,'9',1,1,1,0,0,''),('test','2020-11-15 00:00:00','test','2020-11-15 00:00:00',1,23,'10',1,1,1,0,0,''),('test','2020-11-15 00:00:00','test','2020-11-15 00:00:00',1,24,'11',1,1,1,0,0,''),('test','2020-11-15 00:00:00','test','2020-11-15 00:00:00',1,25,'12',1,1,1,0,0,''),('test','2020-11-15 00:00:00','test','2020-11-15 00:00:00',1,26,'13',1,1,1,0,0,''),('test','2020-11-15 00:00:00','test','2020-11-15 00:00:00',1,27,'14',1,1,1,0,0,''),('test','2020-11-15 00:00:00','test','2020-11-15 00:00:00',1,28,'15',1,1,1,0,0,''),('test','2020-11-15 00:00:00','test','2020-11-15 00:00:00',1,29,'16',1,1,1,0,0,''),('test','2020-11-15 00:00:00','test','2020-11-15 00:00:00',1,30,'17',1,1,1,0,0,''),('test','2020-11-15 00:00:00','test','2020-11-15 00:00:00',1,31,'18',1,1,1,0,0,''),('test','2020-11-15 00:00:00','test','2020-11-15 00:00:00',1,32,'19',1,1,1,0,0,''),('test','2020-11-15 00:00:00','test','2020-11-15 00:00:00',1,33,'20',1,1,1,0,0,''),('test','2020-11-15 00:00:00','test','2020-11-15 00:00:00',1,34,'21',1,1,1,0,0,''),('test','2020-11-15 00:00:00','test','2020-11-15 00:00:00',1,35,'22',1,1,1,0,0,''),('test','2020-11-15 00:00:00','test','2020-11-15 00:00:00',1,36,'23',1,1,1,0,0,''),('test','2020-11-15 00:00:00','test','2020-11-15 00:00:00',1,37,'24',1,1,1,0,0,''),('test','2020-11-15 00:00:00','test','2020-11-15 00:00:00',1,38,'25',1,1,1,0,0,''),('test','2020-11-15 00:00:00','test','2020-11-15 00:00:00',1,39,'26',1,1,1,0,0,''),('test','2020-11-15 00:00:00','test','2020-11-15 00:00:00',1,40,'27',1,1,1,0,0,''),('test','2020-11-15 00:00:00','test','2020-11-15 00:00:00',1,41,'28',1,1,1,0,0,''),('test','2020-11-15 00:00:00','test','2020-11-15 00:00:00',1,42,'29',1,1,1,0,0,''),('test','2020-11-15 00:00:00','test','2020-11-15 00:00:00',1,43,'30',1,1,1,0,0,''),('test','2020-11-15 00:00:00','test','2020-11-15 00:00:00',1,44,'31',1,1,1,0,0,''),('test','2020-11-15 00:00:00','test','2020-11-15 00:00:00',1,45,'2020',1,360,4,0,0,''),('test','2020-11-15 00:00:00','test','2020-11-15 00:00:00',1,46,'2021',1,360,4,0,0,''),('test','2020-11-15 00:00:00','test','2020-11-15 00:00:00',1,47,'1 st Quarter',1,180,5,0,0,''),('test','2020-11-15 00:00:00','test','2020-11-15 00:00:00',1,48,'2 nd Quarter',1,180,5,0,0,'');
/*!40000 ALTER TABLE `frequency_detail` ENABLE KEYS */;
UNLOCK TABLES;

--
-- Table structure for table `hierarchy`
--

DROP TABLE IF EXISTS `hierarchy`;
/*!40101 SET @saved_cs_client     = @@character_set_client */;
/*!50503 SET character_set_client = utf8mb4 */;
CREATE TABLE `hierarchy` (
  `createdBy` varchar(255) NOT NULL,
  `createdOn` datetime NOT NULL,
  `editedBy` varchar(255) NOT NULL,
  `editedOn` datetime NOT NULL,
  `status` int NOT NULL,
  `id` int NOT NULL AUTO_INCREMENT,
  `name` varchar(255) NOT NULL,
  `description` varchar(2500) NOT NULL,
  `sortOrder` int NOT NULL,
  PRIMARY KEY (`id`)
) ENGINE=InnoDB AUTO_INCREMENT=5 DEFAULT CHARSET=utf8mb4 COLLATE=utf8mb4_0900_ai_ci;
/*!40101 SET character_set_client = @saved_cs_client */;

--
-- Dumping data for table `hierarchy`
--

LOCK TABLES `hierarchy` WRITE;
/*!40000 ALTER TABLE `hierarchy` DISABLE KEYS */;
INSERT INTO `hierarchy` VALUES (' ','2020-12-11 23:29:13',' ','2020-12-11 23:29:13',1,1,'National','National',1),(' ','2020-12-11 23:29:13',' ','2020-12-11 23:29:13',1,2,'Provincial','Provincial',1),(' ','2020-12-11 23:29:13',' ','2020-12-11 23:29:13',1,3,'District','District Level',1),(' ','2020-12-11 23:29:13',' ','2020-12-11 23:29:13',1,4,'Divisional Secretariat','Divisional Secretariat Level',1);
/*!40000 ALTER TABLE `hierarchy` ENABLE KEYS */;
UNLOCK TABLES;

--
-- Table structure for table `institution`
--

DROP TABLE IF EXISTS `institution`;
/*!40101 SET @saved_cs_client     = @@character_set_client */;
/*!50503 SET character_set_client = utf8mb4 */;
CREATE TABLE `institution` (
  `createdBy` varchar(255) NOT NULL,
  `createdOn` datetime NOT NULL,
  `editedBy` varchar(255) NOT NULL,
  `editedOn` datetime NOT NULL,
  `status` int NOT NULL,
  `id` int NOT NULL AUTO_INCREMENT,
  `name` varchar(255) NOT NULL,
  `sortOrder` int NOT NULL,
  `categoryId` int DEFAULT NULL,
  `provinceId` int DEFAULT NULL,
  `districtId` int DEFAULT NULL,
  `divisionalSecretariatId` int DEFAULT NULL,
  `parentInstitutionId` int DEFAULT NULL,
  `isNational` tinyint NOT NULL,
  `typeId` int DEFAULT NULL,
  `description` varchar(2500) NOT NULL,
  `hierarchyId` int DEFAULT NULL,
  `deletedAt` datetime(6) DEFAULT NULL,
  `canNotDelete` tinyint NOT NULL DEFAULT '0',
  PRIMARY KEY (`id`),
  UNIQUE KEY `IDX_d218ad3566afa9e396f184fd7d` (`name`),
  KEY `FK_624b822b4a45197c6f0b88051bc` (`categoryId`),
  KEY `FK_3a8f2259e033ac457dee8b8a3ec` (`provinceId`),
  KEY `FK_354629b256d0b036bbddb67278e` (`districtId`),
  KEY `FK_f09f60c0ceb33b7c7af38eacecb` (`divisionalSecretariatId`),
  KEY `FK_3ca64cf0f964345e07b4c469bbe` (`parentInstitutionId`),
  KEY `FK_4893e540d687978250eb88fa2dc` (`typeId`),
  KEY `FK_3fe9d6b9395aec36ea9b417b8fe` (`hierarchyId`),
  CONSTRAINT `FK_354629b256d0b036bbddb67278e` FOREIGN KEY (`districtId`) REFERENCES `district` (`id`),
  CONSTRAINT `FK_3a8f2259e033ac457dee8b8a3ec` FOREIGN KEY (`provinceId`) REFERENCES `province` (`id`),
  CONSTRAINT `FK_3ca64cf0f964345e07b4c469bbe` FOREIGN KEY (`parentInstitutionId`) REFERENCES `institution` (`id`),
  CONSTRAINT `FK_3fe9d6b9395aec36ea9b417b8fe` FOREIGN KEY (`hierarchyId`) REFERENCES `hierarchy` (`id`),
  CONSTRAINT `FK_4893e540d687978250eb88fa2dc` FOREIGN KEY (`typeId`) REFERENCES `institution_type` (`id`),
  CONSTRAINT `FK_624b822b4a45197c6f0b88051bc` FOREIGN KEY (`categoryId`) REFERENCES `institution_category` (`id`),
  CONSTRAINT `FK_f09f60c0ceb33b7c7af38eacecb` FOREIGN KEY (`divisionalSecretariatId`) REFERENCES `divisional_secretariat` (`id`)
) ENGINE=InnoDB AUTO_INCREMENT=609 DEFAULT CHARSET=utf8mb4 COLLATE=utf8mb4_0900_ai_ci;
/*!40101 SET character_set_client = @saved_cs_client */;

--
-- Dumping data for table `institution`
--

LOCK TABLES `institution` WRITE;
/*!40000 ALTER TABLE `institution` DISABLE KEYS */;
INSERT INTO `institution` VALUES ('-','2021-01-08 16:51:08','-','2021-01-08 16:51:08',0,59,'GOSL',0,3,NULL,NULL,NULL,NULL,0,1,'Government of the Democratic Socialist Republic of Sri Lanka',1,NULL,1),('-','2021-01-09 05:06:54','-','2021-01-09 05:06:54',0,66,'Ministry of Defense',0,3,NULL,NULL,NULL,59,0,1,'Creating a country where law and order is established, devoid of crime, anti-social and terrorist activities, thereby guaranteeing the security of all communities of Sri Lanka prioritizing the consolidation of National Security.',1,NULL,0),('-','2021-01-09 05:07:46','-','2021-01-09 05:07:46',0,67,'Ministry of Finance',0,3,NULL,NULL,NULL,59,0,1,'The Ministry of Finance is a cabinet ministry of the Government of Sri Lanka responsible for developing and executing the government\'s public finance policy, economic policy and long term fiscal planning. The Treasury is housed at the General Treasury Building in Fort.\n',1,NULL,0),('-','2021-01-09 05:08:51','-','2021-01-09 05:08:51',0,68,'Ministry of Urban Development and Housing',0,3,NULL,NULL,NULL,59,0,1,'Creating comfortable and clean cities as an economic centre through a novel approach in the physical space and providing residential and urban facilities required by the people.',1,NULL,0),('-','2021-01-09 05:32:09','-','2021-01-09 05:32:09',0,69,'Ministry of Health',0,3,NULL,NULL,NULL,59,0,1,'The Ministry of Health, Nutrition and Indigenous Medicine is the central government ministry of Sri Lanka responsible for health. The ministry is responsible for formulating and implementing national policy on health, nutrition, indigenous medicine and other subjects which come under its purview.',1,NULL,0),('-','2021-01-09 05:33:17','-','2021-01-09 05:33:17',0,70,'Ministry of Environment',0,3,NULL,NULL,NULL,59,0,1,'Use of natural resources while safeguarding Sri Lankas bio diversity and natural beauty for sustainable\ndevelopment, as well as protection of flora, beaches, marshy lands, streams and rivers and wildlife, prevention of waste accumulation, disposal of waste, a clean residential environment and matters related to environmental policies and institutions to ensure sustainable economic development.',1,NULL,0),('-','2021-01-09 05:34:57','-','2021-01-09 05:34:57',0,71,'Ministry of Wildlife and Forest Conservation',0,3,NULL,NULL,NULL,59,0,1,'Fostering biodiversity by conservation of wildlife & forest and expanding national forest cover through\nenvironmental sensitive forest plantation and conservation of natural environment of wildlife.',1,NULL,0),('-','2021-01-09 05:36:00','-','2021-01-09 05:36:00',0,72,'Ministry of Agriculture',0,3,NULL,NULL,NULL,59,0,1,'The Ministry of Agriculture is the central government ministry of Sri Lanka responsible for agriculture. The ministry is responsible for formulating and implementing national policy on home affairs and other subjects which come under its purview.',1,NULL,0),('-','2021-01-09 05:51:18','-','2021-01-09 05:51:18',0,73,'Ministry of Power',0,3,NULL,NULL,NULL,59,0,1,'Catering to the power requirement of all urban and rural communities based on the long term power generation plan and providing power supply that establishes the market competitiveness of Sri Lankan businesses, and establishing energy security. \n',1,NULL,0),('-','2021-01-09 05:53:30','-','2021-01-09 05:53:30',0,74,'Ministry of Energy.',0,3,NULL,NULL,NULL,59,0,1,'Enhancing the capacity for by products including petroleum and gas thus meeting the national requirement so as to curtail all fuel imports and expanding the storage facilities and distribution and regulating the related standards and efficient maintenance of the related state enterprises to ensure energy security. ',1,NULL,0),('-','2021-01-09 05:54:39','-','2021-01-09 05:54:39',0,75,'Ministry of Industries',0,3,NULL,NULL,NULL,59,0,1,'Strengthening and promoting local industrial sector by adoption of advanced strategies in order to earn relatively\nlarge profit in the context of global competition by establishing links with the local, regional and international\nsupply network through diversification of industries. ',1,NULL,0),('-','2021-01-09 05:59:27','-','2021-01-09 05:59:27',0,76,'Ministry of Transport',0,3,NULL,NULL,NULL,59,0,1,'The Ministry of Transport is the central government ministry of Sri Lanka responsible for transport. The ministry is responsible for formulating and implementing national policy on transport and other subjects which come under its purview. ',1,NULL,0),('-','2021-01-09 06:00:15','-','2021-01-09 06:00:15',0,77,'Ministry of Tourism',0,3,NULL,NULL,NULL,59,0,1,'The Ministry of Tourism and Aviation was established on 10thDecember 2019 under the extraordinary gazette No. 2153/12. Among the main objectives of the establishment of a dedicated Ministry in charge of the tourism and Aviation sectors are making available an appropriate policy and regulatory framework, ensure robust infrastructure development and Aviation, promotion of destination Sri Lanka and exercise administrative and financial overview over institutions Gazetted under the Ministry. ',1,NULL,0),('-','2021-01-09 06:01:59','-','2021-01-09 06:01:59',0,78,'Ministry of Public Services, Provincial Councils and Local Government',0,3,NULL,NULL,NULL,59,0,1,'Effect a full capacity development of all government services and deliver optimal services to customers, avoiding duplication of functions by adoption of modern information technology methodologies and provide a high standard of service to the people thereby minimizing inequalities existing at provincial and divisional levels.',1,NULL,0),('-','2021-01-09 06:02:47','-','2021-01-09 06:02:47',0,79,'Ministry of Water Supply',0,3,NULL,NULL,NULL,59,0,1,'The ministry is responsible for people with favorable living conditions through sustainable city planning, safe drinking water supply and improved sanitation facilities, while ensuring the protection of the living environment and water resources.',1,NULL,0),('-','2021-01-09 06:14:22','-','2021-01-09 06:14:22',0,80,'Ministry of Plantation',0,3,NULL,NULL,NULL,59,0,1,'Re-orienting overall plantation industry aimed at attracting export market by diversification of value-added\nproduction through the adoption of research techniques, new technological tools and the optimum utilization\nof land.',1,NULL,0),('-','2021-01-09 06:16:26','-','2021-01-09 06:16:26',0,81,'Ministry of Trade',0,3,NULL,NULL,NULL,59,0,1,'Initiating actions to make available required consumer commodities to the general public through a competitive\nlocal trade network safeguarding the consumer rights. \n',1,NULL,0),('-','2021-01-09 06:17:29','-','2021-01-09 06:17:29',0,82,'Ministry of Lands',0,3,NULL,NULL,NULL,59,0,1,'Ministry of Land was established in 1932. The objectives of the Ministry are to formulate and implement state land policies, conserve state lands, and implement activities related to land settlement and land acquisition for public purposes.',1,NULL,0),('-','2021-01-09 06:38:56','-','2021-01-09 06:38:56',0,83,'Blah BLah',0,2,NULL,4,NULL,59,0,1,'Blah BLah',3,'2021-01-09 06:39:40.000000',0),('-','2021-01-09 06:49:19','-','2021-01-09 06:49:19',0,84,'Ministry of Irrigation',0,3,NULL,NULL,NULL,59,0,1,'The Ministry of Irrigation is the cabinet ministry of the Government of Sri Lanka responsible for: The development of the nation\'s water resources and irrigation infrastructure',1,NULL,0),('-','2021-01-09 06:51:04','-','2021-01-09 06:51:04',0,85,'Ministry of Highways',0,3,NULL,NULL,NULL,59,0,1,'Providing road facilities to the movement of people and establishing integrated road system required to advanced\nSri Lanka towards a develop economy',1,NULL,0),('-','2021-01-09 06:52:02','-','2021-01-09 06:52:02',0,86,'Ministry of Fisheries',0,3,NULL,NULL,NULL,59,0,1,'Creating a fisheries industry that contributes highly to the national economy thereby producing a socially\nrobust business community within the local and overseas market catering to the needs of local fish consumers',1,NULL,0),('-','2021-01-09 06:52:59','-','2021-01-09 06:52:59',0,87,'Ministry of Justice',0,3,NULL,NULL,NULL,59,0,1,'Implementing constitutional reforms according prominence to the sovereignty of the people, and creating the legal background and providing physical facilities to protect the Rule of Law and act in full fairness to all who approach the Law or seek protection of the Law.',1,NULL,0),('-','2021-01-09 06:53:50','-','2021-01-09 06:53:50',0,88,'Ministry of Education',0,3,NULL,NULL,NULL,59,0,1,'Providing opportunities for the future generation to access child friendly education, innovation-based knowledge and an excellent higher education system by adoption of sustainable education strategies in order to empower the Sri Lankan people towards a knowledge-based socio-economy.',1,NULL,0),('-','2021-01-09 07:51:38','-','2021-01-09 07:51:38',0,89,'CCS - Climate Change Secretariat',0,3,NULL,NULL,NULL,70,0,2,'In order to address the cross sectoral  nature of major environmental challenges caused by climate change, and to fulfill the commitments under the United Nations Framework Convention on Climate Change (UNFCCC) &  Kyoto Protocol, the Ministry of Environment, which is the National Focal Point for the UNFCCC and Kyoto Protocol has taken the initiative to establish a Climate Change Secretariat under its  preview.\n\nThe Climate Change Secretariat, which is headed by the Director of the Climate Change Division, adopts a comprehensive national approach to address climate change challenges that  as these concerns  categorize  as an environmental concern, which is also a development issue of Sri Lanka.',1,NULL,0),('-','2021-01-09 11:39:35','-','2021-01-09 11:39:35',0,90,'State Ministry of Internal Security, Home Affairs and Disaster Management',0,3,NULL,NULL,NULL,66,0,1,'Assisting in the formulation of policies in relation to the subject of Internal Security, Home Affairs and Disaster Management for the creation of a secure country under the direction and guidance of the Minister of Defence in conformity with the prescribed Laws, Acts and Ordinances and implementing, projects under the National Budget, State Investment and National Development Programme, and implementing, monitoring and evaluating subjects and functions of the below-mentioned Departments, State Corporations and Statutory Organizations.',1,NULL,0),('-','2021-01-09 11:41:09','-','2021-01-09 11:41:09',0,91,'Department of Meteorology',0,3,NULL,NULL,NULL,90,0,1,'It responsible  to provide services pertaining to Meteorology, Aeronautical Meteorology, Ocean Meteorology, Hydro Meteorology, Agricultural Meteorology, Climatology and Astronomy to government agencies, private sector and the general public in keeping with national interest and international standards.',1,NULL,0),('-','2021-01-09 12:03:14','-','2021-01-09 12:03:14',0,92,'Central Environmental Authority',0,3,NULL,NULL,NULL,70,0,1,'The Central Environmental Authority was established on 12th August 1981 in accordance with the provisions of the National Environmental Act No 47 of 1980. At the inception the main objectives of the Authority were co-ordination of environmental activities and the formulation and review of environmental policy.',1,NULL,0),('-','2021-01-09 12:04:24','-','2021-01-09 12:04:24',0,93,'Geological Surveys and Mines Bureau',0,3,NULL,NULL,NULL,70,0,1,'The Geological Survey and Mines Bureau has always been responsive towards social and environmental issues of the country. It has nurtured corporate attitude and sensitivity over the years fulfilling its obligation to the society while maintaining a robust financial status.',1,NULL,0),('-','2021-01-09 13:42:22','-','2021-01-09 13:42:22',0,94,'State Ministry of Solar, Wind and Hydro Power Generation Projects Development',0,3,NULL,NULL,NULL,73,0,1,'Assisting in the formulation of policies in relation to the subject of Solar, Wind and Hydro Power Generation Projects Development for \"Assuring of obtaining low cost power\" under the direction and guidance of the Minister of Power in conformity with the prescribed Laws, Acts and Ordinances and implementing, projects under the National Budget, State Investment and National Development Programme, and implementing, monitoring and evaluating subjects and functions of the below-mentioned State Corporations and Statutory Organizations.',1,NULL,0),('-','2021-01-09 13:49:14','-','2021-01-09 13:49:14',0,95,'Sri Lanka Sustainable Energy Authority',0,3,NULL,NULL,NULL,94,0,1,'The Sri Lanka Sustainable Energy Authority (or SLSEA) is the primary body responsible for the issuance of licenses for sustainable energy developments in Sri Lanka. In addition to being the key license provider, it is also the organization responsible for promoting renewable energy and sustainable developments in the country.',1,NULL,0),('-','2021-01-09 13:52:11','-','2021-01-09 13:52:11',0,96,'Ceylon Electricity Board',0,1,NULL,NULL,NULL,73,0,1,'Ceylon Electricity Board is a body corporate established on the 1st November 1969 under the Act of Parliament No. 17 of 1969. It is empowered to generate electrical energy, transmit the same and distribute it to reach all categories of consumers and to collect the revenue.',1,'2021-02-12 09:59:49.000000',0),('-','2021-01-09 13:53:27','-','2021-01-09 13:53:27',0,97,'Lanka Electricity Company',0,1,NULL,NULL,NULL,73,0,1,'Description of Lanka Electricity Company',1,NULL,0),('-','2021-01-09 14:02:43','-','2021-01-09 14:02:43',0,98,'Yuga Danavi (Kerawalapitiya) Power Station',0,2,NULL,NULL,NULL,99,0,1,'ince the entrance to the field of power generation, the Company has become a leading Independent Power Producer in the South East Asian Region. In this process the Company developed skills and experience in Engineering, Procurement, Construction, Operation and Maintenance of power plants. Today LTL is maintaining several plants satisfying global standards & the latest power plant constructed and maintained by the company is a 300MW Combined Circle Power Plant, which is multi fuel capable plant presently operating on Heavy Fuel Oil.\n\nAt present, LTL has 424MW of thermal power generation capacity & considering 2009 statistics, LTL has supplied 25% of the total thermal power generation by Independent Power Producers.\n\nThe utilization of the latest available technologies at the power plant constructed has enable to have the highest level of efficiencies and supply electricity at the lowest possible cost',1,'2021-01-10 17:39:58.000000',0),('-','2021-01-09 14:04:55','-','2021-01-09 14:04:55',0,99,'Private Company',0,2,NULL,NULL,NULL,59,0,1,'This is not a Separate definite institution. This will serve as the parent of private companies',1,'2021-01-10 17:40:53.000000',0),('-','2021-01-09 14:23:35','-','2021-01-09 14:23:35',0,100,'Sojitz Kelanitissa Power Station',0,2,NULL,NULL,NULL,99,0,1,'he Sojitz Kelanitissa Power Station (also known as Sojitz Power Station, and AES Kelanitissa Power Station), is privately-owned 172 MW diesel-fired combined cycle power station located in Kelanitissa, in the city of Colombo, Sri Lanka. It is owned by Sojitz Kelanitissa Private Limited, a subsidiary of Sojitz Corporation.[1][2] The power station is located adjacent to the Kelanitissa Power Station, which is a separate government-owned power station.',1,'2021-01-10 17:39:24.000000',0),('-','2021-01-09 14:24:55','-','2021-01-09 14:24:55',0,101,'Ceylon Petroleum Corporation',0,1,NULL,NULL,NULL,74,0,1,'Description of Ceylon Petroleum Corporation',1,NULL,0),('-','2021-01-09 14:27:59','-','2021-01-09 14:27:59',0,102,'Ceylon Petroleum Storage Terminal Ltd.',0,1,NULL,NULL,NULL,74,0,1,'Description of Ceylon Petroleum Storage Terminal Ltd.',1,NULL,0),('-','2021-01-09 15:59:45','-','2021-01-09 15:59:45',0,103,'State Ministry of Vehicle Regulation, Bus Transport Services and Train Compartments and Motor Car Industry',0,3,NULL,NULL,NULL,76,0,1,'Assisting in the formulation of policies in relation to the subject of Vehicle Regulation, bus Transport Services and Train Compartments and Motor Car Industry for \"development of transport network for effi cient and environmental friendly public transport\" under the direction and guidance of the Minister of transport in conformity with the prescribed Laws, Acts and Ordinances and implementing, projects under the National Budget, State Investment and National Development Programme, and implementing, monitoring and evaluating subjects and functions of the below-mentioned Departments, State Corporations and Statutory Organizations.',1,NULL,0),('-','2021-01-09 16:01:14','-','2021-01-09 16:01:14',0,104,'Department of Motor Traffic ',0,3,NULL,NULL,NULL,103,0,1,'The DMT is established to execute the rules and regulations entrusted by the Motor Traffic Act and others in an efficient manner for highest public appreciation',1,NULL,0),('-','2021-01-09 16:03:37','-','2021-01-09 16:03:37',0,106,'Sri Lanka Transport Board',0,3,NULL,NULL,NULL,103,0,1,'The Sri Lanka Transport Board is a bus service provider in Sri Lanka. Between 1958 and 1978, the Ceylon Transport Board was the nationalised enterprise which handled all public bus transport in Sri Lanka. At its peak, it was the largest omnibus company in the world  with about 7,000 buses and over 50,000 employees',1,NULL,0),('-','2021-01-09 16:04:48','-','2021-01-09 16:04:48',0,107,'National Transport Commission',0,3,NULL,NULL,NULL,76,0,1,'The NTC is established to ensure a qualitative, cost effective and safe integrated transport system and services that will provide for the socio-economic development across the country and the different mobility requirements of every individual and corporate citizen of Sri Lanka.',1,NULL,0),('-','2021-01-09 16:05:54','-','2021-01-09 16:05:54',0,108,'Sri Lanka Railway',0,3,NULL,NULL,NULL,76,0,1,'The Sri Lanka Railway Department is Sri Lanka\'s railway owner and primary operator. As part of the Sri Lankan government, it is overseen by the Ministry of Transport.',1,NULL,0),('-','2021-01-09 16:07:16','-','2021-01-09 16:07:16',0,109,'State Minister of Aviation and Export Zones Development',0,3,NULL,NULL,NULL,77,0,1,'Assisting in the formulation of policies in relation to the subject of Aviation and Export Zones Development for an \"environmental and local culture friendly, high foreign exchange earning tourism industry under the\ndirection and guidance of the Minister of Tourism in conformity with the prescribed Laws, Acts and Ordinances and implementing, projects under the National Budget, State Investment and National Development Programme, and implementing, monitoring and evaluating subjects and functions of the below-mentioned Departments, State Corporations and Statutory Organizations.',1,NULL,0),('-','2021-01-09 16:08:35','-','2021-01-09 16:08:35',0,110,'Civil Aviation Authority',0,3,NULL,NULL,NULL,77,0,1,'The Civil Aviation Authority of Sri Lanka oversees the government approval and regulation of civil aviation matters for the nation of Sri Lanka. Its head office is in Katunayake as of 1 February 2018. ',1,NULL,0),('-','2021-01-09 16:10:06','-','2021-01-09 16:10:06',0,111,'State Ministry of Provincial Councils and LocalGovernment',0,3,NULL,NULL,NULL,78,0,1,'Assisting in the formulation of policies in relation to the subject of Provincial Councils and Local Government for the creation of Work Culture for the Country under the direction and guidance of the Minister of Public Services, Provincial Councils and Local Government in conformity with the prescribed Laws, Acts and Ordinances and implementing, projects under the National Budget, State Investment and National Development Programme, and implementing, monitoring and evaluating subjects and functions of the below-mentioned Departments, State Corporations and Statutory Organizations.',1,NULL,0),('-','2021-01-09 16:14:59','-','2021-01-09 16:14:59',0,112,'National Solid Waste Management Support Centre',0,3,NULL,NULL,NULL,111,0,1,'National Solid Waste Management Support Center of Sri Lanka and Waste Management Authority of Western province working with JICA to formulate a master plan on Waste management in western province for next 20 years (till 2040). Under this project, JICA took action to provide PPE\'s to be distributed among Local authorities in western province.',1,NULL,0),('-','2021-01-09 16:24:33','-','2021-01-09 16:24:33',0,113,'Sri Lanka Institute of Local Governance',0,3,NULL,NULL,NULL,111,0,1,'The Sri Lanka Institute of Local Governance (SLILG) was established under Parliamentary Act No. 31 of 1999 with the objective to enhance the institutional and management capabilities of Provincial Councils and Local Government agencies for the efficient and effective provisions of services to the people. It is mandated to conduct capacity building and supports the aims of the devolution process with promoting Good Governance through research, training, consultancies, dissemination of information leading to innovative and effective local governance.',1,NULL,0),('-','2021-01-09 16:26:05','-','2021-01-09 16:26:05',0,114,'Waste Management Authority of the Western Province',0,3,9,NULL,NULL,123,0,1,'Their Website seems to have been compromised',2,NULL,0),('-','2021-01-09 16:27:17','-','2021-01-09 16:27:17',0,115,'Eastern Provincial Council',0,3,2,NULL,NULL,59,0,1,'Description of Eastern Provincial Council',2,NULL,0),('-','2021-01-09 16:28:21','-','2021-01-09 16:28:21',0,116,'Northern Provincial Council',0,3,4,NULL,NULL,59,0,1,'Description of Northern Provincial Council',2,NULL,0),('-','2021-01-09 16:29:26','-','2021-01-09 16:29:26',0,117,'North Central Provincial Council',0,3,3,NULL,NULL,59,0,1,'Description of North Central Provincial Counci',2,NULL,0),('-','2021-01-09 16:30:29','-','2021-01-09 16:30:29',0,118,'North Western Provincial Council',0,3,5,NULL,NULL,59,0,1,'Description of North Western Provincial Council',2,NULL,0),('-','2021-01-09 16:31:31','-','2021-01-09 16:31:31',0,119,'Central Provincial Council',0,3,1,NULL,NULL,59,0,1,'Description of Central Provincial Council',2,NULL,0),('-','2021-01-09 16:32:25','-','2021-01-09 16:32:25',0,120,'Uva Provincial Council',0,3,8,NULL,NULL,59,0,1,'Description of V',2,NULL,0),('-','2021-01-09 16:33:19','-','2021-01-09 16:33:19',0,121,'Sabaragamuwa Provincial Council',0,3,6,NULL,NULL,59,0,1,'Description of Sabaragamuwa Provincial Council',2,NULL,0),('-','2021-01-09 16:35:45','-','2021-01-09 16:35:45',0,122,'Southern Provincial Council',0,3,7,NULL,NULL,59,0,1,'Description of Southern Provincial Council',2,NULL,0),('-','2021-01-09 16:36:41','-','2021-01-09 16:36:41',0,123,'Western Provincial Council',0,3,9,NULL,NULL,59,0,1,'Description of Western Provincial Council',2,NULL,0),('-','2021-01-09 16:49:49','-','2021-01-09 16:49:49',0,124,'National Water Supply and Drainage Board',0,1,NULL,NULL,NULL,79,0,1,'The National Water Supply and Drainage Board is the National Organization responsible for the provision of safe drinking water and facilitating the provision of sanitation to the people in Sri Lanka. The organization had its beginning as a sub department under the Public Works Department for water supply and drainage.',1,NULL,0),('-','2021-01-09 16:53:10','-','2021-01-09 16:53:10',0,125,'Department of Animal Production and  Health',0,3,NULL,NULL,NULL,126,0,1,'The Department of Animal Production and Health (DAPH) is the state organization which is responsible for providing technical leadership to the livestock Industry and its stakeholders in Sri Lanka. The DAPH, which  is located in Peradeniya, in the Hill Capital of Kandy, Sri Lanka is being functioned under the Ministry of  Agriculture, with the direct responsibility of State Ministry of Livestock Farm Promotion and Dairy & Egg Related Industries',1,NULL,0),('-','2021-01-09 17:01:49','-','2021-01-09 17:01:49',0,126,'State Ministry of Livestock, Farm Promotion and Dairy and Egg Related Industries',0,3,NULL,NULL,NULL,72,0,1,'Description of State Ministry of Livestock, Farm Promotion and Dairy and Egg Related Industries',1,NULL,0),('-','2021-01-09 17:03:06','-','2021-01-09 17:03:06',0,127,'State Ministry of Production and Supply of Fertilizer and Regulation of Chemical Fertilizers and Insecticide Use',0,3,NULL,NULL,NULL,72,0,1,'Description of State Ministry of Production and Supply of Fertilizer and Regulation of Chemical Fertilizers and Insecticide Use',1,NULL,0),('-','2021-01-10 09:06:54','-','2021-01-10 09:06:54',0,128,'National Fertilizer Secretariat',0,3,NULL,NULL,NULL,133,0,1,'Description of National Fertilizer Secretariat',1,NULL,0),('-','2021-01-10 09:12:55','-','2021-01-10 09:12:55',0,129,'State Ministry of Batik, Handloom and Local Apparel Products',0,3,NULL,NULL,NULL,75,0,1,'Assisting in the formulation of policies in relation to the subject of Batik, Handloom and Local Apparel Products for \"conducive business environment to promote domestic industries under the direction and guidance of the Minister of Trade in conformity with the prescribed Laws, Acts and Ordinances and implementing, projects under the National Budget, State Investment and National Development Programme, and implementing, monitoring and evaluating subjects and functions of the below-mentioned Departments, State Corporations and Statutory Organizations',1,NULL,0),('-','2021-01-10 09:17:13','-','2021-01-10 09:17:13',0,130,'State Ministry of Gem and Jewellery related Industries',0,3,NULL,NULL,NULL,75,0,1,'Assisting in the formulation of policies in relation to the subject of Gem and Jewellry related Industries for \"conducive business environment to promote domestic industries under the direction and guidance of the Minister of Industries in conformity with the prescribed Laws, Acts and Ordinances and implementing, projects under the National Budget, State Investment and National Development Programme, and implementing, monitoring and evaluating subjects and functions of the below-mentioned Departments, State Corporations and Statutory Organizations.',1,NULL,0),('-','2021-01-10 09:20:36','-','2021-01-10 09:20:36',0,131,'Industrial Development Board',0,3,NULL,NULL,NULL,75,0,1,'The Industrial Development Board (IDB) is a statutory body under the Ministry of Industries. It is empowered by Industrial Development Act No.36 of 1969.\n\nIn terms of this Act the IDB is the premier state organization entrusted with the responsibility of development of the Industrial Sector in Sri Lanka.',1,NULL,0),('-','2021-01-10 09:23:22','-','2021-01-10 09:23:22',0,132,'State Ministry of Rattan, Brass, Pottery, Furniture and Rural Industrial Promotion',0,3,NULL,NULL,NULL,75,0,1,'Assisting in the formulation of policies in relation to the subject of Rattan, Brass, Pottery, Furniture and Rural Industrial Promotion for \"conducive business environment to promote domestic industries under the direction and guidance of the Minister of Industries in conformity with the prescribed Laws, Acts and Ordinances and implementing, projects under the National Budget, State Investment and National Development Programme, and implementing, monitoring and evaluating subjects and functions of the below-mentioned State Corporations and Statutory Organizations.',1,NULL,0),('-','2021-01-10 09:47:43','-','2021-01-10 09:47:43',0,133,'State Minister of Production and Supply of Fertilizer and Regulation of Chemical Fertilizer and Insecticide Use',0,3,NULL,NULL,NULL,72,0,1,'Assisting in the formulation of policies in relation to the subject of Production and Supply of Fertilizer and Regulation of Chemical Fertilizer and Insecticide use to encourage use of quality fertilizer under the direction and guidance of the Minister of Agriculture in conformity with the prescribed Laws, Acts and Ordinances and implementing, projects under the National Budget, State Investment and National Development Programme, and implementing, monitoring and evaluating subjects and functions of the below-mentioned Departments, State Corporations and Statutory Organizations.',1,NULL,0),('-','2021-01-10 09:59:49','-','2021-01-10 09:59:49',0,134,'State Ministry of Development of Minor Crops Plantation including Sugarcane, Maize, Cashew, Pepper, Cinnamon, Cloves, Betel Related Industries and Export Promotion',0,3,NULL,NULL,NULL,80,0,1,'Assisting in the formulation of policies in relation to the subject of Minor Crops Plantation including Sugarcane, Maize, Cashew, Pepper, Cinnamon, Cloves, Betel Related Industries and Export Promotion for the creation of an export focused plantation industry infused with new technology under the direction and guidance of the Minister of Plantation in conformity with the prescribed Laws',1,NULL,0),('-','2021-01-10 10:04:34','-','2021-01-10 10:04:34',0,135,'Sugarcane Research Institute',0,3,NULL,NULL,NULL,80,0,1,'The Sugarcane Research Institute (SRI) is a statutory body established by the Act of Parliament no. 75 of 1981 (ratified on 29 December 1981), for conducting research on cultivation and processing of sugarcane to cater to technical and technological needs for the development of the sugar industry of Sri Lanka, which, until 1981 was undertaken by the Research and Development Division of the Sri Lanka Sugar Corporation (SLSC).',1,NULL,0),('-','2021-01-10 10:09:29','-','2021-01-10 10:09:29',0,136,'State Ministry of Coconut, Kithul, Palmyrah and Rubber Cultivation Promotion and Related Industrial Product Manufacturing and Export Diversification',0,3,NULL,NULL,NULL,80,0,1,'Assisting in the formulation of policies in relation to the subject of Coconut, Kithul, Palmyrah and Rubber Cultivation Promotion and Related Industrial Product Manufacturing and Export Diversification for the creation of an export focused plantation industry infused with new technology under the direction and guidance of the Minister of Plantation in conformity with the prescribed Laws, Acts and Ordinances and implementing, projects under the National Budget, State Investment and National Development Programme, and implementing, monitoring and evaluating subjects and functions of the below-mentioned Departments, State Corporations and Statutory Organizations',1,NULL,0),('-','2021-01-10 10:21:59','-','2021-01-10 10:21:59',0,137,'Coconut Research Institute',0,3,NULL,NULL,NULL,136,0,1,'The Coconut Research Institute was founded in 1929 as the Coconut Research Scheme. under the Coconut Research Ordinance No. 24 of 1928. The scheme established its headquarters at Bandirippuwa Estate, Lunuwila with three Technical Divisions namely Genetics, Chemistry, and Soil Chemistry.',1,NULL,0),('-','2021-01-10 10:23:56','-','2021-01-10 10:23:56',0,138,'Rubber Research Institute',0,3,NULL,NULL,NULL,136,0,1,'Rubber Research Institute of Sri Lanka is the oldest research institute on rubber in the world and is the nodal agency in Sri Lanka with the statutory responsibility for research and development on all aspects of rubber cultivation and processing for the benefit of the rubber industry.',1,NULL,0),('-','2021-01-10 10:29:25','-','2021-01-10 10:29:25',0,139,'Department of Rubber Development',0,3,NULL,NULL,NULL,136,0,1,'In terms of a Cabinet Decision, the Rubber Control Department which was established under the Ordinance No.06 of 1934 was converted into Rubber Development Department (RDD) since year 1994. The RDD plays a significant role for the enhancement of the Plantation Sector implementing the regulations made by the Hon. Minister of Plantation Industries under the powers vested by the Ordinances and Acts of rubber plantation',1,NULL,0),('-','2021-01-10 10:37:22','-','2021-01-10 10:37:22',0,140,'State Ministry of Samurdhi, Household Economy, MicroFinance, Self Employment, Business Development and Underutilized State Resources Development',0,3,NULL,NULL,NULL,67,0,1,'Assisting in the formulation of policies in relation to the subject of Samurdhi, Household Economy, Micro Finance, Self Employment, Business Development and Underutilized State Resources Development for the creation of People Centric Economy under the direction and guidance of the Minister of Finance in conformity with the prescribed Laws, Acts and Ordinances and implementing, projects under the National Budget, State Investment and National Development Programme, and implementing, monitoring and evaluating subjects and functions of the below mentioned Departments, State Corporations and Statutory Organizations',1,NULL,0),('-','2021-01-10 10:42:30','-','2021-01-10 10:42:30',0,141,'Department of Excise',0,3,NULL,NULL,NULL,67,0,1,'The Department of Excise has been broadly identified as the \"efficient and effective administration of the Liquor and the Tobacco industry in Sri Lanka through the collection of revenue and prevention of illicit manufacture and sale of such products, for development and welfare of the society, and the enforcement of the Poisons, Opium  and Dangerous Drugs Ordinance for the social protection of Sri Lanka.\"',1,NULL,0),('-','2021-01-10 10:47:54','-','2021-01-10 10:47:54',0,142,'National Enterprise Development Authority',0,3,NULL,NULL,NULL,140,0,1,'Creating a dynamic and sustainable competitive Enterprise Sector, this will contribute to the economic, political and social aspirations of the nation',1,NULL,0),('-','2021-01-10 10:55:56','-','2021-01-10 10:55:56',0,143,'Department of Export Agriculture',0,3,NULL,NULL,NULL,72,0,1,'The public interest to promote perennial spices and beverages has no more than 40 years history though the country had world wide fame for growing and trading of those commodities for centuries. Among Export Agriculture Crops, the first national effort was taken to develop coffee in 1959 through the first National Development Plan prepared by the Ministry of National Planning. The development of uneconomic tea lands was a hot issue by that time and the agriculture plan prepared by the Ministry of Agriculture proposed a subsidy scheme for planting coffee in the uneconomic tea small holdings. The effort was considered as successful and by 1963 Department of National Planning took up the issue of development of perennial spices and cocoa which they referred as the Minor Export Crops. However development of these crops in terms of perennial action were brought in to the mainstream of National Agricultural Planning only in 1971.',1,NULL,0),('-','2021-01-10 11:01:12','-','2021-01-10 11:01:12',0,144,'State Ministry of Ornamental Fish, Inland Fish and Prawn Farming, Fishery Harbour Development, Multi day Fishing Activities and Fish Exports',0,3,NULL,NULL,NULL,59,0,1,'Assisting in the formulation of policies in relation to the subject of Ornamental Fish, Inland Fish and Prawn Farming, Fishery Harbour Development, Multiday Fishing activities and Fish Exports for the creation of a self-sufficient fisheries economy under the direction and guidance of the Minister of Fisheries in conformity with the prescribed Laws, Acts and Ordinances and implementing, projects under the National Budget, State Investment and National Development Programme, and implementing, monitoring and evaluating subjects and functions of the below-mentioned Departments, State Corporations and Statutory Organizations.',1,NULL,0),('-','2021-01-10 11:06:32','-','2021-01-10 11:06:32',0,145,'State Ministry of Production, Supply and Regulation of Pharmaceuticals',0,3,NULL,NULL,NULL,59,0,1,'Assisting in the formulation of policies in relation to the subject of Production, Supply and Regulation of Pharmaceuticals for the creation of Healthy Community under the direction and guidance of the Minister of Health in conformity with the prescribed Laws, Acts and Ordinances and implementing, projects under the National Budget, State Investment and National Development Programme, and implementing, monitoring and evaluating subjects and functions of the below-mentioned State Corporations and Statutory Organizations.',1,NULL,0),('-','2021-01-10 11:31:06','-','2021-01-10 11:31:06',0,146,'State Ministry of Paddy and Grains, Organic Food, Vegetables, Fruits, Chillies, Onion and Potato Cultivation Promotion, Seed Production and Advanced Technology Agriculture',0,3,NULL,NULL,NULL,72,0,1,'Assisting in the formulation of policies in relation to the subject of Paddy and Grains, Organic Food, Vegetables, Fruits, Chilies, Onion and Potato Cultivation Promotion, Seed Production and Advanced Technology Agriculture for Modern Technological Agriculture under the direction and guidance of the Minister of Agriculture in conformity with the prescribed Laws, Acts and Ordinances and implementing, projects under the National Budget, State Investment and National Development Programme, and implementing, monitoring and evaluating subjects and functions of the below-mentioned Departments, State Corporations and Statutory Organizations.',1,NULL,0),('-','2021-01-10 11:39:59','-','2021-01-10 11:39:59',0,147,'Department of Agriculture',0,3,NULL,NULL,NULL,72,0,1,'The Department of Agriculture (DOA) functions under the Ministry of Agriculture and the DOA is one of the largest government departments with a high profile community of agricultural scientists and a network of institutions covering different agro ecological regions island wide',1,NULL,0),('-','2021-01-10 11:41:13','-','2021-01-10 11:41:13',0,148,'Department of Agrarian Development',0,3,NULL,NULL,NULL,146,0,1,'The Department of Agrarian Development was established on 01st October 1957 with the objective of providing necessary facilities to Sri Lankan farmer community abolishing the hitherto existed Food Department. This department empowered by the Paddy Lands Act No. 46 of 1958 is currently functions as the Department of Agrarian Development as per the Agrarian Development Act No. 46 of 2000 and its subsequent amendments.',1,NULL,0),('-','2021-01-10 11:42:28','-','2021-01-10 11:42:28',0,149,'Hector Kobbekaduwa Agrarian Research and Training Institute',0,3,NULL,NULL,NULL,146,0,1,'The HARTI was established in order to generate a range of policy analysis that would cover those key determinants of human and resource development in the agrarian sector. The institute was established in 1972 as a statutory board in collaboration with the UNDP/FAO, which functions under the Ministry of Agriculture.',1,NULL,0),('-','2021-01-10 11:44:14','-','2021-01-10 11:44:14',0,150,'Sri Lanka Council for Agricultural Research Policy',0,3,NULL,NULL,NULL,146,0,1,'SLCARP serves as an organization in an advisory capacity for co-coordinating and consolidating efforts within Sri Lanka NARS, funding research projects/programmes and promoting scientific research linkages in prioritized areas both nationally and internationally. CARP has been instrumental in promoting and facilitating research, by improving and enhancing agricultural research through documentation and communicating latest advances in research to the NARS scientists. ',1,NULL,0),('-','2021-01-10 11:45:50','-','2021-01-10 11:45:50',0,151,'Rice Research & Development Institute',0,3,NULL,NULL,NULL,147,0,1,'The Rice Research and Development Institute (RRDI) strive to bring about self-reliance in rice despite changes in trade policies that adversely affected the rice grower. It pursues this goal by consistently developing technology for obtaining high yield with excellent quality. When we look back at the DOAs achievements in this field over the last 50 years, we see a ten-fold increase in rice production and a five and-a- half-fold increase in average yields. The increase in yield per unit area can be attributed to large-scale adoption of improved production technologies.',1,NULL,0),('-','2021-01-10 11:46:44','-','2021-01-10 11:46:44',0,152,'Colombo Commercial Fertilizer Ltd',0,1,NULL,NULL,NULL,72,0,1,'The premier fertilizer distributer and manufacturer in the country and taking pride in participating in the execution of the GOSL vision on the agricultural sector, exploring avenues for self-sustainability through product diversification, focusing on delivering quality products, and being receptive to needs of all stake holders of the organization.',1,NULL,0),('-','2021-01-10 11:47:33','-','2021-01-10 11:47:33',0,153,'Field Crop Research & Development Institute',0,3,NULL,NULL,NULL,147,0,1,'To achieve economic revitalization of the farmers in the field crops sector and to assure national food security through generation and facilitating the dissemination of technology necessary for priority field crops to cater for sustainable field crops production in Sri Lanka.',1,NULL,0),('-','2021-01-10 11:48:37','-','2021-01-10 11:48:37',0,154,'The Natural Resources Management Centre',0,3,NULL,NULL,NULL,147,0,1,'The Natural Resources Management Centre (NRMC) is mandated to optimize the use of land and water resources on scientific basis to improve national agricultural productivity in a sustainable manner. Changes in land use pattern with increasing population pressure, diminish both the quality and quantity of land and water resources while climate change and its extreme situations are exerting additional pressure on them. These issues are leading to accelerated soil erosion, declining soil fertility, salinization and retardation of water availability for agriculture and deterioration of soil and water. Therefore, development of technologies targeting judicial utilization while conserving natural resources, particularly land and water resources are a vital task. ',1,NULL,0),('-','2021-01-10 11:52:18','-','2021-01-10 11:52:18',0,155,'Tea Research Institute',0,3,NULL,NULL,NULL,80,0,1,'The Tea Research Institute (TRI), since its inception in 1925, has been the only national body in Sri Lanka for generating and disseminating new technologies related to tea cultivation and processing. The TRI has always been the driving force behind the numerous successes achieved towards development of the Sri Lankan tea industry over the years. ',1,NULL,0),('-','2021-01-10 11:56:16','-','2021-01-10 11:56:16',0,156,'National Livestock Development Board',0,3,NULL,NULL,NULL,126,0,1,'The National Livestock Development Board was established in 1973 under the State agricultural Corporation Act No. 11 of 1972. Its field operations commenced in 1974. The redefined functions of the Board in 1977 were aimed at arresting the diminishing trend in the national herd and to concentrate on an intensive upgrading program of cattle both for the milk & draught, and to salvage as many breedable female cattle as possible. The broader objective of the Board is to uplift the socio-economic standards of the rural farmers. The many activities constitute the supply of breeding stock, to maintain and develop the Boards Coconut Plantations, production of value added milk products and the education and training of farmers in the systems of integrated crop and livestock management. To meet these commitments the farms of the board were geared to serve the farmers in varying agro-climatic regions while livestock breeding programs were also tailored to suit those climatic variations in different zones.',1,NULL,0),('-','2021-01-10 11:58:59','-','2021-01-10 11:58:59',0,157,'Department of Animal Production and Health',0,3,NULL,NULL,NULL,147,0,1,'The Department of Animal Production and Health (DAPH) is the state organization which is responsible for providing technical leadership to the livestock Industry and its stakeholders in Sri Lanka. The DAPH, which  is located in Peradeniya, in the Hill Capital of Kandy, Sri Lanka is being functioned under the Ministry of  Agriculture, with the direct responsibility of State Ministry of Livestock Farm Promotion and Dairy & Egg Related Industries.',1,'2021-01-11 04:13:07.000000',0),('-','2021-01-10 11:59:58','-','2021-01-10 11:59:58',0,158,'Veterinary Research Institute',0,3,NULL,NULL,NULL,126,0,1,'The Veterinary Research Institute, located at Peradeniya in the central hills in Sri Lanka is the only national level organization of its kind, which is administrated by the department of Animal Production and Health under the purview of the Ministry of Livestock and Rural Community Development. The institute started as a diagnostic laboratory in Colombo in 1911 and was institutionalized in 1967.',1,NULL,0),('-','2021-01-10 12:00:02','-','2021-01-10 12:00:02',0,159,'Land Reform Commission',0,3,NULL,NULL,NULL,82,0,1,'Ensuring active contribution for the national development by way of implementing land reform process, improving productivity of lands in excess of ceiling, managing the ownership of physical resources ensuring their protection, giving effect to the maximum limit of ceiling on timely requirement, paying compensations, investing in productive economic fields and maintaining a reserve of lands which can be utilized for the benefit',1,NULL,0),('-','2021-01-10 12:04:07','-','2021-01-10 12:04:07',0,160,'Department of Land Commissioner General',0,3,NULL,NULL,NULL,82,0,1,'Maintaining a formal management that ensures the sustainability of development in a well-coordinated manner within a national policy, guides the optimal use of state lands and ensures the ownership of clear land.',1,NULL,0),('-','2021-01-10 12:05:10','-','2021-01-10 12:05:10',0,161,'The Hotels Association of Sri Lanka',0,2,NULL,NULL,NULL,77,0,1,'The THASL is the apex body of the entire hotel industry in the country. It\'s membership presently stands at 200 hotels and resorts located in different parts of the country, comprising reputed International hotel brands, leading local hotel chains, proprietorships and stand-alone properties ranging from Colombo 5* city hotels to all other star categories including top end boutique properties.',1,NULL,0),('-','2021-01-10 12:06:47','-','2021-01-10 12:06:47',0,162,'Sri Lanka Institute of Tourism and Hotel Management',0,3,NULL,NULL,NULL,77,0,1,'The Sri Lanka Institute of Tourism & Hotel Management (SLITHM) is the only Government approved premier Institute in Sri Lanka, which was established by the Government in 1964 to train young men and women in the complex eld of Hospitality and Travel Industry. SLITHM is managed by the Ministry of Tourism Development and Christian Religious Affairs. Further, in order to facilitate students island-wide, provincial schools have been set up in Anuradhapura, Bandarawela, Pallekelle, Koggala, Ratnapura, Kurunegala and Pasikudah.',1,NULL,0),('-','2021-01-10 12:07:25','-','2021-01-10 12:07:25',0,163,'Department of Surveyor General of Sri Lanka',0,3,NULL,NULL,NULL,82,0,1,'The Sri Lanka Survey Department (SLSD) under the Ministry of Land and Land Development acts as the National Surveying and Mapping agency of the government and is responsible for the standardization and production of all Surveying and Mapping activities in Sri Lanka. It is also responsible for the establishment of the national Cadaster under the Land Titling Program.',1,NULL,0),('-','2021-01-10 12:07:31','-','2021-01-10 12:07:31',0,164,'Sri Lanka Tourism Promotion Bureau',0,3,NULL,NULL,NULL,77,0,1,'The Sri Lanka Tourism Promotion Bureau (SLTPB) is the statutory body responsible for the promotion and marketing of Sri Lanka Tourism in the global context. The institution was established in 2008 after enactment of the Tourism act no. 38 of 2005 under the portfolio of the Ministry responsible for Tourism. SLTPB carries out marketing campaigns targeting both trade and consumer segments to support reaching the governments tourism arrival and revenue targets.',1,NULL,0),('-','2021-01-10 12:10:07','-','2021-01-10 12:10:07',0,165,'State Ministry of Land Management, State Enterprises Land and Property Development',0,3,NULL,NULL,NULL,82,0,1,'Assisting in the formulation of policies in relation to the subject of Land Management, State Enterprises Land and Property Development for optimal land management under the direction and guidance of the Ministerof Lands in conformity with the prescribed Laws, Acts and Ordinances and implementing, projects under the National Budget, State Investment and National Development Programme, and implementing, monitoring and evaluating subjects and functions of the below-mentioned Departments, State Corporations and Statutory Organizations.',1,NULL,0),('-','2021-01-10 12:10:08','-','2021-01-10 12:10:08',0,166,'Ceylon Tourist Board',0,3,NULL,NULL,NULL,77,0,1,'In 1966, the Government decided to develop tourism in a planned and a systematic manner, after identifying the need to set up an institutional framework. The Ceylon Tourist Board (created by the Ceylon Tourist Board Act No. 10 of 1966) and the Ceylon Hotels Corporation (created by Ceylon Hotels Corporation Act of 1966) were set up duly. Created to promote rapid economic development, through the development of foreign tourism, the Ceylon Tourist Board (CTB) was a statutory body that allowed greater freedom in decision making and flexibility in financial management. The legislation also covered the establishment of a national holiday resort company, which planned various types of accommodation and resort areas. Moreover it included the setting up of an authority under the Tourist Board to manage and administer each resort.',1,NULL,0),('-','2021-01-10 12:12:40','-','2021-01-10 12:12:40',0,167,'Department of Land Settlement',0,3,NULL,NULL,NULL,165,0,1,'Creation of an advanced land management system in Sri Lanka by confirming title to every block of land on deciding the ownership of state land and private land through the procedure of registration of land settlement and title to such land.',1,NULL,0),('-','2021-01-10 12:14:21','-','2021-01-10 12:14:21',0,168,'Department of Land Use Policy Planning',0,3,NULL,NULL,NULL,165,0,1,'The Land Use Policy Planning Department was initially established as the Land Use Policy Planning Division, under the Ministry of Land Development and Mahaweli Development in 1983, with the objective of advising the Inter Ministerial Co-coordinating committee for Land Use and Development, to assist with the formulation and implementation of Land Use Policies and to develop a Land Information System. With the recruitment of District Land Use Planning Officers in 1988 land use planning activities of the division were extended to the district level, and with the appointment of Land Use Planning Assistants in 2005 the activities were further extended to the Divisional Secretary level. In the year 2010, The Division was upgraded to the status of a Department and given more responsibilities. At present the Department operates under the Ministry of Lands and Land Development.',1,NULL,0),('-','2021-01-10 12:17:00','-','2021-01-10 12:17:00',0,169,'Coconut Development Authority',0,3,NULL,NULL,NULL,136,0,1,'The Coconut Development Authority (CDA) of Sri Lanka is the statutory apex organization established under the provisions of the Coconut Development Act No. 46 of 1971. It is responsible to work for the development of the coconut industry in Sri Lanka and functions under the Ministry of Plantation Industries.',1,NULL,0),('-','2021-01-10 12:17:07','-','2021-01-10 12:17:07',0,170,'State Ministry of Urban Development, Coast Conservation, Waste Disposal and Community Cleanliness',0,3,NULL,NULL,NULL,68,0,1,'\"Assisting in the formulation of policies in relation to the subject of Urban Development, Coast Conservation, Waste\nDisposal and Community Cleanliness for the creation of Modern Cities and Clean Country under the direction\nand guidance of the Minister of Urban Development and Housing in conformity with the prescribed Laws, Acts and\nOrdinances and implementing, projects under the National Budget, State Investment and National Development\nProgramme, and implementing, monitoring and evaluating subjects and functions of the below-mentioned\nDepartments, State Corporations and Statutory Organizations.\"',1,NULL,0),('-','2021-01-10 12:18:28','-','2021-01-10 12:18:28',0,171,'Department of Fisheries and Aquatic Resources',0,3,NULL,NULL,NULL,86,0,1,'Department of fisheries is mainly focusing on promoting the environmental fishing methods. Accordingly it is expected to provide technical support for the fishermen to upgrade their boats and gears enabling them to transfer to more sustainable methods of harvesting. On the other hand it is expected to uplift the socio economic aspects of the fisher folk though community development programmes.',1,NULL,0),('-','2021-01-10 12:19:05','-','2021-01-10 12:19:05',0,172,'Sri Lanka Tea Board',0,1,NULL,NULL,NULL,80,0,1,'The Tea Board is the apex regulatory and administrative body of the Sri Lankan tea industry. First set up in 1976, it comprises representatives from both private and government bodies involved in the industry',1,NULL,0),('-','2021-01-10 12:19:32','-','2021-01-10 12:19:32',0,173,'National Aquaculture Development Authority',0,3,NULL,NULL,NULL,144,0,1,'The National Aquaculture Development Authority (NAQDA) coming under the purview of the Ministry of Fisheries and Aquatic Resources was established in 1999 by the Parliamentary Act (No. 53 of 1998). It is the main state sponsored organization mandated the development of the aquaculture and inland fisheries sector in Sri Lanka.',1,NULL,0),('-','2021-01-10 12:21:17','-','2021-01-10 12:21:17',0,174,'Urban Development Authority',0,3,NULL,NULL,NULL,170,0,1,'UDAs mission is to promote and to regulate the urban development process in order to facilitate the growth of the economy, protecting the natural and built heritage and improving the quality of life of all inhabitants. These are some of the key development programs that we are involved in.',1,NULL,0),('-','2021-01-10 12:22:41','-','2021-01-10 12:22:41',0,175,'Department of Coast Conservation and Coastal Resource Management',0,3,NULL,NULL,NULL,170,0,1,' The Coast Conservation Division was upgraded to Coast Conservation Department (CCD), in 1984 and the administration, control, custody and management of the coastal zone have been vested with Director, Coast Conservation. Amendment to the Act was passed in 1988 as the Coast Conservation (Amendment) Act No. 64 of 1988. The department was further upgrade in July, 2009, appointing the first Director General, Coast Conservation. The Coast Conservation Act requires having a survey of the Coastal Zone and preparation of a Coastal Zone Management Plan (CZMP). The CZMP, prepared by the CCD, was adopted by the Government and implemented as the Coastal Zone Management Plan 1990. A Resource Management strategy for Sri Lankas coastal region, Coastal 2000, which provided the direction for Coastal Resources Management of Sri Lanka, was prepared in1992.',1,NULL,0),('-','2021-01-10 12:23:54','-','2021-01-10 12:23:54',0,176,'Marine Environment Protection Authority',0,3,NULL,NULL,NULL,170,0,1,'The Marine Environment Protection Authority is the apex body established by the Government of Sri Lanka, under the Marine Pollution Prevention Act No. 35 of 2008, with the sole responsibility to prevent, control, and manages the pollution of Sri Lanka\'s Marine Environment',1,NULL,0),('-','2021-01-10 12:24:47','-','2021-01-10 12:24:47',0,177,'Sri Lanka Navy',0,3,NULL,NULL,NULL,66,0,1,'The Sri Lanka Navy is the naval arm of the Sri Lanka Armed Forces and is classed as the country\'s most vital defense force due to its island geography and is responsible for the maritime defense of the Sri Lankan nation and its interests.',1,NULL,0),('-','2021-01-10 12:26:53','-','2021-01-10 12:26:53',0,178,'State Ministry of Wildlife Protection, Adoption of safety measures including the construction of electrical fences and trenches and reforestation and forest resource development',0,3,NULL,NULL,NULL,71,0,1,'Assisting in the formulation of policies in relation to the subject of Wildlife Protection, Adoption of Safety Measures including the Construction of Electrical Fences and Trenches and Reforestation and Forest Resource\nDevelopment for wildlife protection and forest conservation under the direction and guidance of the Minister of Wildlife and Forest Conservation in conformity with the prescribed Laws, Acts and Ordinances an \nimplementing, projects under the National Budget, State Investment and National Development Programme, and implementing, monitoring and evaluating subjects and functions of the below-mentioned Departments, State Corporations and Statutory Organizations.',1,NULL,0),('-','2021-01-10 12:29:10','-','2021-01-10 12:29:10',0,179,'State Ministry of Skills Development, Vocational Education, Research and Innovation',0,3,NULL,NULL,NULL,88,0,1,'\"Assisting in the formulation of policies in relation to the subject of Skills Development, Vocational Education,\nResearch and Innovation for the creation of Skillful Society and a Smart Nation under the direction and guidance\nof the Minister of Education in conformity with the prescribed Laws, Acts and Ordinances and implementing,\nprojects under the National Budget, State Investment and National Development Programme, and implementing,\nmonitoring and evaluating subjects and functions of the below-mentioned Departments, State Corporations and\nStatutory Organizations.\"',1,NULL,0),('-','2021-01-10 12:30:54','-','2021-01-10 12:30:54',0,180,'Disaster Management Center',0,3,NULL,NULL,NULL,90,0,1,'\"Disaster Management Centre (DMC) is the leading agency for disaster management in Sri Lanka. It is mandated with the responsibility of implementing and coordinating national and sub-national level programmes for reducing the risk of disasters with the participation of all relevant stakeholders.\nDMC was established as per the provisions of the Sri Lanka Disaster Management Act No. 13 of 2005 as the executing agency of the National Council for Disaster Management (NCDM).\"',1,NULL,0),('-','2021-01-10 12:31:48','-','2021-01-10 12:31:48',0,181,'National Building Research Organization',0,3,NULL,NULL,NULL,90,0,1,'National Building Research Organisation is a leading research & development institution in the country and a reputed technical services provider in the fields of geotechnical engineering, landslide risk management, human settlements planning, environmental monitoring, building materials research, and engineering project management. NBRO functions under the purview of Ministry of Disaster Management.',1,NULL,0),('-','2021-01-10 12:32:06','-','2021-01-10 12:32:06',0,182,'State Timber Corporation',0,1,NULL,NULL,NULL,71,0,1,'To Produce timber and timber based products for our customers through the knowledge and skills gained over the time and to contribute to the national and environmental demands of Sri Lanka.',1,NULL,0),('-','2021-01-10 12:32:49','-','2021-01-10 12:32:49',0,183,'National Disaster Relief Services Centre',0,3,NULL,NULL,NULL,90,0,1,'National Disaster Relief Services Center is operating under the Ministry of Disaster Management since 2010 as the relief service arm of the government to support affected population in the country. The Initial establishment of the center called National Disaster Management Centre which was established in 1996 to support the implementation of the global Disaster Management agenda called International Decade for Natural Disaster Reduction (1990-99) and obligations to the Yokohama Strategy for Disaster Management.',1,NULL,0),('-','2021-01-10 12:34:30','-','2021-01-10 12:34:30',0,184,'Attorney Generals Department ',0,3,NULL,NULL,NULL,87,0,1,'The Attorney General is the Chief Legal Advisor to the Government. In that capacity he advises the Government, Government Departments, Statutory Boards and Public Corporations in respect of all legal matters. He conducts prosecutions in criminal cases and appears on behalf of the Government, Government Departments, Statutory Boards and Public Corporations in any Court or Tribunal',1,NULL,0),('-','2021-01-10 12:34:41','-','2021-01-10 12:34:41',0,185,'Department of Forest Conservation',0,3,NULL,NULL,NULL,178,0,1,'The Department of Forest Conservation is a non-ministerial government department responsible for forestry in Sri Lanka. Its mission is to protect and expand Sri Lanka\'s forests and woodlands. The head of the department is the Conservator General, Mr.Sathurusinghe.',1,NULL,0),('-','2021-01-10 12:35:17','-','2021-01-10 12:35:17',0,186,'Legal Drafts mans Department',0,3,NULL,NULL,NULL,87,0,1,'The function of the Legal Draftsman is essentially the drafting of new legislation and amending legislation in all three languages, the preparation of statements of objects and reasons for such legislation, the revision of all subordinate legislation forwarded by the initiating Ministry or relevant authority, attending Parliament and meetings of the Select Committees of Parliament when Bills are being discussed.',1,NULL,0),('-','2021-01-10 12:44:09','-','2021-01-10 12:44:09',0,187,'Board of Investment',0,3,NULL,NULL,NULL,59,0,1,'Established in 1978, under the name Greater Colombo Economic Commission, the Board of Investment of Sri Lanka is one of the foremost investment promotion agencies in South Asia. As the apex agency for foreign direct investment in Sri Lanka, there are over 1700 enterprises under the purview of BOI in the span of its 40 years in operation.\nIn carrying out its primary function of investment promotion, the BOI aims at sector based investor targeting, while specializing in aftercare, navigating and regulating investor operations to reach its true and highest potential throughout the lifespan of the enterprise.\nWhile facilitating potential investors by coordinating among Government ministries and line agencies, BOI acts as a competent source of information, providing access and convenience to all its stakeholders through its highly capable and proactive management.\nTo achieve the national objective of reconstructing the country with a people centric economic development with sustainable investment, under the national policy framework Vistas of Prosperity and Splendor, the Board of Investment, Identified as a key strategic government institution, BOI is responsible for attracting and facilitating FDI while building new partnerships strengthened with excellence and resilience.',1,NULL,0),('-','2021-01-10 12:46:31','-','2021-01-10 12:46:31',0,188,'Sustainable Development Council',0,3,NULL,NULL,NULL,67,0,1,'The Sustainable Development Council of Sri Lanka (SDC) is the government agency tasked with monitoring and evaluation of government organisations that are working towards achieving the Sustainable Development Goals that have been undertaken by Sri Lanka, in accordance with the United Nations (UN).',1,NULL,0),('-','2021-01-10 12:47:23','-','2021-01-10 12:47:23',0,189,'Treasury Finance Committee',0,3,NULL,NULL,NULL,67,0,1,'Responsibilities in relation to macro-economic policies, annual budget and Appropriation Acts, public financial management, local and foreign savings and investments, public debts, banking, finance and insurance activities, international financial cooperation and directing social security and economic development activities.',1,NULL,0),('-','2021-01-10 12:48:13','-','2021-01-10 12:48:13',0,190,'Department of External Resources',0,3,NULL,NULL,NULL,67,0,1,'Facilitate mobilizing external financing at affordable cost with minimum conditionality in support of the economic and social development of Sri Lanka while supporting long term debt sustainability of the country.',1,NULL,0),('-','2021-01-10 12:49:27','-','2021-01-10 12:49:27',0,191,'Department of Public Finance',0,3,NULL,NULL,NULL,67,0,1,'Public Finance.lk is a platform for public finance related information and analysis in Sri Lanka. This blog is the first phase of the platform and provides infographics and insights that help the user better engage with public finance issues.  ',1,NULL,0),('-','2021-01-10 12:50:10','-','2021-01-10 12:50:10',0,192,'Department of Census and Statistics',0,3,NULL,NULL,NULL,67,0,1,'The Department of Census and Statistics (DCS), is the main Central Government Agency lying under the State Ministry of Economic Policies and Development. DCS is entrusted to collect, compile, and disseminate accurate, reliable and timely official statistics for planning and monitoring the progress of development programs and monitor the other socio-economic status of the country including Sustainable Development Goals (SDG). DCS achieve this task through conducting various censuses and surveys and compiling official statistics through administrative records. The Census of Population and Housing and Economic Census are the major censuses conducted decennially by the Department. According to the historical records, DCS has implemented officially in 1948.',1,NULL,0),('-','2021-01-10 12:50:51','-','2021-01-10 12:50:51',0,193,'Public Utilities Commission of Sri Lanka',0,3,NULL,NULL,NULL,67,0,1,'The Public Utilities Commission of Sri Lanka (PUCSL) is the economic,technical and safety regulator of the electricity industry in Sri Lanka and the and the designated regulator for petroleum and water services industries. PUCSL also has been assigned as the shadow regulator for the lubricant market in Sri Lanka.  PUCSL was established by The Public Utilities Commission of Sri Lanka Act No. 35 of 2002.',1,NULL,0),('-','2021-01-10 12:51:30','-','2021-01-10 12:51:30',0,194,'Cabinet Office',0,3,NULL,NULL,NULL,59,0,1,'It provides all support services efficiently to the decision making process of the Cabinet of Ministers in fulfilling duties pertaining to the direction and control of the Government of the Republic, vested with the Cabinet of Ministers in terms of Sub-Article 42(1) of the Constitution.',1,NULL,0),('-','2021-01-10 12:52:30','-','2021-01-10 12:52:30',0,195,'Sri Lanka Customs',0,3,NULL,NULL,NULL,67,0,1,'Sri Lanka Customs is one of the oldest Customs administrations in the world which celebrated its 200 years in 2009. However, there is evidence of the existence of Customs tax collection in Sri Lanka over 2000 years ago at the Godawaya Harbor in Hambanthota.',1,NULL,0),('-','2021-01-10 12:53:23','-','2021-01-10 12:53:23',0,196,'Central Bank of Sri Lanka',0,3,NULL,NULL,NULL,67,0,1,'The Central Bank of Sri Lanka (CBSL) is the apex institution in the financial sector in Sri Lanka. It was established in 1950 under the Monetary Law Act No. 58 of 1949 (MLA) as a semi-autonomous body and is governed by a five member Monetary Board.',1,NULL,0),('-','2021-01-10 12:54:09','-','2021-01-10 12:54:09',0,197,'Sri Lanka Standards Institution',0,3,NULL,NULL,NULL,67,0,1,'Sri Lanka Standards Institution (SLSI) is the National Standards Body of Sri Lanka, established under the Bureau of Ceylon Standards Act No. 38 of 1964. The Institution functioned under the name of Bureau of Ceylon Standards until the Act was repealed and replaced by the Sri Lanka Standards Institution Act No. 6 of 1984. The Institution now functions under theMinistry of Science, Technology and Researchand is governed by a Council appointed by the Minister in terms of the above Act.',1,NULL,0),('-','2021-01-10 12:54:57','-','2021-01-10 12:54:57',0,198,'Small and Medium Enterprise Authority',0,3,NULL,NULL,NULL,67,0,1,' The SMEA is a supreme body recommended by the Task Force to cut across administrative and financial barriers and deliver national strategies for SME development. As spelt out in the White Paper, the SMEA is the focal point for institutional support and mainly responsible for the implementation of short-term, medium-term and long-term strategies for SME development.',1,NULL,0),('-','2021-01-10 12:55:39','-','2021-01-10 12:55:39',0,199,'Department of National Planning',0,3,NULL,NULL,NULL,67,0,1,'The Department of National Planning as a part of the apex Ministry of National Policies and Economic Affairs committed to policy development, planning and implementation, to accelerate Sri Lanka\'s economic growth and social progress. This Department provides a national perspective to policies, programmes and projects, in contrast to the sectoral or regional perspectives of other institutions. It is located in the Ministry of Finance Secretariat, which helps maintain close interaction with the Treasury and its Departments.',1,NULL,0),('-','2021-01-10 12:56:19','-','2021-01-10 12:56:19',0,200,'Institute of Policy Studies',0,3,NULL,NULL,NULL,67,0,1,'The Institute of Policy Studies of Sri Lanka (IPS) is an autonomous economic research organization, established by an Act of Parliament. Our mission is to conduct high-quality, independent, policy-relevant research to provide robust evidence for policymaking and improve the lives of all Sri Lankans.',1,NULL,0),('-','2021-01-10 12:57:24','-','2021-01-10 12:57:24',0,201,'National Science Foundation',0,3,NULL,NULL,NULL,179,0,1,'The National Science Foundation of Sri Lanka was established in 1998 as the successor to the Natural Resources Energy & Science Authority of Sri Lanka established in 1981 and the National Science Council set up in 1968.',1,NULL,0),('-','2021-01-10 12:59:05','-','2021-01-10 12:59:05',0,202,'National Research Council',0,3,NULL,NULL,NULL,179,0,1,'The National Research Council of Sri Lanka (NRC) is a national funding agency of Sri Lanka, that provides financial assistance to the public sector scientists of the country. It has established as a statutory body by the Act of parliament in 2016 by the Parliament of the Democratic Socialist Republic of Sri Lanka, aiming to facilitate research relating to science and technology in order to build a vibrant scientific and technological community in the country, to promote and facilitate research relating to science and technology in higher educational institutions and public sector research institutes and other governmental institutes so as to develop a research base that will contribute to national needs and to solicit the co-operation of the private sector in the enhancement of research relating to science and technology.',1,NULL,0),('-','2021-01-10 13:08:45','-','2021-01-10 13:08:45',0,203,'State Ministry of Rural Roads and other Infrastructure',0,3,NULL,NULL,NULL,85,0,1,'\"Assisting in the formulation of policies in relation to the subject of Rural Roads and other Infrastructure for a\n\"\"Modernized Integrated Highways System\"\" under the direction and guidance of the Minister of Highways in\nconformity with the prescribed Laws, Acts and Ordinances and implementing, projects under the National Budget,\nState Investment and National Development Programme, and implementing, monitoring and evaluating subjects\nand functions of the below-mentioned State Corporations and Statutory Organizations\"',1,NULL,0),('-','2021-01-10 13:09:32','-','2021-01-10 13:09:32',0,204,'Department of Health Services',0,3,NULL,NULL,NULL,69,0,1,'Strengthening preventive & curative health care services in an efficient, effective, equitable & innovative manner to uplift the health status of people',1,NULL,0),('-','2021-01-10 13:09:48','-','2021-01-10 13:09:48',0,205,'Sri Lanka Land Reclamation Development Corporation',0,3,NULL,NULL,NULL,170,0,1,'The Corporation is a member of National Construction Association of Sri Lanka (NCASL) and Green Building Council of Sri Lanka as well. The Cooperation has been also certified as a ISO 9001:2008 organization. SLLRDC is backed by a well-qualified and experienced staff consisting of Engineers in various Engineering disciplines such as Civil, Mechanical, Electrical, and Chemical Engineering, Architectures, Quantity Surveyors and allied professionals such as legal and other finance. The Corporation is in possession of all necessary equipment, machinery and related resources to the construction, Drainage & Reclamation Sector.',1,NULL,0),('-','2021-01-10 13:10:37','-','2021-01-10 13:10:37',0,206,'Family Health Bureau',0,3,NULL,NULL,NULL,69,0,1,'Family Health Bureau (FHB) is the focal point for Maternal and Child Health (MCH) in Sri Lanka. FHB was established in 1968 within the Ministry of Health to implement the MCH programme throughout the island. This was initially designated as the Maternal and Child Health Bureau and was later re-designated as the Family Health Bureau.',1,NULL,0),('-','2021-01-10 13:10:37','-','2021-01-10 13:10:37',0,207,'National Housing Development Authority',0,3,NULL,NULL,NULL,170,0,1,'The National Housing Development Authority has given special attention as its prime objective to assist the communities which face housing problem throughout the island. Our institution has implemented various housing development programmes during the last three decades. Under these programmes, NHDA was able to provide permanent houses to a large number of people sland wide. ',1,NULL,0),('-','2021-01-10 13:11:33','-','2021-01-10 13:11:33',0,208,'Medical Research Institute',0,3,NULL,NULL,NULL,69,0,1,'Medical Research Institute support research across the biomedical spectrum, from fundamental lab-based science to clinical trials in all major disease areas by providing expertise and resources. We also support to prepare professionals and experts within our capacity and scope in the field of laboratory diagnosis, patient monitoring and public health.  We work closely with the Ministry of Health, and give high priority to research that is likely to make a real difference to clinical practice and the health of the population',1,NULL,0),('-','2021-01-10 13:11:37','-','2021-01-10 13:11:37',0,209,'Road Development Authority',0,3,NULL,NULL,NULL,85,0,1,'The Road Development Authority; is the premier highway authority in Sri Lanka and is responsible for the maintenance and development of the National Highway Network, comprising the trunk and main roads',1,NULL,0),('-','2021-01-10 13:16:02','-','2021-01-10 13:16:02',0,210,'State Ministry of Rural and Divisional Drinking Water Supply Projects Development',0,3,NULL,NULL,NULL,79,0,1,'Assisting in the formulation of policies in relation to the subject of Rural and Divisional Drinking Water Supply Projects Development for water for all under the direction and guidance of the Minister of Water Supply in conformity with the prescribed Laws, Acts and Ordinances and implementing, projects under the National Budget, State Investment and National Development Programme, and implementing, monitoring and evaluating subjects and functions of the below-mentioned Departments, State Corporations and Statutory Organizations.',1,NULL,0),('-','2021-01-10 13:16:16','-','2021-01-10 13:16:16',0,211,'Department of Wildlife Conservation',0,3,NULL,NULL,NULL,178,0,1,'The Department of Wildlife Conservation is a non-ministerial government department in Sri Lanka. It is the government department responsible for maintaining national parks, nature reserves and wildlife in wilderness areas in Sri Lanka',1,NULL,0),('-','2021-01-10 13:17:07','-','2021-01-10 13:17:07',0,212,'Department of National Botanic Gardens ',0,3,NULL,NULL,NULL,77,0,1,'\"Department of National Botanic Gardens is the pioneer institution for botanical activities in Sri\nLanka. Its contribution to ex-situ conservation of plants, education and implementation of\nresearch and technological programmes to develop floriculture in Sri Lanka are immense and\nvaried.\"',1,NULL,0),('-','2021-01-10 13:17:37','-','2021-01-10 13:17:37',0,213,'Department of National Zoological Gardens',0,3,NULL,NULL,NULL,77,0,1,'The Department of National Zoological Gardens, which started during the early years of the 20th century, is the pioneer institute that posses manage and conserve wild animals and display the animal collection to the public throughout the year in the country.',1,NULL,0),('-','2021-01-10 13:23:08','-','2021-01-10 13:23:08',0,214,'Department of Irrigation',0,3,NULL,NULL,NULL,84,0,1,'The Irrigation Department with over a century of experience as a pioneer organization responsible for most of the development works in the irrigation sector, looks optimistically towards the development envisage in the water sector at the dawn of the new millennium.',1,NULL,0),('-','2021-01-10 13:26:20','-','2021-01-10 13:26:20',0,215,'Water Resource Board',0,1,NULL,NULL,NULL,84,0,1,'The WRB was established in 1966 by the parliament Act No. 29 of 1964 and presently operating under Ministry of Irrigation, Water Resources Management and Disaster Management',1,NULL,0),('-','2021-01-10 13:29:14','-','2021-01-10 13:29:14',0,216,'State Ministry of canals and Common Infrastructure development in settlements in Mahaweli Zones',0,3,NULL,NULL,NULL,84,0,1,'Assisting in the formulation of policies in relation to the subject of Canals and Common Infrastructure Development in Settlements in Mahaweli Zones for the creation of optimal irrigation management under the direction and guidance of the Minister of Irrigation in conformity with the prescribed Laws, Acts and Ordinances and implementing, projects under the National Budget, State Investment and National Development Programme, and implementing, monitoring and evaluating subjects and functions of the below-mentioned State Corporations and Statutory Organizations.',1,NULL,0),('-','2021-01-10 13:33:03','-','2021-01-10 13:33:03',0,217,'Mahaweli Authority of Sri Lanka',0,3,NULL,NULL,NULL,216,0,1,'Description of Mahaweli Authority',1,NULL,0),('-','2021-01-10 19:02:20','-','2021-01-10 19:02:20',0,218,'Paddy Marketing Board',0,1,NULL,NULL,NULL,146,0,1,'Description of Paddy Marketing Board',1,NULL,0),('-','2021-01-11 02:28:46','-','2021-01-11 02:28:46',0,219,'ministryofpower',0,3,NULL,NULL,NULL,59,0,1,'asa',1,'2021-01-11 02:31:29.000000',0),('-','2021-01-11 05:59:22','-','2021-01-11 05:59:22',0,221,'Medical Statistics Unit',0,3,NULL,NULL,NULL,69,0,1,'Medical Statistics Unit',1,NULL,0),('-','2021-01-11 06:33:52','-','2021-01-11 06:33:52',0,222,'Biodiversity Secretariat',0,3,NULL,NULL,NULL,70,0,1,'Biodiversity Secretariat of Ministry of Environment',1,NULL,0),('-','2021-01-11 06:35:25','-','2021-01-11 06:35:25',0,223,'National Dengue Control Unit',0,3,NULL,NULL,NULL,69,0,1,'The National Dengue Control Unit is the focal point for the National Dengue Control Programme in the Ministry of Health, Sri Lanka. It was established in the year 2005 as a decision taken by the Ministry of Health following the major Dengue outbreak in year 2004. It is responsible for the coordination of Dengue Control or Preventive activities with different stakeholders.',1,NULL,0),('-','2021-01-11 06:47:27','-','2021-01-11 06:47:27',0,224,'National Aquatic Resource Research and Development Agency',0,3,NULL,NULL,NULL,86,0,1,'The National Aquatic Resources Research and Development Agency (NARA) is the principal National Institute charged with the responsibility of carrying out and coordinating research, development and management activities on the subject of Aquatic Resources in Sri Lanka. It is managed by a Board of Governors consisting partly of members appointed by the Hon. Minister of Fisheries and Ocean Resources and also of certain Ex-officio members.',1,NULL,0),('-','2021-01-11 07:19:47','-','2021-01-11 07:19:47',0,225,'Sri Lanka Tourism Development Authority',0,3,NULL,NULL,NULL,77,0,1,'Sri Lanka Tourism Development Authority (SLTDA) is the government authority tasked with planning, development, regulation, and policy implementation of tourism and related industries. Prior to SLTDA being established in 2007, these functions primarily resided with the organization known as Ceylon Tourist Board/Sri Lanka Tourist Board/Sri Lanka Tourism Board.',1,NULL,0),('-','2021-01-11 13:06:26','-','2021-01-11 13:06:26',0,227,'Epidemiology Unit',0,3,NULL,NULL,NULL,69,0,1,'The Epidemiology Unit was established in 1959 with assistance from the World Health Organization (WHO) to strengthen surveillance of communicable diseases. Initially, the unit functioned with a WHO consultant and a national counterpart, who, after further training in epidemiology, was appointed in 1961, as the Epidemiologist of the Department of Health Services. ',1,NULL,0),('-','2021-01-19 08:30:18','-','2021-01-19 08:30:18',0,237,'Srilanka transport - bus dispatch centre',0,3,NULL,NULL,NULL,106,0,1,'Srilanka transport - bus dispatch centre - Description',1,NULL,0),('-','2021-02-10 03:58:59','-','2021-02-10 03:58:59',0,239,'Metro trains central control board',0,3,NULL,NULL,NULL,106,0,1,'Metro trains central control board',1,NULL,0),('-','2021-02-22 15:01:50','-','2021-02-22 15:01:50',0,437,'Ministry of Economic Development',0,3,NULL,NULL,NULL,59,0,1,'Description of Ministry of Economic Development',1,NULL,0),('-','2021-02-22 15:02:53','-','2021-02-22 15:02:53',0,438,'State Ministry of Economic Policies and Development',0,3,NULL,NULL,NULL,437,0,1,'Description of State Ministry of Economic Policies and Development',1,'2021-02-22 15:15:31.000000',0),('-','2021-02-22 15:54:51','-','2021-02-22 15:54:51',0,460,'National Water Supply and Drainage Board2',0,3,NULL,NULL,NULL,79,0,1,'National Water Supply and Drainage Board',1,NULL,0),('-','2022-03-11 09:54:36','-','2022-03-11 09:54:36',0,496,'UAT-Technical Team',0,3,NULL,NULL,NULL,70,0,2,'UAT- Technical team of NCC DSN will do the overall management of the system by creating all the CC parameters etc. ',1,NULL,0),('-','2022-03-11 10:43:26','-','2022-03-11 10:43:26',0,497,'UAT-Ceylon Petroleum Storage Terminals Limited',0,3,NULL,NULL,NULL,74,0,1,'UAT- Ceylon Petroleum Storage Terminal Limited is a Company duly incorporated under the companies Act No. 17 of 1982 in terms of Section 2  of the conversion of Public Corporations or Government owned business undertakings into Public Companies Act No. 23 of 1987, owns the Common User Facility  consisting of Oil Terminals, Storage Facilities, Pipelines and the Bowser Fleet, more fully described in the Government Gazette extraordinary bearing No. 1310-8 dated 13th October 2003',1,NULL,0),('-','2022-03-28 08:04:00','-','2022-03-28 08:04:00',0,499,'Forest Department',0,3,NULL,NULL,NULL,71,0,1,'Mandate - Conservation of forests in Sri Lanka',1,NULL,0),('-','2022-03-28 10:18:59','-','2022-03-28 10:18:59',0,500,'UAT -Technical Team',0,3,NULL,NULL,NULL,74,0,2,'Technical team of NCC DSN will do the overall management of the system by creating all the CC parameters etc.',1,NULL,0),('-','2022-09-14 09:30:02','-','2022-09-14 09:30:02',0,573,' UAT-Ceylon Petroleum Storage Terminals Limited',0,3,NULL,NULL,NULL,74,0,1,'UAT-Ceylon Petroleum Storage Terminal Limited is a Company duly incorporated under the companies Act No. 17 of 1982 in terms of Section 2  of the conversion of Public Corporations or Government owned business undertakings into Public Companies Act No. 23 of 1987, owns the Common User Facility  consisting of Oil Terminals, Storage Facilities, Pipelines and the Bowser Fleet, more fully described in the Government Gazette extraordinary bearing No. 1310-8 dated 13th October 2003.',1,NULL,0),('-','2023-02-23 11:32:04','-','2023-02-23 11:32:04',0,606,'AAA',0,3,NULL,5,NULL,222,0,1,'aaaaa',3,'2023-02-23 11:32:40.000000',0),('-','2023-02-23 12:42:04','-','2023-02-23 12:42:04',0,607,'Test A',0,3,NULL,NULL,NULL,222,0,1,'Testing',1,NULL,0),('-','2023-04-18 07:44:07','-','2023-04-18 07:44:07',0,608,'Test Shyamika',0,3,NULL,NULL,NULL,59,0,1,'Test Shyamika',1,NULL,0);
/*!40000 ALTER TABLE `institution` ENABLE KEYS */;
UNLOCK TABLES;

--
-- Table structure for table `institution_category`
--

DROP TABLE IF EXISTS `institution_category`;
/*!40101 SET @saved_cs_client     = @@character_set_client */;
/*!50503 SET character_set_client = utf8mb4 */;
CREATE TABLE `institution_category` (
  `createdBy` varchar(255) NOT NULL,
  `createdOn` datetime NOT NULL,
  `editedBy` varchar(255) NOT NULL,
  `editedOn` datetime NOT NULL,
  `status` int NOT NULL,
  `id` int NOT NULL AUTO_INCREMENT,
  `name` varchar(255) NOT NULL,
  `sortOrder` int NOT NULL,
  `description` varchar(2500) NOT NULL,
  PRIMARY KEY (`id`)
) ENGINE=InnoDB AUTO_INCREMENT=4 DEFAULT CHARSET=utf8mb4 COLLATE=utf8mb4_0900_ai_ci;
/*!40101 SET character_set_client = @saved_cs_client */;

--
-- Dumping data for table `institution_category`
--

LOCK TABLES `institution_category` WRITE;
/*!40000 ALTER TABLE `institution_category` DISABLE KEYS */;
INSERT INTO `institution_category` VALUES ('','0000-00-00 00:00:00','','0000-00-00 00:00:00',0,1,'Semi-Government',2,''),('','0000-00-00 00:00:00','','0000-00-00 00:00:00',0,2,'Private',2,''),('','0000-00-00 00:00:00','','0000-00-00 00:00:00',0,3,'Government',1,'');
/*!40000 ALTER TABLE `institution_category` ENABLE KEYS */;
UNLOCK TABLES;

--
-- Table structure for table `institution_type`
--

DROP TABLE IF EXISTS `institution_type`;
/*!40101 SET @saved_cs_client     = @@character_set_client */;
/*!50503 SET character_set_client = utf8mb4 */;
CREATE TABLE `institution_type` (
  `createdBy` varchar(255) NOT NULL,
  `createdOn` datetime NOT NULL,
  `editedBy` varchar(255) NOT NULL,
  `editedOn` datetime NOT NULL,
  `status` int NOT NULL,
  `id` int NOT NULL AUTO_INCREMENT,
  `name` varchar(255) NOT NULL,
  `sortOrder` int NOT NULL,
  `description` varchar(2500) NOT NULL,
  PRIMARY KEY (`id`)
) ENGINE=InnoDB AUTO_INCREMENT=5 DEFAULT CHARSET=utf8mb4 COLLATE=utf8mb4_0900_ai_ci;
/*!40101 SET character_set_client = @saved_cs_client */;

--
-- Dumping data for table `institution_type`
--

LOCK TABLES `institution_type` WRITE;
/*!40000 ALTER TABLE `institution_type` DISABLE KEYS */;
INSERT INTO `institution_type` VALUES (' ','2020-11-01 00:00:00',' ','2020-11-01 00:00:00',0,1,'Data Provider',1,''),(' ','2020-11-01 00:00:00',' ','2020-11-01 00:00:00',0,2,'Management',2,'');
/*!40000 ALTER TABLE `institution_type` ENABLE KEYS */;
UNLOCK TABLES;

--
-- Table structure for table `mitigation`
--

DROP TABLE IF EXISTS `mitigation`;
/*!40101 SET @saved_cs_client     = @@character_set_client */;
/*!50503 SET character_set_client = utf8mb4 */;
CREATE TABLE `mitigation` (
  `createdBy` varchar(255) NOT NULL,
  `createdOn` datetime NOT NULL,
  `editedBy` varchar(255) NOT NULL,
  `editedOn` datetime NOT NULL,
  `status` int NOT NULL,
  `id` int NOT NULL AUTO_INCREMENT,
  `name` varchar(255) NOT NULL,
  `description` varchar(2500) NOT NULL,
  `sortOrder` int NOT NULL,
  PRIMARY KEY (`id`)
) ENGINE=InnoDB AUTO_INCREMENT=6 DEFAULT CHARSET=utf8mb4 COLLATE=utf8mb4_0900_ai_ci;
/*!40101 SET character_set_client = @saved_cs_client */;

--
-- Dumping data for table `mitigation`
--

LOCK TABLES `mitigation` WRITE;
/*!40000 ALTER TABLE `mitigation` DISABLE KEYS */;
INSERT INTO `mitigation` VALUES ('-','2020-12-18 14:07:59','-','2020-12-18 14:07:59',0,1,'Adaptation','Climate change data Category',1),('-','2020-12-19 06:59:50','-','2020-12-19 06:59:50',0,2,'Disaster data','Climate Change data Category',1),('-','2020-12-24 06:32:33','-','2020-12-24 06:32:33',0,3,'Mitigation','Climate change data category',1),('-','2021-01-08 13:08:24','-','2021-01-08 13:08:24',0,4,'Weather and Climatic data','Climate Change Data Category',1),('-','2021-01-08 13:09:30','-','2021-01-08 13:09:30',0,5,'Policies & Laws.','Climate Change Data Category',1);
/*!40000 ALTER TABLE `mitigation` ENABLE KEYS */;
UNLOCK TABLES;

--
-- Table structure for table `parameter`
--

DROP TABLE IF EXISTS `parameter`;
/*!40101 SET @saved_cs_client     = @@character_set_client */;
/*!50503 SET character_set_client = utf8mb4 */;
CREATE TABLE `parameter` (
  `createdBy` varchar(255) NOT NULL,
  `createdOn` datetime NOT NULL,
  `editedBy` varchar(255) NOT NULL,
  `editedOn` datetime NOT NULL,
  `status` int NOT NULL,
  `id` int NOT NULL AUTO_INCREMENT,
  `name` varchar(255) NOT NULL,
  `sampleParamterReading` varchar(255) NOT NULL,
  `isProject` tinyint NOT NULL,
  `isProgramme` tinyint NOT NULL,
  `isPolicy` tinyint NOT NULL,
  `isOther` tinyint NOT NULL,
  `dataCollectionLocation` int NOT NULL,
  `dataCollectionGeography` int NOT NULL,
  `unitOfMeasureId` int DEFAULT NULL,
  `climateChangeDataCategoryId` int DEFAULT NULL,
  `sectorId` int DEFAULT NULL,
  `subSectorId` int DEFAULT NULL,
  `projectId` int DEFAULT NULL,
  `programmeId` int DEFAULT NULL,
  `policyId` int DEFAULT NULL,
  `isPublicData` tinyint DEFAULT NULL,
  `commercialValue` int NOT NULL,
  `institutionId` int DEFAULT NULL,
  `frequencyId` int DEFAULT NULL,
  `description` varchar(2500) NOT NULL,
  `minSampleValue` varchar(255) DEFAULT NULL,
  `maxSampleValue` varchar(255) DEFAULT NULL,
  `deadlineId` int DEFAULT NULL,
  `climateImpactId` int DEFAULT NULL,
  `deletedAt` datetime(6) DEFAULT NULL,
  `locationName` varchar(255) NOT NULL,
  `parameterDataTypeId` int DEFAULT NULL,
  PRIMARY KEY (`id`),
  KEY `FK_57a80e11bc6a43e88b4f5f4dcc9` (`unitOfMeasureId`),
  KEY `FK_1391fff8fea9487096f3c512808` (`climateChangeDataCategoryId`),
  KEY `FK_4057f643789f15dbd9da9f0cadc` (`sectorId`),
  KEY `FK_0422162f35e8064ddfb7f69bd9f` (`subSectorId`),
  KEY `FK_8fff0a2eb983724ffb592d8888b` (`projectId`),
  KEY `FK_f4e83ae9a7f891c3a1855b13d10` (`programmeId`),
  KEY `FK_bbe8b48742e91d15a8dc81c72bb` (`policyId`),
  KEY `FK_c584a0d5a74c7cfb5bcc3ecf9f0` (`institutionId`),
  KEY `FK_97bfa5a1ec6a518ab85fcc48ecb` (`frequencyId`),
  KEY `FK_9854d4f137bb4a60c0bdabebd9e` (`deadlineId`),
  KEY `FK_6013016daf1af2c037427714c45` (`climateImpactId`),
  KEY `FK_c593d5a766439e35d1d9e38a301` (`parameterDataTypeId`),
  CONSTRAINT `FK_0422162f35e8064ddfb7f69bd9f` FOREIGN KEY (`subSectorId`) REFERENCES `sub_sector` (`id`),
  CONSTRAINT `FK_1391fff8fea9487096f3c512808` FOREIGN KEY (`climateChangeDataCategoryId`) REFERENCES `climate_change_data_category` (`id`),
  CONSTRAINT `FK_4057f643789f15dbd9da9f0cadc` FOREIGN KEY (`sectorId`) REFERENCES `sector` (`id`),
  CONSTRAINT `FK_57a80e11bc6a43e88b4f5f4dcc9` FOREIGN KEY (`unitOfMeasureId`) REFERENCES `unit_of_measure` (`id`),
  CONSTRAINT `FK_6013016daf1af2c037427714c45` FOREIGN KEY (`climateImpactId`) REFERENCES `climate_impact` (`id`),
  CONSTRAINT `FK_8fff0a2eb983724ffb592d8888b` FOREIGN KEY (`projectId`) REFERENCES `project_programme` (`id`),
  CONSTRAINT `FK_97bfa5a1ec6a518ab85fcc48ecb` FOREIGN KEY (`frequencyId`) REFERENCES `frequency` (`id`),
  CONSTRAINT `FK_9854d4f137bb4a60c0bdabebd9e` FOREIGN KEY (`deadlineId`) REFERENCES `deadline` (`id`),
  CONSTRAINT `FK_bbe8b48742e91d15a8dc81c72bb` FOREIGN KEY (`policyId`) REFERENCES `policy` (`id`),
  CONSTRAINT `FK_c584a0d5a74c7cfb5bcc3ecf9f0` FOREIGN KEY (`institutionId`) REFERENCES `institution` (`id`),
  CONSTRAINT `FK_c593d5a766439e35d1d9e38a301` FOREIGN KEY (`parameterDataTypeId`) REFERENCES `parameter_data_type` (`id`),
  CONSTRAINT `FK_f4e83ae9a7f891c3a1855b13d10` FOREIGN KEY (`programmeId`) REFERENCES `project_programme` (`id`)
) ENGINE=InnoDB AUTO_INCREMENT=2607 DEFAULT CHARSET=utf8mb4 COLLATE=utf8mb4_0900_ai_ci;
/*!40101 SET character_set_client = @saved_cs_client */;

--
-- Dumping data for table `parameter`
--

LOCK TABLES `parameter` WRITE;
/*!40000 ALTER TABLE `parameter` DISABLE KEYS */;
INSERT INTO `parameter` VALUES ('-','2021-01-10 12:16:34','-','2021-01-10 12:16:34',0,104,'Annual diesel consumption of Lakvijaya Power Station','4000',0,0,0,0,3,1,67,2,2,NULL,NULL,NULL,NULL,1,0,NULL,4,'Annual diesel consumption of Lakvijaya Power Station for the generation of electricity','0','10000',1,5,'2021-01-10 12:44:42.000000','',1),('-','2021-01-10 12:48:30','-','2021-01-10 12:48:30',0,106,'Annual Diesel Consumption of Lakvijaya Power Station','4',0,0,0,0,3,5,48,2,2,NULL,NULL,NULL,NULL,NULL,0,NULL,4,'Annual Diesel Consumption of Lakvijaya Power Station for electricity generation','0','20',1,1,NULL,'',1),('-','2021-01-10 12:52:12','-','2021-01-10 12:52:12',0,107,'Total annual Electricity Generation using coal','4800',0,0,0,0,3,1,40,2,2,NULL,NULL,NULL,NULL,1,0,NULL,4,'National total value of annual Electricity Generation using coal as a fuel','0','8000',1,1,NULL,'',1),('-','2021-01-10 13:12:28','-','2021-01-10 13:12:28',0,108,'Total annual electricity generation using grid connected solar PV systems','98',0,0,0,0,3,1,40,2,2,NULL,NULL,NULL,NULL,1,0,NULL,4,'Total annual electricity generation using grid connected solar PV systems belonging to private sector','0','200',1,1,NULL,'',1),('-','2021-01-10 13:22:39','-','2021-01-10 13:22:39',0,109,'Annual Diesel consumption in the Agriculture sector','2',0,0,0,0,3,1,48,2,2,NULL,NULL,NULL,NULL,1,0,NULL,4,'Annual Diesel consumption in the Agriculture sector estimated or collected by the Department of Census and Statistics','0','5',1,1,NULL,'',1),('-','2021-01-10 15:19:07','-','2021-01-10 15:19:07',0,111,'Average fuel economy of gasoline cars','20',0,0,0,0,3,1,51,2,3,NULL,NULL,NULL,NULL,1,0,NULL,4,'Average fuel economy of gasoline cars as available at Ceylon Petroleum Corporation','0','100',1,5,NULL,'',1),('-','2021-01-10 16:07:14','-','2021-01-10 16:07:14',0,112,'Modal share of buses','38.8',0,0,0,0,3,1,52,2,3,NULL,NULL,NULL,NULL,1,0,NULL,4,'percentage of passenger kilometers travelled using busses ','0','100',1,1,NULL,'',1),('-','2021-01-10 16:23:02','-','2021-01-10 16:23:02',0,113,'Active Vehicle Population (Gasoline Cars) - National','300,000',0,0,0,0,3,1,36,2,3,NULL,NULL,NULL,NULL,1,0,NULL,4,'Total number of gasoline powered cars in the whole country','100','1000000',1,1,'2021-01-11 13:52:25.000000','',1),('-','2021-01-10 16:26:23','-','2021-01-10 16:26:23',0,114,'Active Vehicle Population (Diesel Trucks) - Provincial','100000',0,0,0,0,3,2,36,2,3,NULL,NULL,NULL,NULL,1,0,NULL,4,'Number of diesel trucks and lorries in the active fleet - provincewise','0','500000',1,1,'2021-01-11 13:50:23.000000','',1),('-','2021-01-10 16:32:38','-','2021-01-10 16:32:38',0,115,'Active vehicle fleet (Diesel Trucks) - National','500000',0,0,0,0,3,1,36,2,3,NULL,NULL,NULL,NULL,1,0,NULL,4,'National total number of diesel trucks and lorries in operation','0','1000000',1,1,'2021-01-11 13:51:02.000000','',1),('-','2021-01-10 17:07:51','-','2021-01-10 17:07:51',0,116,'Total Diesel consumption in the road transport sub-sector (mobile)','1398988.1',0,0,0,0,3,1,46,2,3,NULL,NULL,NULL,NULL,1,0,NULL,4,'Total Diesel consumption in the road transport sub-sector (mobile) - National value','0','2797976.19',1,1,NULL,'',1),('-','2021-01-10 18:32:22','-','2021-01-10 18:32:22',0,117,'Quantity of sea shells used for the production of lime','3000',0,0,0,0,3,1,38,2,5,NULL,NULL,NULL,NULL,1,0,NULL,4,'Quantity of sea shells used for the production of lime','0','6000',1,1,NULL,'',1),('-','2021-01-10 18:53:46','-','2021-01-10 18:53:46',0,118,'BOD of wastewater discharge within the BOI zone - Katunayake','200',0,0,0,0,3,5,53,2,5,NULL,NULL,NULL,NULL,1,0,NULL,4,'BOD of wastewater discharge within the BOI zone - at Katunayake','0','500',1,1,'2021-01-11 11:24:19.000000','',1),('-','2021-01-10 18:59:33','-','2021-01-10 18:59:33',0,119,'Number of vulnerable areas with established buffer stocks','6',0,0,0,0,3,1,36,3,4,NULL,NULL,NULL,NULL,1,0,NULL,4,'Number of vulnerable areas with established buffer stocks','0','30',1,12,NULL,'',1),('-','2021-01-10 19:43:28','-','2021-01-10 19:43:28',0,122,'Annual extent of  forests','28513',0,0,0,0,3,1,54,3,8,NULL,NULL,NULL,NULL,1,0,NULL,4,'Annual extent of  Forest lands in Sri Lanka','0','100000',1,6,NULL,'',1),('-','2021-01-11 05:39:14','-','2021-01-11 05:39:14',0,124,'Annual extent of jungle corridors','8777',0,0,0,0,3,1,54,3,8,NULL,NULL,NULL,NULL,1,0,NULL,4,'Annual extent of Sanctuaries under the purview of DWC','0','500000',1,1,NULL,'',1),('-','2021-01-11 06:02:35','-','2021-01-11 06:02:35',0,127,'Annual extent of sanctuaries','376943',0,0,0,0,3,1,54,3,8,NULL,NULL,NULL,NULL,1,0,NULL,4,'Annual extent of Sanctuaries under the purview of DWC','0','3000000',1,1,NULL,'',1),('-','2021-01-11 06:15:41','-','2021-01-11 06:15:41',0,128,'Number of  endemic fauna species in the study area','50',0,0,0,0,3,1,36,3,8,NULL,NULL,NULL,NULL,1,0,NULL,4,'Number of  endemic land snails species in the study area','0','1000',1,1,NULL,'',1),('-','2021-01-11 06:27:16','-','2021-01-11 06:27:16',0,130,'Budget allocation for CEA on establishing air quality monitoring facilities in strategic locations','500000',0,0,0,0,3,1,55,3,1,NULL,NULL,NULL,NULL,1,0,NULL,4,'Budget allocation for CEA on establishing air quality monitoring facilities in strategic locations in Sri Lanka','300000','600000',1,1,NULL,'',1),('-','2021-01-11 06:39:27','-','2021-01-11 06:39:27',0,133,'Average CO concentration in the air (daily)','0.8',0,0,0,0,3,1,56,3,1,NULL,NULL,NULL,NULL,1,0,NULL,1,'Average CO concentration in the air (daily)','0.4','1.3',5,1,NULL,'',1),('-','2021-01-11 06:47:07','-','2021-01-11 06:47:07',0,135,'Number of guidelines prepared and published for human settlements and infrastructure in vulnerable zones by UDA','2',0,0,0,0,3,1,36,3,13,NULL,NULL,NULL,NULL,1,0,NULL,4,'Number of guidelines prepared and published for human settlements and infrastructure in vulnerable zones by UDA','1','2.5',1,1,NULL,'',1),('-','2021-01-11 07:14:40','-','2021-01-11 07:14:40',0,140,'Frequency of Energy supply breakdowns per year','37',0,0,0,0,3,1,36,3,13,NULL,NULL,NULL,NULL,1,0,NULL,4,'Frequency of Energy supply breakdowns per year in Sri Lanka','20','45',1,1,NULL,'',1),('-','2021-01-11 07:16:36','-','2021-01-11 07:16:36',0,142,'% of foreign exchange earnings by tourism sector','13.7',0,0,0,0,3,1,52,3,14,NULL,NULL,NULL,NULL,1,0,NULL,4,'% of foreign exchange earnings by tourism sector','7','15',1,1,NULL,'',1),('-','2021-01-11 07:33:34','-','2021-01-11 07:33:34',0,143,'Number of livelihoods in tourism','150000',0,0,0,0,3,1,36,3,14,NULL,NULL,NULL,NULL,1,0,NULL,4,'Number of people  occupying on tourism','100000','200000',1,1,NULL,'',1),('-','2021-01-11 07:39:12','-','2021-01-11 07:39:12',0,146,'Guestrooms in hotels/guesthouses, Resorts under purview of DCS','10000',0,0,0,0,3,1,36,3,14,NULL,NULL,NULL,NULL,1,0,NULL,4,'Total number of Guestrooms in hotels/guesthouses, Resorts under purview of DCS','9950','12000',1,1,NULL,'',1),('-','2021-01-11 07:56:25','-','2021-01-11 07:56:25',0,147,'% of total livestock killed by drought','12',0,0,0,0,3,1,52,3,9,NULL,NULL,NULL,NULL,1,0,NULL,4,'Cattle, goats, pigs and buffaloes killed due to droughts as a % of the total population','5','15',1,1,NULL,'',1),('-','2021-01-11 07:59:30','-','2021-01-11 07:59:30',0,148,'Harvested irrigated permanent crop area: Citrus under purview of DoAD','80',0,0,0,0,3,1,54,3,9,NULL,NULL,NULL,NULL,1,0,NULL,4,'Area of citrus crops harvested that were irrigated permanently','50','100',1,1,NULL,'',1),('-','2021-01-11 08:01:04','-','2021-01-11 08:01:04',0,149,'Harvested irrigated temporary crop area: Fodder under purview of DoAD','50',0,0,0,0,3,1,54,3,9,NULL,NULL,NULL,NULL,1,0,NULL,4,'Area of fodder crops harvested that were irrigated temporary','30','75',1,1,NULL,'',1),('-','2021-01-11 08:03:34','-','2021-01-11 08:03:34',0,151,'Land area of coconut','439',0,0,0,0,3,1,54,3,4,NULL,NULL,NULL,NULL,1,0,NULL,4,'Land Area of Coconut','0','500000',1,NULL,NULL,'',1),('-','2021-01-11 08:10:56','-','2021-01-11 08:10:56',0,153,'Land Area of Rubber','159',0,0,0,0,3,1,54,3,4,NULL,NULL,NULL,NULL,1,0,NULL,4,'Land Area of Rubber','0','500000',1,NULL,NULL,'',1),('-','2021-01-11 08:36:23','-','2021-01-11 08:36:23',0,154,'Land Area of Sugarcane','7976',0,0,0,0,3,1,54,3,4,NULL,NULL,NULL,NULL,1,0,NULL,4,'Land Area of Sugarcane','0','500000',1,NULL,NULL,'',1),('-','2021-01-11 08:47:19','-','2021-01-11 08:47:19',0,155,'Land Area of Tea ','195',0,0,0,0,3,1,54,3,4,NULL,NULL,NULL,NULL,1,0,NULL,4,'Land Area of Tea ','0','500000',1,NULL,NULL,'',1),('-','2021-01-11 09:46:50','-','2021-01-11 09:46:50',0,159,'Poultry Population','41,000,000',0,0,0,0,3,1,36,3,10,NULL,NULL,NULL,NULL,1,0,NULL,4,'Poultry Population of Sri Lanka','0','82,000,000',1,NULL,NULL,'',1),('-','2021-01-11 10:25:45','-','2021-01-11 10:25:45',0,160,'Per Capita Availability of Chicken meat per year','10.2',0,0,0,0,3,1,37,3,10,NULL,NULL,NULL,NULL,1,0,NULL,4,'Per Capita Availability of Chicken meat per year','0','51',1,NULL,NULL,'',1),('-','2021-01-11 10:56:46','-','2021-01-11 10:56:46',0,161,'Annual crop harvested area','3.5 million',0,0,0,0,3,1,54,2,7,NULL,NULL,NULL,NULL,1,0,NULL,4,'Total crop harvested area in Sri Lanka','0','10',1,NULL,NULL,'',1),('-','2021-01-11 11:15:04','-','2021-01-11 11:15:04',0,162,'Annual area of Land Converted to Settlements (ha)','180 ',0,0,0,0,3,1,54,2,7,NULL,NULL,NULL,NULL,1,0,NULL,4,'Annual area of Land Converted to Settlements - Colombo','0','1000',1,1,NULL,'',1),('-','2021-01-11 11:37:18','-','2021-01-11 11:37:18',0,163,'Annual import of HFC134a','19.38',0,0,0,0,3,1,38,2,5,NULL,NULL,NULL,NULL,1,0,NULL,4,'Annual import of HFC134a','0','96.9',1,NULL,NULL,'',1),('-','2021-01-11 11:43:11','-','2021-01-11 11:43:11',0,164,'Area Inundated by tanks under purview of DSGSL','52,250',0,0,0,0,3,1,54,2,7,NULL,NULL,NULL,NULL,1,0,NULL,4,'The total area of flooded land ','0','1000000',1,NULL,NULL,'',1),('-','2021-01-11 11:55:32','-','2021-01-11 11:55:32',0,165,'Area of urban lands','60062',0,0,0,0,3,1,54,2,7,NULL,NULL,NULL,NULL,1,0,NULL,4,'Highly populated settlement areas',NULL,'1000000',1,NULL,NULL,'',1),('-','2021-01-11 12:34:10','-','2021-01-11 12:34:10',0,166,'Carbon content of Paraffin Wax ','20',0,0,0,0,3,1,58,2,5,NULL,NULL,NULL,NULL,1,0,NULL,4,'Carbon content of Paraffin Wax ','0','40',1,NULL,NULL,'',1),('-','2021-01-11 12:38:23','-','2021-01-11 12:38:23',0,168,'Inland water area','290500',0,0,0,0,3,1,54,3,11,NULL,NULL,NULL,NULL,1,0,NULL,4,'Inland water area in Sri Lanka','250000','290600',1,NULL,NULL,'',1),('-','2021-01-11 12:42:52','-','2021-01-11 12:42:52',0,170,'Quantity of Beer Produced','91999200',0,0,0,0,3,1,47,2,5,NULL,NULL,NULL,NULL,1,0,NULL,4,'Total amount of beer produced in the country','0','183998400',1,NULL,NULL,'',1),('-','2021-01-11 12:57:57','-','2021-01-11 12:57:57',0,171,'Area of Forest Land Remaining Forest Land under purview of DFC','1,951,472',0,0,0,0,3,1,54,2,7,NULL,NULL,NULL,NULL,1,0,NULL,4,'Total forest cover in relevant year','0','6000000',1,NULL,NULL,'',1),('-','2021-01-11 13:01:50','-','2021-01-11 13:01:50',0,172,'Number of Dysentery cases identified*','2027',0,0,0,0,3,1,36,3,1,NULL,NULL,NULL,NULL,1,0,NULL,4,'Number of Dysentery cases identified in Sri Lanka','1500','3000',1,NULL,NULL,'',1),('-','2021-01-11 13:01:51','-','2021-01-11 13:01:51',0,173,'Carbon fraction of dry matter ','0.47',0,0,0,0,3,1,60,2,7,NULL,NULL,NULL,NULL,1,0,NULL,4,'Biomass estimates are converted to carbon values using this default parameter (carbon fraction of dry matter)','0.44','0.49',1,NULL,NULL,'',1),('-','2021-01-11 13:19:24','-','2021-01-11 13:19:24',0,174,'Number of pigs in Gampaha district','22,660',0,0,0,0,3,3,61,2,7,NULL,NULL,NULL,NULL,1,0,NULL,4,'Number of pigs in Gampaha district','0','100000',1,NULL,NULL,'',1),('-','2021-01-11 13:26:21','-','2021-01-11 13:26:21',0,175,'Number of cattle in Sri Lanka','1,086,010',0,0,0,0,3,1,61,2,7,NULL,NULL,NULL,NULL,1,0,NULL,4,'Total number of livestock (for each type of livestock category) ',NULL,NULL,1,NULL,NULL,'',1),('-','2021-01-11 13:50:43','-','2021-01-11 13:50:43',0,176,'Quantity Composted biodegradable waste under purview of CEA*','774.41',0,0,0,0,3,1,62,2,6,NULL,NULL,NULL,NULL,1,0,NULL,4,'Total amount of organic waste composted in the country',NULL,NULL,1,NULL,NULL,'',1),('-','2021-01-11 13:54:07','-','2021-01-11 13:54:07',0,177,'Quantity of MS waste generated  (estimated value) under purview of WPWMA','6,400',0,0,0,0,3,1,63,2,6,NULL,NULL,NULL,NULL,1,0,NULL,4,'Total quantity of MSW generated in western province',NULL,NULL,1,NULL,'2021-01-11 23:58:47.000000','',1),('-','2021-01-11 13:57:56','-','2021-01-11 13:57:56',0,178,'Quantity of MSW handle','3,365',0,0,0,0,3,1,63,2,6,NULL,NULL,NULL,NULL,1,0,NULL,4,'Total quantity of MSW handle in the country',NULL,NULL,1,NULL,'2021-01-12 00:10:25.000000','',1),('-','2021-01-11 13:59:15','-','2021-01-11 13:59:15',0,179,'Quantity of waste water discharge by sugar industry under purview of CEA','15',0,0,0,0,3,1,64,2,6,NULL,NULL,NULL,NULL,1,0,NULL,4,'Quantity of waste water discharge by sugar industry under purview of CEA',NULL,NULL,1,NULL,NULL,'',1),('-','2021-01-11 14:00:36','-','2021-01-11 14:00:36',0,180,'Quantity of waste water discharged by dairy industry under purview of CEA','2.8',0,0,0,0,3,1,64,2,6,NULL,NULL,NULL,NULL,1,0,NULL,4,'Quantity of waste water discharged by dairy industry under purview of CEA',NULL,NULL,1,NULL,NULL,'',1),('-','2021-01-11 14:50:59','-','2021-01-11 14:50:59',0,182,'Net calorific value of Gasoline','44.3',0,0,0,0,3,1,65,2,3,NULL,NULL,NULL,NULL,1,0,NULL,4,'Net calorific value of Gasoline','42.5','44.8',1,NULL,NULL,'',1),('-','2021-01-11 14:52:57','-','2021-01-11 14:52:57',0,183,'Average fuel economy of diesel buses operated by SLTB','3.5',0,0,0,0,3,1,51,2,3,NULL,NULL,NULL,NULL,1,0,NULL,4,'Average fuel economy of diesel buses operated by SLTB','3','4',1,NULL,NULL,'',1),('-','2021-01-11 15:10:35','-','2021-01-11 15:10:35',0,184,'Total Diesel consumption in the rail transport sub-sector (mobile)','30077444',0,0,0,0,3,1,47,2,3,NULL,NULL,NULL,NULL,1,0,NULL,4,'Total Diesel consumption in the rail transport sub-sector (mobile)','0','60154888',1,NULL,NULL,'',1),('-','2021-01-12 00:12:26','-','2021-01-12 00:12:26',0,188,'Quantity of MSW handled under purview of MCs','3,365',0,0,0,0,3,5,63,2,6,NULL,NULL,NULL,NULL,1,0,NULL,4,'Total quantity of MSW handle by the municipal council',NULL,NULL,1,NULL,NULL,'',1),('-','2021-01-12 05:10:58','-','2021-01-12 05:10:58',0,191,'Specify this as the highway','80',0,0,0,0,3,5,61,2,3,NULL,NULL,NULL,NULL,1,0,NULL,4,'Average speed of busses in Sothern highway ','0','110',1,1,NULL,'',1),('-','2021-01-18 13:50:54','-','2021-01-18 13:50:54',0,194,'Fraction by volume of CH4 in landfill gas','52',0,0,0,0,3,2,36,2,6,NULL,NULL,NULL,NULL,1,0,NULL,4,'Fraction by volume of CH4 in landfill gas','0','500000',1,NULL,'2021-01-18 14:21:16.000000','',1),('-','2021-01-19 03:24:21','-','2021-01-19 03:24:21',0,196,'Average speed of buses under NTC purview in different roads','85',0,0,0,0,3,1,67,2,3,NULL,NULL,NULL,NULL,1,0,NULL,4,'Average speed of buses in southern  express way','80','110',1,NULL,NULL,'',1),('-','2021-01-24 14:28:19','-','2021-01-24 14:28:19',0,197,'Number of Dual Purpose Vehicles','363553',0,0,0,0,3,1,61,2,3,NULL,NULL,NULL,NULL,1,0,NULL,4,'Total number of dual purpose vehicles in the country','0','727106',1,NULL,NULL,'',1),('-','2021-02-10 03:37:17','-','2021-02-10 03:37:17',0,209,'Average number of metro trains per month','',0,0,0,0,3,1,NULL,2,3,NULL,NULL,NULL,NULL,1,0,NULL,4,'Average number of metro trains per month - Description','','',1,1,NULL,'',2),('-','2021-02-10 05:41:09','-','2021-02-10 05:41:09',0,210,'Average number metro trains each route','',0,0,0,0,3,1,NULL,2,3,NULL,NULL,NULL,NULL,1,0,NULL,4,'Average number metro trains each route - descriptions','','',1,1,NULL,'',2),('-','2021-02-15 06:09:36','-','2021-02-15 06:09:36',0,242,'Coal consumption of Lakwijaya power Station','',0,0,0,0,3,5,NULL,2,2,NULL,NULL,NULL,NULL,1,0,NULL,4,'coal use for energy generation','','',1,1,NULL,'Lakvijaya Power Station',2),('-','2021-02-17 20:30:26','-','2021-02-17 20:30:26',0,307,'Man of the year','',0,0,0,0,3,1,NULL,6,16,NULL,NULL,NULL,NULL,1,0,NULL,4,'Photograph of the Man of the Year','','',1,NULL,NULL,'',2),('-','2021-02-22 16:03:57','-','2021-02-22 16:03:57',0,405,'Percentage of population living in disaster prone areas','20',0,0,0,0,3,1,52,3,13,NULL,NULL,NULL,NULL,1,0,NULL,4,'Description of Percentage of population living in disaster prone areas','0','100',1,21,NULL,'',1),('-','2021-02-22 16:52:49','-','2021-02-22 16:52:49',0,424,'Annual area of  Beaches affected by sea level rise','2',0,0,0,0,3,1,54,3,12,NULL,NULL,NULL,NULL,1,0,NULL,4,'Description of Annual area of  Beaches affected by sea level rise','0','5',1,3,NULL,'',1),('-','2021-12-03 14:00:48','-','2021-12-03 14:00:48',0,483,'tst Attributed deaths due to vector born diseases*','1',0,0,0,0,3,1,52,3,13,NULL,NULL,NULL,NULL,0,0,NULL,4,'tst Attributed deaths due to vector born diseases*','1','1',1,5,NULL,'',1),('-','2021-12-04 03:27:57','-','2021-12-04 03:27:57',0,484,'tst Methane Correction Factor','0.2',0,0,0,0,3,1,61,2,6,NULL,NULL,NULL,NULL,0,0,NULL,4,'tst a factor to be entered after conducting specific related research for general waste','0','1',1,23,NULL,'',1),('-','2021-12-04 03:29:56','-','2021-12-04 03:29:56',0,485,'tst DOC in MS wet waste','0.4',0,0,0,0,3,1,61,2,6,NULL,NULL,NULL,NULL,0,0,NULL,4,'tst DOC in MS wet waste','0','1',1,23,'2021-12-04 03:35:44.000000','',1),('-','2021-12-04 03:34:43','-','2021-12-04 03:34:43',0,486,'tst Average input  BoD of each aerobic waste water treatment plant  under LAs in WPWMA area','1500',0,0,0,0,3,1,53,2,6,NULL,NULL,NULL,NULL,0,0,NULL,4,'tst in put BOD value for each plant and avaraged to be takken as a nnational fiigure for provinces other than western','0','10000',1,23,NULL,'',1),('-','2021-12-04 03:38:49','-','2021-12-04 03:38:49',0,487,'Area in the last year of an inventory period (ha) (Tea land Remaining tea land) under purview of SLTB*','229262',0,0,0,0,3,1,54,2,7,NULL,NULL,NULL,NULL,0,0,NULL,4,'tst Area in the last year of an inventory period (ha) (Tea land Remaining tea land)','0','1000000',1,17,NULL,'',1),('-','2021-12-04 03:43:42','-','2021-12-04 03:43:42',0,488,'tst Average fuel economy of diesel buses operated by SLTB','4',0,0,0,0,3,1,51,2,3,NULL,NULL,NULL,NULL,0,0,NULL,4,'tst Average fuel economy of diesel buses operated by SLTB','0','30',1,17,NULL,'',1),('-','2022-03-28 16:30:48','-','2022-03-28 16:30:48',0,509,'Electricity export of each rooftop solar plant','45',0,0,0,0,3,1,40,2,2,NULL,NULL,NULL,NULL,0,0,NULL,4,'How many units are generated and exported to the grid.','40','55',1,NULL,'2022-03-28 17:21:26.000000','',1),('-','2022-04-03 09:39:48','-','2022-04-03 09:39:48',0,524,'Quantity of fuel consumed by petrol cars in year y','100000',0,0,0,0,3,1,47,2,3,NULL,NULL,NULL,NULL,0,10,NULL,4,'Litter of petrol consumed by car fleet in Sri Lanka','50000','250000',1,24,'2022-04-03 12:46:05.000000','',1),('-','2022-04-07 06:14:16','-','2022-04-07 06:14:16',0,590,'Electricity export by each Rooftop solar plant under LECO purview','10000',0,0,0,0,3,1,40,2,2,NULL,NULL,NULL,NULL,0,0,NULL,4,'Electricity export by each Rooftop solar plant under LECO purview','','',1,NULL,NULL,'',1),('-','2022-04-07 06:15:46','-','2022-04-07 06:15:46',0,591,'Modal share of Bus','35',0,0,0,0,3,3,52,2,3,NULL,NULL,NULL,NULL,0,0,NULL,4,'Modal share of Bus','','',1,NULL,NULL,'',1),('-','2022-04-07 06:33:51','-','2022-04-07 06:33:51',0,593,'Number of bridges','35',0,0,0,0,3,3,61,2,3,NULL,NULL,NULL,NULL,0,0,NULL,4,'Number of bridges','','',1,NULL,NULL,'',1),('-','2022-10-16 05:22:45','-','2022-10-16 05:22:45',0,665,'Day 01- Electricity generation from Laxapana Complex','3400',0,0,0,0,3,1,40,2,2,NULL,NULL,NULL,NULL,1,0,NULL,4,'Total annual electricity generation from Laxapana Complex','0','8000',1,1,NULL,'',1),('-','2022-10-16 05:24:54','-','2022-10-16 05:24:54',0,666,'Day 01- Quantity of natural gas used for electricity generation','3200',0,0,0,0,3,1,40,2,2,NULL,NULL,NULL,NULL,1,0,NULL,4,'Annual quantity of natural gas used for electricity generation','0','8000',1,1,NULL,'',1),('-','2022-10-16 05:32:39','-','2022-10-16 05:32:39',0,667,'Day 01- Farm gate prices of fresh fish- Sri Lanka','500',0,0,0,0,3,1,NULL,3,12,NULL,NULL,NULL,NULL,1,0,NULL,4,'Farm gate prices of fresh fish in Sri Lanka - Annual average','1','',1,NULL,NULL,'',2),('-','2022-10-16 05:35:41','-','2022-10-16 05:35:41',0,668,'Day 01- Area damaged by salt water intrusion to inland fisheries','',0,0,0,0,3,1,NULL,3,12,NULL,NULL,NULL,NULL,1,0,NULL,4,'Area damaged by salt water intrusion to inland fisheries in Sri Lanka','','',1,6,NULL,'',2),('-','2022-10-16 05:45:12','-','2022-10-16 05:45:12',0,669,'Day 01- Number of Community Water supply projects','',0,0,0,0,3,1,NULL,3,9,NULL,NULL,NULL,NULL,1,0,NULL,4,'Number of Community Water supply projects - Annually','','',1,NULL,NULL,'',2),('-','2022-10-16 05:46:19','-','2022-10-16 05:46:19',0,670,'Day 01- Incident of Salt water intrusions to water intake points of water supply schemes','',0,0,0,0,3,1,NULL,3,9,NULL,NULL,NULL,NULL,1,0,NULL,4,'Incident of Salt water intrusions to water intake points of water supply schemes','','',1,NULL,NULL,'',2),('-','2022-10-16 13:23:49','-','2022-10-16 13:23:49',0,674,'Rainfall data 2019 in Rathnapura district','',0,0,0,0,3,1,NULL,2,7,NULL,NULL,NULL,NULL,0,500,NULL,4,'Rainfall data 2019 in Rathnapura district','','',1,23,NULL,'',2),('-','2022-10-17 05:55:09','-','2022-10-17 05:55:09',0,679,'daily water consumption','20',0,0,0,0,3,1,47,3,9,NULL,NULL,NULL,NULL,1,0,NULL,3,'daily water consumption','','',3,NULL,NULL,'',1),('-','2022-10-17 06:00:32','-','2022-10-17 06:00:32',0,680,'Day 01- Area damaged by salt water intrusion to inland fisheries.','500',0,0,0,0,3,1,54,3,12,NULL,NULL,NULL,NULL,1,0,NULL,4,'Area damaged by salt water intrusion to inland fisheries.','0','10000',1,23,NULL,'',1),('-','2022-10-17 15:44:57','-','2022-10-17 15:44:57',0,684,'Request data for day 02','1234',0,0,0,0,3,1,40,2,2,NULL,NULL,NULL,NULL,1,0,NULL,4,'Request data for day 02','0','1234567',1,NULL,NULL,'',1),('-','2022-10-18 19:16:05','-','2022-10-18 19:16:05',0,706,'Request data for day three','1298',0,0,0,0,3,1,40,2,2,NULL,NULL,NULL,NULL,1,0,NULL,4,'Request data for day three','0','1400',1,NULL,NULL,'',1),('-','2022-10-18 19:19:21','-','2022-10-18 19:19:21',0,707,'Data request for day three','',0,0,0,0,3,1,NULL,3,9,NULL,NULL,NULL,NULL,1,0,NULL,4,'Data request for day three','','',1,NULL,NULL,'',2),('-','2022-10-19 05:45:28','-','2022-10-19 05:45:28',0,710,'Carbon content of diesel ','40',0,0,0,0,3,1,71,2,2,NULL,NULL,NULL,NULL,1,0,NULL,4,'carbon content of diesel ','15','42',1,23,NULL,'',1),('-','2021-01-11 10:56:46','-','2021-01-11 10:56:46',0,717,'Annual area of Land Converted to Wetlands','',0,0,0,0,3,1,54,2,7,NULL,NULL,NULL,NULL,0,0,NULL,4,'Annual area of Land Converted to Wetlands (ha)','0','',1,NULL,NULL,'',1),('-','2021-01-11 10:56:46','-','2021-01-11 10:56:46',0,718,'Annual volume of fuelwood removal as tree parts','101172',0,0,0,0,3,1,46,2,7,NULL,NULL,NULL,NULL,0,0,NULL,4,'Annual volume of fuelwood removal as tree parts','0','1000000',NULL,NULL,NULL,' ',1),('-','2021-01-11 10:56:46','-','2021-01-11 10:56:46',0,719,'Annual volume of fuelwood removal of whole trees',' ',0,0,0,0,3,1,46,2,7,NULL,NULL,NULL,NULL,0,0,NULL,4,'Annual volume of fuelwood removal of whole trees','0','0',NULL,NULL,NULL,' ',1),('-','2021-12-04 03:38:49','-','2021-12-04 03:38:49',0,720,'Area in the last year of an inventory period','',0,0,0,0,3,1,54,2,7,NULL,NULL,NULL,NULL,0,0,NULL,4,'Area in the last year of an inventory period','0','0',1,17,NULL,'',1),('-','2021-01-11 11:43:11','-','2021-01-11 11:43:11',0,721,'Area of barren lands (ha) under purview of DSGSL',' ',0,0,0,0,3,1,54,2,7,NULL,NULL,NULL,NULL,1,0,NULL,4,'Area of barren lands (ha) under purview of DSGSL','0','',1,NULL,NULL,'',1),('-','2021-01-11 11:43:11','-','2021-01-11 11:43:11',0,722,'Area of build up lands',' ',0,0,0,0,3,1,54,2,7,NULL,NULL,NULL,NULL,0,0,NULL,4,'Area of build up lands','0','',1,NULL,NULL,'',1),('-','2021-01-11 11:43:11','-','2021-01-11 11:43:11',0,723,' Area of Eucalyptus and Acacia',' ',0,0,0,0,3,1,54,2,7,NULL,NULL,NULL,NULL,0,0,NULL,4,' Area of Eucalyptus and Acacia','0','',1,NULL,NULL,'',1),('-','2021-01-11 11:43:11','-','2021-01-11 11:43:11',0,724,'Area of land above 500 ft contour (ha) under purview of DSGSL',' ',0,0,0,0,3,1,54,2,7,NULL,NULL,NULL,NULL,0,0,NULL,4,'Area of land above 500 ft contour (ha) under purview of DSGSL','0','',1,NULL,NULL,'',1),('-','2021-01-11 11:43:11','-','2021-01-11 11:43:11',0,725,'Area of land with the potential high erosion',' ',0,0,0,0,3,1,54,2,7,NULL,NULL,NULL,NULL,0,0,NULL,4,'Area of land with the potential high erosion','0','',1,NULL,NULL,'',1),('-','2021-01-11 11:43:11','-','2021-01-11 11:43:11',0,726,'Area of land with the potential low erosion',' ',0,0,0,0,3,1,54,2,7,NULL,NULL,NULL,NULL,0,0,NULL,4,'Area of land with the potential low erosion','0','',1,NULL,NULL,'',1),('-','2021-01-11 11:43:11','-','2021-01-11 11:43:11',0,727,'Area of land with the potential moderate erosion',' ',0,0,0,0,3,1,54,2,7,NULL,NULL,NULL,NULL,0,0,NULL,4,'Area of land with the potential moderate erosion','0','',1,NULL,NULL,'',1),('-','2021-01-11 11:43:11','-','2021-01-11 11:43:11',0,728,'Area of lands presently used',' ',0,0,0,0,3,1,54,2,7,NULL,NULL,NULL,NULL,0,0,NULL,4,'Area of lands presently used','0','',1,NULL,NULL,'',1),('-','2021-01-11 11:43:11','-','2021-01-11 11:43:11',0,729,'Area of Mahogany',' ',0,0,0,0,3,1,54,2,7,NULL,NULL,NULL,NULL,0,0,NULL,4,'Area of Mahogany','0','',1,NULL,NULL,'',1),('-','2021-01-11 11:43:11','-','2021-01-11 11:43:11',0,730,'Area of Other marketable tree species',' ',0,0,0,0,3,1,54,2,7,NULL,NULL,NULL,NULL,0,0,NULL,4,'Area of Other marketable tree species','0','',1,NULL,NULL,'',1),('-','2021-01-11 11:43:11','-','2021-01-11 11:43:11',0,731,'Area of Pines/Bamboo',' ',0,0,0,0,3,1,54,2,7,NULL,NULL,NULL,NULL,0,0,NULL,4,'Area of Pines/Bamboo','0','',1,NULL,NULL,'',1),('-','2021-01-11 11:43:11','-','2021-01-11 11:43:11',0,732,'Area of steep lands (ha) under purview of DSGSL',' ',0,0,0,0,3,1,54,2,7,NULL,NULL,NULL,NULL,0,0,NULL,4,'Area of steep lands (ha) under purview of DSGSL','0','',1,NULL,NULL,'',1),('-','2021-01-11 11:43:11','-','2021-01-11 11:43:11',0,733,'Area of Teak',' ',0,0,0,0,3,1,54,2,7,NULL,NULL,NULL,NULL,0,0,NULL,4,'Area of Teak','0','',1,NULL,NULL,'',1),('-','2021-01-11 11:43:11','-','2021-01-11 11:43:11',0,734,'Area of urban lands (Not agriculture lands)',' ',0,0,0,0,3,1,54,2,7,NULL,NULL,NULL,NULL,0,0,NULL,4,'Area of urban lands (Not agriculture lands)','0','',1,NULL,NULL,'',1),('-','2021-01-11 11:43:11','-','2021-01-11 11:43:11',0,735,'Area under larger inland waters',' ',0,0,0,0,3,1,NULL,2,7,NULL,NULL,NULL,NULL,0,0,NULL,4,'Area under larger inland waters','0','',1,NULL,NULL,'',1),('-','2021-01-11 11:43:11','-','2021-01-11 11:43:11',0,736,'Area undergoing conversion from old to new land-use category (ha) when land use change y happen',' ',0,0,0,0,3,1,NULL,2,7,NULL,NULL,NULL,NULL,0,0,NULL,4,'Area undergoing conversion from old to new land-use category (ha) when land use change y happen','0','',1,NULL,NULL,'',1),('-','2021-01-11 11:43:11','-','2021-01-11 11:43:11',0,737,'Average aboveground biomass of areas affected (tonnes dm ha-1) when land use change x happen',' ',0,0,0,0,3,1,87,2,7,NULL,NULL,NULL,NULL,0,0,NULL,4,'This value depend on the domain, ecological zone, Continent. The values should be considered for different type of forest cover. (Default values are available in IPCC table 4.7 and 4.8)','0','1000',1,NULL,NULL,'',1),('-','2021-01-11 11:43:11','-','2021-01-11 11:43:11',0,738,'Average annual above-ground biomass growth (tonnes dm ha-1 yr-1) when land use change x happen ',' ',0,0,0,0,3,1,87,2,7,NULL,NULL,NULL,NULL,0,0,NULL,4,'Oven-dry weight of net annual increment (s.b.) of a tree, stand or forest plus oven-dry weight of annual growth of branches, twigs, foliage, top and stump.The default net average annual above-ground biomass growth  of forest areas affected by disturbance are  provided in Tables 4.9, 4.10, and 4.12 in IPCC. The average biomass varies with the forest types and management practices','1.3','3',1,NULL,NULL,'',1),('-','2021-01-11 11:43:11','-','2021-01-11 11:43:11',0,739,'Baseline Emission Factor for continuously flooded fields without organic amendments (kg CH4 ha-1 day-1) for rice ecosystem R',' ',0,0,0,0,3,1,88,2,7,NULL,NULL,NULL,NULL,0,0,NULL,4,'Baseline Emission Factor for continuously flooded fields without organic amendments (kg CH4 ha-1 day-1) for rice ecosystem R','8','2.2',1,NULL,NULL,'',1),('-','2021-01-11 11:43:11','-','2021-01-11 11:43:11',0,740,'Basic wood density (tonnes m-3) when land use change x happen','0.78',0,0,0,0,3,1,89,2,7,NULL,NULL,NULL,NULL,0,0,NULL,4,'Basic wood density (tonnes m-3) when land use change x happen','0.76','0.8',1,NULL,NULL,'',1),('-','2021-01-11 11:43:11','-','2021-01-11 11:43:11',0,741,'Biomass conversion and expansion factor for conversion of removals in merchantable volume to total biomass removals (including bark) [tonnes of biomass removals (m3 of removals) 1] when land use change x happen','1.4',0,0,0,0,3,1,76,2,7,NULL,NULL,NULL,NULL,0,0,NULL,4,'Apply to growing stock and net annual increment are different. (Considered: Climate zone, forest type, Age)','0.7','1.9',1,NULL,NULL,'',1),('-','2021-01-11 11:43:11','-','2021-01-11 11:43:11',0,742,'Biomass stocks after the conversion','0',0,0,0,0,3,1,87,2,7,NULL,NULL,NULL,NULL,0,0,NULL,4,'The biomass of the land use  after conversion. It is assumed that all biomass is cleared when preparing a site for grassland use, thus, the default for biomass immediately after conversion is 0 tonne ha','0','0.75',1,NULL,NULL,'',1),('-','2021-01-11 11:43:11','-','2021-01-11 11:43:11',0,743,'Biomass stocks before the conversion when land use Land converted to forest','280',0,0,0,0,3,1,87,2,7,NULL,NULL,NULL,NULL,0,0,NULL,4,'Default biomass carbon stock in initial land-use categories (BBEFORE) mainly Forest Land and Grassland are provided in Table 5.8. in IPCC.Here only the forest land change considered','120','680',1,NULL,NULL,'',1),('-','2021-01-11 11:43:11','-','2021-01-11 11:43:11',0,744,'Carbon fraction of air-dry peat by weight','0.34',0,0,0,0,3,1,90,2,7,NULL,NULL,NULL,NULL,0,0,NULL,4,'Default carbon fractions of peat are provided in IPCC','0','0.75',1,NULL,NULL,'',1),('-','2021-01-11 11:43:11','-','2021-01-11 11:43:11',0,745,'Catchment areas (ha) under purview of DSGSL',' ',0,0,0,0,3,1,54,2,7,NULL,NULL,NULL,NULL,0,0,NULL,NULL,'Catchment areas (ha) under purview of DSGSL',' ',' ',1,NULL,NULL,'',1),('-','2021-01-11 11:43:11','-','2021-01-11 11:43:11',0,746,'Combustion Factor  (Emissions from Biomass Burning in Forest Land)','0.32',0,0,0,0,3,1,87,2,7,NULL,NULL,NULL,NULL,0,0,NULL,4,'The combustion factor is a measure of the proportion of the fuel that is actually combusted, which varies as a function of the size and architecture of the fuel load, the moisture content of the fuel and the type of fire','0','1',1,NULL,NULL,'',1),('-','2021-01-11 11:43:11','-','2021-01-11 11:43:11',0,747,'Conversion factor for organic amendment for rice ecosystem','1',0,0,0,0,3,1,90,2,7,NULL,NULL,NULL,NULL,0,0,NULL,4,'conversion factor for organic amendment (in terms of its relative effect with respect to straw applied shortly before cultivation)','0.97','1.04',1,NULL,NULL,'',1),('-','2021-01-11 11:43:11','-','2021-01-11 11:43:11',0,748,'Cultivation period of rice','0',0,0,0,0,3,1,36,2,7,NULL,NULL,NULL,NULL,0,0,NULL,4,'Cultivation period of rice','0','0',1,NULL,NULL,'',1),('-','2021-01-11 11:43:11','-','2021-01-11 11:43:11',0,749,'Dead wood/litter stock, under the old land-use category (tonnes C ha-1)  _Land Converted to Forest Land','1',0,0,0,0,3,1,91,2,7,NULL,NULL,NULL,NULL,0,0,NULL,4,'Default value is zero. ','0','0',1,NULL,NULL,'',1),('-','2021-01-11 11:43:11','-','2021-01-11 11:43:11',0,750,'Dead wood/litter stock, under the new land-use category (tonnes C ha-1)  _Land Converted to Forest Land','2.1',0,0,0,0,3,1,91,2,7,NULL,NULL,NULL,NULL,0,0,NULL,4,'Litter pool estimates (excluding fine woody debris) are provided  for lands converted from Forest Land to any other land-use category (carbon losses) and for lands converted to Forest Land (carbon gains)','1','3',1,NULL,NULL,'',1),('-','2021-01-11 11:43:11','-','2021-01-11 11:43:11',0,751,'Dead wood/litter stock, under the old land-use category (tonnes C ha-1)_Land Converted to Settlements ','1',0,0,0,0,3,1,91,2,7,NULL,NULL,NULL,NULL,0,0,NULL,4,'Default value is zero. ','0','0',1,NULL,NULL,'',1),('-','2021-01-11 11:43:11','-','2021-01-11 11:43:11',0,754,'Default N excretion rate [kg N (1000 kg animal)-1 day-1] for Dairy cattle','0.47',0,0,0,0,3,1,37,2,7,NULL,NULL,NULL,NULL,0,0,NULL,4,'Default N excretion rate','0.35','0.7',1,NULL,NULL,'',1),('-','2021-01-11 11:43:11','-','2021-01-11 11:43:11',0,755,'Crop productions under purview of DoA','0',0,0,0,0,3,1,38,2,7,NULL,NULL,NULL,NULL,0,0,NULL,4,'Crop productions under purview of DoA','0','0',1,NULL,NULL,'',1),('-','2021-01-11 11:43:11','-','2021-01-11 11:43:11',0,757,'Emission Factor adjustment for trophic state (i) in reservoir i within a given climate zone','1',0,0,0,0,3,1,93,2,7,NULL,NULL,NULL,NULL,0,0,NULL,4,'Emission Factor adjustment for trophic state (i) in reservoir i within a given climate zone','0','0',1,NULL,NULL,'',1),('-','2021-01-11 11:43:11','-','2021-01-11 11:43:11',0,758,'Emission factor for climate type (tonnes C ha-1 yr-1) for drained organic soils in managed forests_ FL remaining FL','1.36',0,0,0,0,3,1,91,2,7,NULL,NULL,NULL,NULL,0,0,NULL,4,'The emission factors (IPCC) are available in table 4.6 (EF for drained organic soils in managed forests)','0.82','3.82',1,NULL,NULL,'',1),('-','2021-01-11 11:43:11','-','2021-01-11 11:43:11',0,759,'Emission Factor for climate type (tonnes C ha-1 yr-1) for drained organic soils _ OL converted to FL','1.36',0,0,0,0,3,1,91,2,7,NULL,NULL,NULL,NULL,0,0,NULL,4,'The emission factors (IPCC) are available in table 4.6 (EF for drained organic soils in managed forests)','0.82','3.82',1,NULL,NULL,'',1),('-','2021-01-11 11:43:11','-','2021-01-11 11:43:11',0,760,'Emission Factor for climate type (tonnes C ha-1 yr-1) for cultivated organic soils_ OL converted to CL','20',0,0,0,0,3,1,91,2,7,NULL,NULL,NULL,NULL,0,0,NULL,4,'Emission Factor for climate type (tonnes C ha-1 yr-1) for cultivated organic soils_ OL converted to CL','2','38',1,NULL,NULL,'',1),('-','2021-01-11 11:43:11','-','2021-01-11 11:43:11',0,761,'Emission Factor [tonnes of C (tonne of urea)-1]','0.12',0,0,0,0,3,1,92,2,7,NULL,NULL,NULL,NULL,0,0,NULL,4,'Emission Factor [tonnes of C (tonne of urea)-1]','0','0',1,NULL,NULL,'',1),('-','2021-01-11 11:43:11','-','2021-01-11 11:43:11',0,762,'Extent deforested (ha) under purview of DFC','0',0,0,0,0,3,1,54,2,7,NULL,NULL,NULL,NULL,0,0,NULL,4,'Extent deforested (ha) under purview of DFC','0','0',1,NULL,NULL,'',1),('-','2021-01-11 11:43:11','-','2021-01-11 11:43:11',0,763,'Forest areas (ha)','28513',0,0,0,0,3,1,54,2,7,NULL,NULL,NULL,NULL,0,0,NULL,4,'Annual extent of  Tropical Sub-Montane Forests, 2010','0','1000000',1,NULL,NULL,'',1),('-','2021-01-11 11:43:11','-','2021-01-11 11:43:11',0,764,'Production of buffalo milk','67540975',0,0,0,0,3,1,47,2,7,NULL,NULL,NULL,NULL,0,0,NULL,4,'Production of buffalo milk','0','100000000',1,NULL,NULL,'',1),('-','2021-01-11 11:43:11','-','2021-01-11 11:43:11',0,765,'Merchantable volume of growing stock, net annual increment, or wood removals under purview of DFC*_ Sawn Timber','124395',0,0,0,0,3,1,46,2,7,NULL,NULL,NULL,NULL,0,0,NULL,4,'Merchantable volume of growing stock, net annual increment, or wood removals_ Sawn Timber','0','1000000',1,NULL,NULL,'',1),('-','2021-01-11 11:43:11','-','2021-01-11 11:43:11',0,766,'Poultry population in each district  ','736860',0,0,0,0,3,1,36,2,7,NULL,NULL,NULL,NULL,0,0,NULL,4,'Poultry population in each district  ','0','100000000',1,NULL,NULL,'',1),('-','2021-01-11 11:43:11','-','2021-01-11 11:43:11',0,767,'Number of Irrigation Reservoirs under purview of MoI','73',0,0,0,0,3,1,36,2,7,NULL,NULL,NULL,NULL,0,0,NULL,4,'Number of Irrigation Reservoirs under purview of MoI','0','100',1,NULL,NULL,'',1),('-','2021-01-11 11:43:11','-','2021-01-11 11:43:11',0,768,'Number of other birds in each district','320',0,0,0,0,3,1,36,2,7,NULL,NULL,NULL,NULL,0,0,NULL,4,'Number of other birds - ducks in Colombo, 2019','0','1000',1,NULL,NULL,'',1),('-','2021-01-11 11:43:11','-','2021-01-11 11:43:11',0,769,'Swine Population','22660',0,0,0,0,3,1,36,2,7,NULL,NULL,NULL,NULL,0,0,NULL,4,'Swine Population, 2019','0','100000',1,NULL,NULL,'',1),('-','2021-01-11 11:43:11','-','2021-01-11 11:43:11',0,770,'Number of poultry farms in each district','1502',0,0,0,0,3,1,36,2,7,NULL,NULL,NULL,NULL,0,0,NULL,4,'Number of poultry farms in each district, 2019','0','10000',1,NULL,NULL,'',1),('-','2021-01-11 11:43:11','-','2021-01-11 11:43:11',0,771,'Number of Local poultry farms in each district ','1805',0,0,0,0,3,1,36,2,7,NULL,NULL,NULL,NULL,0,0,NULL,4,'Number of Local poultry farms in Colombo, 2020','0','10000',1,NULL,NULL,'',1),('-','2021-01-11 11:43:11','-','2021-01-11 11:43:11',0,772,'Number of productive animals (livestock category i)_Total Cattle','1806010',0,0,0,0,3,1,36,2,7,NULL,NULL,NULL,NULL,0,0,NULL,4,'Number of productive animals (livestock category i)_Total Cattle','0','10000000',1,NULL,NULL,'',1),('-','2021-01-11 11:43:11','-','2021-01-11 11:43:11',0,773,'Number of Tanks under purview of MoI','7620',0,0,0,0,3,1,36,2,7,NULL,NULL,NULL,NULL,0,0,NULL,4,'Number of minor tanks, 2013','0','10000',1,NULL,NULL,'',1),('-','2021-01-11 11:43:11','-','2021-01-11 11:43:11',0,774,'Number of turkeys in each district','',0,0,0,0,3,1,36,2,7,NULL,NULL,NULL,NULL,0,0,NULL,4,'Number of turkeys in each district','0','',1,NULL,NULL,'',1),('-','2021-01-11 11:43:11','-','2021-01-11 11:43:11',0,775,'Quantity of Calcific Limestone (CaCO3) (tonnes yr-1) used as fertilizers','',0,0,0,0,3,1,66,2,7,NULL,NULL,NULL,NULL,0,0,NULL,4,'Quantity of Calcific Limestone (CaCO3)','0','',1,NULL,NULL,'',1),('-','2021-01-11 11:43:11','-','2021-01-11 11:43:11',0,776,'Quantity of Dolomite (CaMg(CO3)2) (tonnes yr-1) used as fertilizers','103307',0,0,0,0,3,1,66,2,7,NULL,NULL,NULL,NULL,0,0,NULL,4,'Quantity of Dolomite (CaMg(CO3)2) used as fertilizers','0','1000000',1,NULL,NULL,'',1),('-','2021-01-11 11:43:11','-','2021-01-11 11:43:11',0,777,'Quantity of managed manure nitrogen for other cattle that is lost in the Dry lot (per cent)','40',0,0,0,0,3,1,52,2,7,NULL,NULL,NULL,NULL,0,0,NULL,4,'Amount of managed manure nitrogen for livestock category T that is lost in the manure management system S','20','50',1,NULL,NULL,'',1),('-','2021-01-11 11:43:11','-','2021-01-11 11:43:11',0,778,'Fraction of managed livestock manure nitrogen that volatilises for other cattles','30',0,0,0,0,3,1,52,2,7,NULL,NULL,NULL,NULL,0,0,NULL,4,'Fraction of managed livestock manure nitrogen that volatilises for other cattles (Manure management system (MMS)- Dry lot)','20','50',1,NULL,NULL,'',1),('-','2021-01-11 11:43:11','-','2021-01-11 11:43:11',0,779,'Fraction of total annual nitrogen excretion managed in MMS for other cattle ','2',0,0,0,0,3,1,52,2,7,NULL,NULL,NULL,NULL,0,0,NULL,4,'Fraction of total annual nitrogen excretion managed in MMS for other cattle (Manure management system (MMS)- Dry lot)','1','2',1,NULL,NULL,'',1),('-','2021-01-11 11:43:11','-','2021-01-11 11:43:11',0,780,'Time period of the transition from old to new land-use category (yr.)  _Land converted to forestland','20',0,0,0,0,3,1,94,2,7,NULL,NULL,NULL,NULL,0,0,NULL,4,'Time period of the transition from old to new land-use category (Land converted to forestland)','0','0',1,NULL,NULL,'',1),('-','2021-01-11 11:43:11','-','2021-01-11 11:43:11',0,781,'Time period of the transition from old to new land-use category (yr.) _Land converted to cropland/grassland/settlement','1',0,0,0,0,3,1,94,2,7,NULL,NULL,NULL,NULL,0,0,NULL,4,'Time period of the transition from old to new land-use category (Land converted to cropland/grassland/settlement)','0','0',1,NULL,NULL,'',1),('-','2021-01-11 11:43:11','-','2021-01-11 11:43:11',0,782,'Time dependence of stock change factors (D) or number of years over a single inventory time period (T) ','20',0,0,0,0,3,1,94,2,7,NULL,NULL,NULL,NULL,0,0,NULL,4,'Time dependence of stock change factors (D) or number of years over a single inventory time period (T) ','0','0',1,NULL,NULL,'',1),('-','2021-01-11 11:43:11','-','2021-01-11 11:43:11',0,783,'Stock change factor for land-use system or sub-system (Grassland Remaining Grassland)','1',0,0,0,0,3,1,93,2,7,NULL,NULL,NULL,NULL,0,0,NULL,4,'Stock change factor for land-use system or sub-system (Grassland Remaining Grassland)_All permanent grassland is assigned a land-use factor of 1. ','0','0',1,NULL,NULL,'',1),('-','2021-01-11 11:43:11','-','2021-01-11 11:43:11',0,784,'Stock change factor for land-use system at the beginning of the inventory time period (Shifting cultivation  Shortened fallow   to cropland)','0.64',0,0,0,0,3,1,93,2,7,NULL,NULL,NULL,NULL,0,0,NULL,4,'Stock change factor for land-use system at the beginning of the inventory time period (Shifting cultivation  Shortened fallow   to cropland)','0.32','0.96',1,NULL,NULL,'',1),('-','2021-01-11 11:43:11','-','2021-01-11 11:43:11',0,785,'Stock change factor for input of organic matter (Cropland Remaining Cropland)','1.1',0,0,0,0,3,1,93,2,7,NULL,NULL,NULL,NULL,0,0,NULL,4,'Long-term (> 20 year) annual cropping of wetlands(paddy rice). Can include double-cropping with nonflooded crops. For paddy rice, tillage and input factors are not used.','0.55','1.65',1,NULL,NULL,'',1),('-','2021-01-11 11:43:11','-','2021-01-11 11:43:11',0,786,'Stock change factor for C input at the beginning of the inventory time period (Native forest or grassland  to cropland)','1',0,0,0,0,3,1,93,2,7,NULL,NULL,NULL,NULL,0,0,NULL,4,'Stock change factor for C input at the beginning of the inventory time period (Native forest or grassland  to cropland)','0','0',1,NULL,NULL,'',1),('-','2021-01-11 11:43:11','-','2021-01-11 11:43:11',0,787,'Stock change factor for C input at the beginning of the inventory time period (Land converted to foest land)','',0,0,0,0,3,1,93,2,7,NULL,NULL,NULL,NULL,0,0,NULL,4,'Stock change factor for C input at the beginning of the inventory time period (Land converted to foest land)','','',1,NULL,NULL,'',1),('-','2021-01-11 11:43:11','-','2021-01-11 11:43:11',0,788,'Scaling factor to account for the differences in water regime in the pre-season before the cultivation period ','1.22',0,0,0,0,3,1,93,2,7,NULL,NULL,NULL,NULL,0,0,NULL,4,'Scaling factor to account for the differences in water regime in the pre-season before the cultivation period','1.07','1.4',1,NULL,NULL,'',1),('-','2021-01-11 11:43:11','-','2021-01-11 11:43:11',0,789,'Scaling factor to account for the differences in water regime during the cultivation period ','0.78',0,0,0,0,3,1,93,2,7,NULL,NULL,NULL,NULL,0,0,NULL,4,'Scaling factor to account for the differences in water regime during the cultivation period ','0.62','0.98',1,NULL,NULL,'',1),('-','2021-01-11 11:43:11','-','2021-01-11 11:43:11',0,790,'Sparsely used land and unutilized land (ha)','',0,0,0,0,3,1,54,2,7,NULL,NULL,NULL,NULL,0,0,NULL,4,'Sparsely used land and unutilized land (ha)','0','0',1,NULL,NULL,'',1),('-','2021-01-11 11:43:11','-','2021-01-11 11:43:11',0,791,'Reservations of Forests','118758.7',0,0,0,0,3,1,54,2,7,NULL,NULL,NULL,NULL,0,0,NULL,5,'Conservation Forests, 2010','0','1000000',1,NULL,NULL,'',1),('-','2021-01-11 11:43:11','-','2021-01-11 11:43:11',0,792,'Quantity of crop harvested area (ha yr-1) under purview of DoA* _Paddy','922152',0,0,0,0,3,1,54,2,7,NULL,NULL,NULL,NULL,0,0,NULL,4,'Quantity of crop harvested area (ha yr-1) under purview of DoA* _Paddy','0','1000000',1,NULL,NULL,'',1),('-','2021-01-11 11:43:11','-','2021-01-11 11:43:11',0,793,'Quantity of Urea Fertilization (tonnes urea yr-1) (kg N input)-1] (Anthropogenic N input type c) ','19916.71',0,0,0,0,3,1,38,2,7,NULL,NULL,NULL,NULL,0,0,NULL,4,'Quantity of synthetic fertilizer urea distributed to farmers 2006 Yala season','0','100000',1,NULL,NULL,'',1),('-','2021-01-11 11:43:11','-','2021-01-11 11:43:11',0,794,'Quantity of synthetic fertilizer N applied to soils (kg N yr-1) ','72931.15',0,0,0,0,3,1,38,2,7,NULL,NULL,NULL,NULL,0,0,NULL,4,'Quantity of synthetic fertilizer Triple Super Phosphate distributed to farmers 2006 Yala season','0','100000',1,NULL,NULL,'',1),('-','2021-01-11 11:43:11','-','2021-01-11 11:43:11',0,795,'Reference carbon stock for Climate and Soil Combination ','0.37',0,0,0,0,3,1,91,2,7,NULL,NULL,NULL,NULL,0,0,NULL,4,'Reference carbon stock  at the beginning of the inventory period','0','1',1,NULL,NULL,'',1),('-','2021-01-11 11:43:11','-','2021-01-11 11:43:11',0,796,'Total Area of Flooded Land*','',0,0,0,0,3,1,54,2,7,NULL,NULL,NULL,NULL,0,0,NULL,4,'Total Area of Flooded Land','','',1,NULL,NULL,'',1),('-','2021-01-11 11:43:11','-','2021-01-11 11:43:11',0,797,'Typical animal mass for Other cattle','110',0,0,0,0,3,1,37,2,7,NULL,NULL,NULL,NULL,0,0,NULL,4,'Typical animal mass for Other cattle','110','420',1,NULL,NULL,'',1),('-','2021-01-11 11:43:11','-','2021-01-11 11:43:11',0,798,'Amount of money allocated on purchasing technical equipment for genetic preservation of fauna and flora','',0,0,0,0,3,1,85,3,8,NULL,NULL,NULL,NULL,0,0,NULL,4,'Amount of money allocated on purchasing technical equipment for genetic preservation of fauna and flora','0','',1,NULL,NULL,'',1),('-','2021-01-11 11:43:11','-','2021-01-11 11:43:11',0,799,'Amount of money allocated/ spent on developing research institutes capacity for conducting research on climate change impacts on ecosystems and biodiversity','',0,0,0,0,3,1,85,3,8,NULL,NULL,NULL,NULL,0,0,NULL,4,'Amount of money allocated/ spent on developing research institutes capacity for conducting research on climate change impacts on ecosystems and biodiversity','0','',1,NULL,NULL,'',1),('-','2021-01-11 11:43:11','-','2021-01-11 11:43:11',0,800,'Amount of money allocated/ spent on preparing adaptive management programmes','',0,0,0,0,3,1,85,3,8,NULL,NULL,NULL,NULL,0,0,NULL,4,'Amount of money allocated/ spent on preparing adaptive management programmes','0','',1,NULL,NULL,'',1),('-','2021-01-11 11:43:11','-','2021-01-11 11:43:11',0,801,'Amount of money allocated/ spent on research activities','',0,0,0,0,3,1,85,3,8,NULL,NULL,NULL,NULL,0,0,NULL,4,'Amount of money allocated/ spent on research activities','0','',1,NULL,NULL,'',1),('-','2021-01-11 11:43:11','-','2021-01-11 11:43:11',0,802,'Amount of money allocated/spent on conducting research on impact of increased CO2 on natural ecosystems and biodiversity','',0,0,0,0,3,1,85,3,8,NULL,NULL,NULL,NULL,0,0,NULL,4,'Amount of money allocated/spent on conducting research on impact of increased CO2 on natural ecosystems and biodiversity','0','',1,NULL,NULL,'',1),('-','2021-01-11 11:43:11','-','2021-01-11 11:43:11',0,803,'Amount of money allocated/spent on research studies on sea level rise and salinity changes in coastal ecosystems and Impacts of salinity changes in coastal biodiversity and eco system services','',0,0,0,0,3,1,85,3,8,NULL,NULL,NULL,NULL,0,0,NULL,4,'Amount of money allocated/spent on research studies on sea level rise and salinity changes in coastal ecosystems and Impacts of salinity changes in coastal biodiversity and eco system services','0','',1,NULL,NULL,'',1),('-','2021-01-11 11:43:11','-','2021-01-11 11:43:11',0,804,'Annual area lost due to sea level rise','',0,0,0,0,3,1,54,3,8,NULL,NULL,NULL,NULL,0,0,NULL,4,'Annual area lost due to sea level rise','','',1,NULL,NULL,'',1),('-','2021-01-11 11:43:11','-','2021-01-11 11:43:11',0,805,'Annual area of  Forests affected by droughts','',0,0,0,0,3,1,54,3,8,NULL,NULL,NULL,NULL,0,0,NULL,4,'Annual area of  Forests affected by droughts','','',1,NULL,NULL,'',1),('-','2021-01-11 11:43:11','-','2021-01-11 11:43:11',0,806,'Annual area of  Forests affected by floods','',0,0,0,0,3,1,54,3,8,NULL,NULL,NULL,NULL,0,0,NULL,4,'Annual area of  Forests affected by floods','','',1,NULL,NULL,'',1),('-','2021-01-11 11:43:11','-','2021-01-11 11:43:11',0,807,'Annual area of  Forests affected by land slides','',0,0,0,0,3,1,54,3,8,NULL,NULL,NULL,NULL,0,0,NULL,4,'Annual area of  Forests affected by land slides','','',1,NULL,NULL,'',1),('-','2021-01-11 11:43:11','-','2021-01-11 11:43:11',0,808,'Annual area of  Forests affected by sea level rise','',0,0,0,0,3,1,54,3,8,NULL,NULL,NULL,NULL,0,0,NULL,4,'Annual area of  Forests affected by sea level rise','','',1,NULL,NULL,'',1),('-','2021-01-11 11:43:11','-','2021-01-11 11:43:11',0,809,'Annual area of  Forests affected by soil erosion and degradation','',0,0,0,0,3,1,54,3,8,NULL,NULL,NULL,NULL,0,0,NULL,4,'Annual area of  Forests affected by soil erosion and degradation','','',1,NULL,NULL,'',1),('-','2021-01-11 11:43:11','-','2021-01-11 11:43:11',0,810,'Annual area of  Forests affected by wildfires','',0,0,0,0,3,1,54,3,8,NULL,NULL,NULL,NULL,0,0,NULL,4,'Annual area of  Forests affected by wildfires','','',1,NULL,NULL,'',1),('-','2021-01-11 11:43:11','-','2021-01-11 11:43:11',0,811,'Annual area of  Grasslands affected by land slides','',0,0,0,0,3,1,54,3,8,NULL,NULL,NULL,NULL,0,0,NULL,4,'Annual area of  Grasslands affected by land slides','','',1,NULL,NULL,'',1),('-','2021-01-11 11:43:11','-','2021-01-11 11:43:11',0,812,'Annual area of  Grasslands affected by sea level rise','',0,0,0,0,3,1,54,3,8,NULL,NULL,NULL,NULL,0,0,NULL,4,'Annual area of  Grasslands affected by sea level rise','','',1,NULL,NULL,'',1),('-','2021-01-11 11:43:11','-','2021-01-11 11:43:11',0,813,'Annual area of  Grasslands affected by soil erosion and degradation','',0,0,0,0,3,1,54,3,8,NULL,NULL,NULL,NULL,0,0,NULL,4,'Annual area of  Grasslands affected by soil erosion and degradation','','',1,NULL,NULL,'',1),('-','2021-01-11 11:43:11','-','2021-01-11 11:43:11',0,814,'Annual area of  Grasslands affected by wildfires','',0,0,0,0,3,1,54,3,8,NULL,NULL,NULL,NULL,0,0,NULL,4,'Annual area of  Grasslands affected by wildfires','','',1,NULL,NULL,'',1),('-','2021-01-11 11:43:11','-','2021-01-11 11:43:11',0,815,'Annual area of  Grasslands directly damaged by anthropogenic activities ','',0,0,0,0,3,1,54,3,8,NULL,NULL,NULL,NULL,0,0,NULL,4,'Annual area of  Grasslands directly damaged by anthropogenic activities ','','',1,NULL,NULL,'',1),('-','2021-01-11 11:43:11','-','2021-01-11 11:43:11',0,816,'Annual area of  Lentic inland water bodies affected by droughts','',0,0,0,0,3,1,54,3,8,NULL,NULL,NULL,NULL,0,0,NULL,4,'Annual area of  Lentic inland water bodies affected by droughts','','',1,NULL,NULL,'',1),('-','2021-01-11 11:43:11','-','2021-01-11 11:43:11',0,817,'Annual area of  Lentic inland water bodies affected by floods under purview of DFC*','',0,0,0,0,3,1,54,3,8,NULL,NULL,NULL,NULL,0,0,NULL,4,'Annual area of  Lentic inland water bodies affected by floods under purview of DFC*','','',1,NULL,NULL,'',1),('-','2021-01-11 11:43:11','-','2021-01-11 11:43:11',0,818,'Annual area of  Lentic inland water bodies affected by floods under purview of DoI*','',0,0,0,0,3,1,54,3,8,NULL,NULL,NULL,NULL,0,0,NULL,4,'Annual area of  Lentic inland water bodies affected by floods under purview of DoI*','','',1,NULL,NULL,'',1),('-','2021-01-11 11:43:11','-','2021-01-11 11:43:11',0,819,'Annual area of  Lentic inland water bodies affected by land slides','',0,0,0,0,3,1,54,3,8,NULL,NULL,NULL,NULL,0,0,NULL,4,'Annual area of  Lentic inland water bodies affected by land slides','','',1,NULL,NULL,'',1),('-','2021-01-11 11:43:11','-','2021-01-11 11:43:11',0,820,'Annual area of  Lentic inland water bodies affected by wildfires','',0,0,0,0,3,1,54,3,8,NULL,NULL,NULL,NULL,0,0,NULL,4,'Annual area of  Lentic inland water bodies affected by wildfires','','',1,NULL,NULL,'',1),('-','2021-01-11 11:43:11','-','2021-01-11 11:43:11',0,821,'Annual area of  Lentic inland water bodies directly damaged by anthropogenic activities ','',0,0,0,0,3,1,54,3,8,NULL,NULL,NULL,NULL,0,0,NULL,4,'Annual area of  Lentic inland water bodies directly damaged by anthropogenic activities ','','',1,NULL,NULL,'',1),('-','2021-01-11 11:43:11','-','2021-01-11 11:43:11',0,822,'Annual area of  Lotic inland water bodies affected by droughts','',0,0,0,0,3,1,54,3,8,NULL,NULL,NULL,NULL,0,0,NULL,4,'Annual area of  Lotic inland water bodies affected by droughts','','',1,NULL,NULL,'',1),('-','2021-01-11 11:43:11','-','2021-01-11 11:43:11',0,823,'Annual area of  Lotic inland water bodies affected by floods','',0,0,0,0,3,1,54,3,8,NULL,NULL,NULL,NULL,0,0,NULL,4,'Annual area of  Lotic inland water bodies affected by floods','','',1,NULL,NULL,'',1),('-','2021-01-11 11:43:11','-','2021-01-11 11:43:11',0,824,'Annual area of  Lotic inland water bodies affected by sea level rise','',0,0,0,0,3,1,54,3,8,NULL,NULL,NULL,NULL,0,0,NULL,4,'Annual area of  Lotic inland water bodies affected by sea level rise','','',1,NULL,NULL,'',1),('-','2021-01-11 11:43:11','-','2021-01-11 11:43:11',0,825,'Annual area of  Lotic inland water bodies affected by wildfires','',0,0,0,0,3,1,54,3,8,NULL,NULL,NULL,NULL,0,0,NULL,4,'Annual area of  Lotic inland water bodies affected by wildfires','','',1,NULL,NULL,'',1),('-','2021-01-11 11:43:11','-','2021-01-11 11:43:11',0,826,'Annual area of  Lotic inland water bodies directly damaged by anthropogenic activities ','',0,0,0,0,3,1,54,3,8,NULL,NULL,NULL,NULL,0,0,NULL,4,'Annual area of  Lotic inland water bodies directly damaged by anthropogenic activities ','','',1,NULL,NULL,'',1),('-','2021-01-11 11:43:11','-','2021-01-11 11:43:11',0,827,'Annual area of  Marshlands affected by droughts','',0,0,0,0,3,1,54,3,8,NULL,NULL,NULL,NULL,0,0,NULL,4,'Annual area of  Marshlands affected by droughts','','',1,NULL,NULL,'',1),('-','2021-01-11 11:43:11','-','2021-01-11 11:43:11',0,828,'Annual area of  Marshlands affected by floods','',0,0,0,0,3,1,54,3,8,NULL,NULL,NULL,NULL,0,0,NULL,4,'Annual area of  Marshlands affected by floods','','',1,NULL,NULL,'',1),('-','2021-01-11 11:43:11','-','2021-01-11 11:43:11',0,829,'Annual area of  Marshlands affected by sea level rise','',0,0,0,0,3,1,54,3,8,NULL,NULL,NULL,NULL,0,0,NULL,4,'Annual area of  Marshlands affected by sea level rise','','',1,NULL,NULL,'',1),('-','2021-01-11 11:43:11','-','2021-01-11 11:43:11',0,830,'Annual area of  Marshlands directly damaged by anthropogenic activities ','',0,0,0,0,3,1,54,3,8,NULL,NULL,NULL,NULL,0,0,NULL,4,'Annual area of  Marshlands directly damaged by anthropogenic activities ','','',1,NULL,NULL,'',1),('-','2021-01-11 11:43:11','-','2021-01-11 11:43:11',0,831,'Annual area of Forests directly damaged by anthropogenic activities ','',0,0,0,0,3,1,54,3,8,NULL,NULL,NULL,NULL,0,0,NULL,4,'Annual area of Forests directly damaged by anthropogenic activities ','','',1,NULL,NULL,'',1),('-','2021-01-11 11:43:11','-','2021-01-11 11:43:11',0,832,'','',0,0,0,0,3,1,54,3,8,NULL,NULL,NULL,NULL,0,0,NULL,4,'','','',1,NULL,NULL,'',1),('-','2021-01-11 11:43:11','-','2021-01-11 11:43:11',0,833,'Annual area of Lentic inland water bodies affected by sea level rise','',0,0,0,0,3,1,54,3,8,NULL,NULL,NULL,NULL,0,0,NULL,4,'Annual area of Lentic inland water bodies affected by sea level rise','','',1,NULL,NULL,'',1),('-','2021-01-11 11:43:11','-','2021-01-11 11:43:11',0,834,'Annual area of Lotic inland water bodies affected by land slides','',0,0,0,0,3,1,54,3,8,NULL,NULL,NULL,NULL,0,0,NULL,4,'Annual area of Lotic inland water bodies affected by land slides','','',1,NULL,NULL,'',1),('-','2021-01-11 11:43:11','-','2021-01-11 11:43:11',0,835,'Annual extent of  Grasslands','28513',0,0,0,0,3,1,54,3,8,NULL,NULL,NULL,NULL,0,0,NULL,4,'Annual extent of  Grasslands (Savanna), 2010','0','100000',1,NULL,NULL,'',1),('-','2021-01-11 11:43:11','-','2021-01-11 11:43:11',0,836,'Annual extent of  Lentic inland water bodies','169941',0,0,0,0,3,1,54,3,8,NULL,NULL,NULL,NULL,0,0,NULL,4,'Annual extent of  Lentic inland water bodies (tanks/reservoirs and ponds), 2010','0','1000000',1,NULL,NULL,'',1),('-','2021-01-11 11:43:11','-','2021-01-11 11:43:11',0,837,'Annual extent of  Lotic inland water bodies','',0,0,0,0,3,1,54,3,8,NULL,NULL,NULL,NULL,0,0,NULL,4,'Annual extent of  Lotic inland water bodies','0','100000',1,NULL,NULL,'',1),('-','2021-01-11 11:43:11','-','2021-01-11 11:43:11',0,838,'Annual extent of  Marshlands','12500',0,0,0,0,3,1,54,3,8,NULL,NULL,NULL,NULL,0,0,NULL,4,'Annual extent of  Marshlands (wet villu grasslands), 2010','0','100000',1,NULL,NULL,'',1),('-','2021-01-11 11:43:11','-','2021-01-11 11:43:11',0,839,'Annual extent of Conservation Forest','118758.7',0,0,0,0,3,1,54,3,8,NULL,NULL,NULL,NULL,0,0,NULL,4,'Annual extent of Conservation Forest','0','1000000',1,NULL,NULL,'',1),('-','2021-01-11 11:43:11','-','2021-01-11 11:43:11',0,840,'Annual extent of National park','535182',0,0,0,0,3,1,54,3,8,NULL,NULL,NULL,NULL,0,0,NULL,4,'Annual extent of National park','0','1000000',1,NULL,NULL,'',1),('-','2021-01-11 11:43:11','-','2021-01-11 11:43:11',0,841,'Annual extent of Natural reserve','64585',0,0,0,0,3,1,54,3,8,NULL,NULL,NULL,NULL,0,0,NULL,4,'Annual extent of Natural reserve','0','1000000',1,NULL,NULL,'',1),('-','2021-01-11 11:43:11','-','2021-01-11 11:43:11',0,842,'Annual extent of Other State of forest','1044008.5',0,0,0,0,3,1,54,3,8,NULL,NULL,NULL,NULL,0,0,NULL,4,'Annual extent of Other State of forest','0','1000000',1,NULL,NULL,'',1),('-','2021-01-11 11:43:11','-','2021-01-11 11:43:11',0,843,'Annual extent of Protected Areas','1017061',0,0,0,0,3,1,54,3,8,NULL,NULL,NULL,NULL,0,0,NULL,4,'Annual extent of Protected Areas','0','1000000',1,NULL,NULL,'',1),('-','2021-01-11 11:43:11','-','2021-01-11 11:43:11',0,844,'Annual extent of RAMSAR Sites','198027',0,0,0,0,3,1,54,3,8,NULL,NULL,NULL,NULL,0,0,NULL,4,'Annual extent of RAMSAR Sites','0','1000000',1,NULL,NULL,'',1),('-','2021-01-11 11:43:11','-','2021-01-11 11:43:11',0,845,'Annual extent of Strict natural reserves  ','31574',0,0,0,0,3,1,54,3,8,NULL,NULL,NULL,NULL,0,0,NULL,4,'Annual extent of Strict natural reserves  ','0','1000000',1,NULL,NULL,'',1),('-','2021-01-11 11:43:11','-','2021-01-11 11:43:11',0,846,'Annual extent of surface water bodies','',0,0,0,0,3,1,54,3,8,NULL,NULL,NULL,NULL,0,0,NULL,4,'Annual extent of surface water bodies','','',1,NULL,NULL,'',1),('-','2021-01-11 11:43:11','-','2021-01-11 11:43:11',0,847,'Annual Number of  tourists visiting National Parks','413434',0,0,0,0,3,1,61,3,8,NULL,NULL,NULL,NULL,0,0,NULL,4,'Annual Number of  tourists visiting National Parks','0','1000000',1,NULL,NULL,'',1),('-','2021-01-11 11:43:11','-','2021-01-11 11:43:11',0,848,'Number of  endemic flora species in the study area ','894',0,0,0,0,3,1,61,3,8,NULL,NULL,NULL,NULL,0,0,NULL,4,'Number of  endemic flora species in the study area ','0','10000',1,NULL,NULL,'',1),('-','2021-01-11 11:43:11','-','2021-01-11 11:43:11',0,849,'Number of adaptive management programmes prepared','',0,0,0,0,3,1,61,3,8,NULL,NULL,NULL,NULL,0,0,NULL,4,'Number of adaptive management programmes prepared','','',1,NULL,NULL,'',1),('-','2021-01-11 11:43:11','-','2021-01-11 11:43:11',0,850,'Number of emergency response/ contingency plans and guidelines prepared for vulnerable areas','',0,0,0,0,3,1,61,3,8,NULL,NULL,NULL,NULL,0,0,NULL,4,'Number of emergency response/ contingency plans and guidelines prepared for vulnerable area','','',1,NULL,NULL,'',1),('-','2021-01-11 11:43:11','-','2021-01-11 11:43:11',0,851,'Number of monitoring plots established for research on natural bio-diversity ','',0,0,0,0,3,1,61,3,8,NULL,NULL,NULL,NULL,0,0,NULL,4,'Number of monitoring plots established for research on natural bio-diversity under purview of DWC*','','',1,NULL,NULL,'',1),('-','2021-01-11 11:43:11','-','2021-01-11 11:43:11',0,852,'Human population  - Census Survey','1221948',0,0,0,0,3,1,61,3,8,NULL,NULL,NULL,NULL,0,0,NULL,4,'Human population in Kaluthara district, 2012','0','100000000',1,NULL,NULL,'',1),('-','2021-01-11 11:43:11','-','2021-01-11 11:43:11',0,853,'Number of plans established to monitor the impacts on coastal systems ','',0,0,0,0,3,1,61,3,8,NULL,NULL,NULL,NULL,0,0,NULL,4,'Number of plans established to monitor the impacts on coastal systems ','','',1,NULL,NULL,'',1),('-','2021-01-11 11:43:11','-','2021-01-11 11:43:11',0,854,'Number of plans established to monitor the impacts on natural system ','',0,0,0,0,3,1,61,3,8,NULL,NULL,NULL,NULL,0,0,NULL,4,'Number of plans established to monitor the impacts on natural system ','','',1,NULL,NULL,'',1),('-','2021-01-11 11:43:11','-','2021-01-11 11:43:11',0,855,'Number of recovery plans prepared for highly threatened ecosystems and species','',0,0,0,0,3,1,61,3,8,NULL,NULL,NULL,NULL,0,0,NULL,4,'Number of recovery plans prepared for highly threatened ecosystems and species','','',1,NULL,NULL,'',1),('-','2021-01-11 11:43:11','-','2021-01-11 11:43:11',0,856,'Number of research studies conducted on impact of increased CO2 on natural ecosystems and biodiversity','',0,0,0,0,3,1,61,3,8,NULL,NULL,NULL,NULL,0,0,NULL,4,'Number of research studies conducted on impact of increased CO2 on natural ecosystems and biodiversity','','',1,NULL,NULL,'',1),('-','2021-01-11 11:43:11','-','2021-01-11 11:43:11',0,857,'Number of special management plans developed for protecting wetlands/flood retention areas vulnerable to thermal stress','',0,0,0,0,3,1,61,3,8,NULL,NULL,NULL,NULL,0,0,NULL,4,'Number of special management plans developed for protecting wetlands/flood retention areas vulnerable to thermal stress','','',1,NULL,NULL,'',1),('-','2021-01-11 11:43:11','-','2021-01-11 11:43:11',0,858,'Number of studies conducted and published to Identify traditional methods of biodiversity management in agro ecosystems','',0,0,0,0,3,1,61,3,8,NULL,NULL,NULL,NULL,0,0,NULL,4,'Number of studies conducted and published to Identify traditional methods of biodiversity management in agro ecosystems','','',1,NULL,NULL,'',1),('-','2021-01-11 11:43:11','-','2021-01-11 11:43:11',0,859,'Number of studies conducted on genetic preservation of fauna and flora','',0,0,0,0,3,1,61,3,8,NULL,NULL,NULL,NULL,0,0,NULL,4,'Number of studies conducted on genetic preservation of fauna and flora','','',1,NULL,NULL,'',1),('-','2021-01-11 11:43:11','-','2021-01-11 11:43:11',0,860,'Number of vulnerable areas with comprehensive plan for mitigating wild fire incidents under purview of DFC*','',0,0,0,0,3,1,61,3,8,NULL,NULL,NULL,NULL,0,0,NULL,4,'Number of vulnerable areas with comprehensive plan for mitigating wild fire incidents under purview of DFC*','','',1,NULL,NULL,'',1),('-','2021-01-11 11:43:11','-','2021-01-11 11:43:11',0,861,'Number of vulnerable areas with comprehensive plan for mitigating wild fire incidents under purview of DNBG*','',0,0,0,0,3,1,61,3,8,NULL,NULL,NULL,NULL,0,0,NULL,4,'Number of vulnerable areas with comprehensive plan for mitigating wild fire incidents under purview of DNBG*','','',1,NULL,NULL,'',1),('-','2021-01-11 11:43:11','-','2021-01-11 11:43:11',0,862,'Number of vulnerable areas with comprehensive plan for mitigating wild fire incidents under purview of DNZG*','',0,0,0,0,3,1,61,3,8,NULL,NULL,NULL,NULL,0,0,NULL,4,'Number of vulnerable areas with comprehensive plan for mitigating wild fire incidents under purview of DNZG*','','',1,NULL,NULL,'',1),('-','2021-01-11 11:43:11','-','2021-01-11 11:43:11',0,863,'Number of vulnerable areas with comprehensive plan for mitigating wild fire incidents under purview of DWC*','',0,0,0,0,3,1,61,3,8,NULL,NULL,NULL,NULL,0,0,NULL,4,'Number of vulnerable areas with comprehensive plan for mitigating wild fire incidents under purview of DWC*','','',1,NULL,NULL,'',1),('-','2021-01-11 11:43:11','-','2021-01-11 11:43:11',0,864,'Number of workshops conducted in preparing the adaptive management programmes','',0,0,0,0,3,1,61,3,8,NULL,NULL,NULL,NULL,0,0,NULL,4,'Number of workshops conducted in preparing the adaptive management programmes','','',1,NULL,NULL,'',1),('-','2021-01-11 11:43:11','-','2021-01-11 11:43:11',0,865,'Number of workshops/ meetings with CBOs to organize them for monitoring changes in local ecosystems and bio diversity','',0,0,0,0,3,1,61,3,8,NULL,NULL,NULL,NULL,0,0,NULL,4,'Number of workshops/ meetings with CBOs to organize them for monitoring changes in local ecosystems and bio diversity','','',1,NULL,NULL,'',1),('-','2021-01-11 11:43:11','-','2021-01-11 11:43:11',0,866,'Annual Sea level Rise trends','Sea Level Variation in Colombo',0,0,0,0,3,1,NULL,3,8,NULL,NULL,NULL,NULL,0,0,NULL,5,'Annual Sea level Rise Trends, Jan 2020','','',1,NULL,NULL,'',1),('-','2021-01-11 11:43:11','-','2021-01-11 11:43:11',0,867,'Annual seasonal distribution of migratory species in  Forests','',0,0,0,0,3,1,NULL,3,8,NULL,NULL,NULL,NULL,0,0,NULL,4,'Annual seasonal distribution of migratory species in  Forests','','',1,NULL,NULL,'',1),('-','2021-01-11 11:43:11','-','2021-01-11 11:43:11',0,868,'Annual seasonal variation of population number of migratory species in  Forests','',0,0,0,0,3,1,NULL,3,8,NULL,NULL,NULL,NULL,0,0,NULL,4,'Annual seasonal variation of population number of migratory species in  Forests','','',1,NULL,NULL,'',1),('-','2021-01-11 11:43:11','-','2021-01-11 11:43:11',0,869,'List of activities/number of men causing environment degradation in the study area (annually updated)','',0,0,0,0,3,1,NULL,3,8,NULL,NULL,NULL,NULL,0,0,NULL,4,'List of activities/number of men causing environment degradation in the study area (annually updated)','','',1,NULL,NULL,'',1),('-','2021-01-11 11:43:11','-','2021-01-11 11:43:11',0,870,'List of Environmentally Sensitive Areas','Ampara environmental sensotove areas and maps',0,0,0,0,3,1,NULL,3,8,NULL,NULL,NULL,NULL,0,0,NULL,3,'List of Environmentally Sensitive Areas','','',1,NULL,NULL,'',1),('-','2021-01-11 11:43:11','-','2021-01-11 11:43:11',0,871,'List of invasive species in  Forests','',0,0,0,0,3,1,NULL,3,8,NULL,NULL,NULL,NULL,0,0,NULL,4,'List of invasive species in  Forests','','',1,NULL,NULL,'',1),('-','2021-01-11 11:43:11','-','2021-01-11 11:43:11',0,872,'List of migratory species in  Forests','',0,0,0,0,3,1,NULL,3,8,NULL,NULL,NULL,NULL,0,0,NULL,4,'List of migratory species in  Forests','','',1,NULL,NULL,'',1),('-','2021-01-11 11:43:11','-','2021-01-11 11:43:11',0,873,'List of migratory species in  Lentic inland water bodies','',0,0,0,0,3,1,NULL,3,8,NULL,NULL,NULL,NULL,0,0,NULL,4,'List of migratory species in  Lentic inland water bodies','','',1,NULL,NULL,'',1),('-','2021-01-11 11:43:11','-','2021-01-11 11:43:11',0,874,'List of migratory species in  Lotic inland water bodies','',0,0,0,0,3,1,NULL,3,8,NULL,NULL,NULL,NULL,0,0,NULL,4,'List of migratory species in  Lotic inland water bodies','','',1,NULL,NULL,'',1),('-','2021-01-11 11:43:11','-','2021-01-11 11:43:11',0,875,'List of migratory species in Grasslands','',0,0,0,0,3,1,NULL,3,8,NULL,NULL,NULL,NULL,0,0,NULL,4,'List of migratory species in Grasslands','','',1,NULL,NULL,'',1),('-','2021-01-11 11:43:11','-','2021-01-11 11:43:11',0,876,'List of species of each Taxonomy found in Sri Lanka','List of Mammals of Sri Lanka',0,0,0,0,3,1,NULL,3,8,NULL,NULL,NULL,NULL,0,0,NULL,4,'List of species of each Taxonomy found in Sri Lanka','','',1,NULL,NULL,'',1),('-','2021-01-11 11:43:11','-','2021-01-11 11:43:11',0,877,'List of threatened birds in Sri Lanka','List of Birds in Sri Lanka',0,0,0,0,3,1,NULL,3,8,NULL,NULL,NULL,NULL,0,0,NULL,4,'List of threatened birds in Sri Lanka','','',1,NULL,NULL,'',1),('-','2021-01-11 11:43:11','-','2021-01-11 11:43:11',0,878,'Taxonomy and conservation status of the freshwater crabs','List of freshwater crabs in Sri Lanka',0,0,0,0,3,1,NULL,3,8,NULL,NULL,NULL,NULL,0,0,NULL,4,'Taxonomy and conservation status of the freshwater crabs','','',1,NULL,NULL,'',1),('-','2021-01-11 11:43:11','-','2021-01-11 11:43:11',0,879,'Species Changes over the last decade','Freshwater crabs, shrimp, fish, Amphibians, Reptiles and Mammals',0,0,0,0,3,1,NULL,3,8,NULL,NULL,NULL,NULL,0,0,NULL,4,'Chart of species changes over the deacde, 1993-2012','','',1,NULL,NULL,'',1),('-','2021-01-11 11:43:11','-','2021-01-11 11:43:11',0,880,'Present status of dry-zone flora','Ecosystems, threats, distribution',0,0,0,0,3,1,NULL,3,8,NULL,NULL,NULL,NULL,0,0,NULL,4,'Present status of dry-zone flora','','',1,NULL,NULL,'',1),('-','2021-01-11 11:43:11','-','2021-01-11 11:43:11',0,881,'Number of  threatened endemic fauna species in the study are ','List of dragonflies',0,0,0,0,3,1,NULL,3,8,NULL,NULL,NULL,NULL,0,0,NULL,4,'List of  threatened endemic fauna species in Sri Lanka','','',1,NULL,NULL,'',1),('-','2021-01-11 11:43:11','-','2021-01-11 11:43:11',0,882,'Number of  threatened endemic flora species in the study area','List of Pteridophytes',0,0,0,0,3,1,NULL,3,8,NULL,NULL,NULL,NULL,0,0,NULL,4,'List of  threatened endemic flora species in Sri Lanka','','',1,NULL,NULL,'',1),('-','2021-01-11 11:43:11','-','2021-01-11 11:43:11',0,883,'Number of awareness programmes conducted for local communities on impacts on climate change local biodiversity and ecosystems in vulnerable areas','',0,0,0,0,3,1,NULL,3,8,NULL,NULL,NULL,NULL,0,0,NULL,4,'Number of awareness programmes conducted for local communities on impacts on climate change local biodiversity and ecosystems in vulnerable areas','','',1,NULL,NULL,'',1),('-','2021-01-11 11:43:11','-','2021-01-11 11:43:11',0,884,'Quarterly monitoring reports published on essential bio-physical parameters (National monitoring programme)','',0,0,0,0,3,1,NULL,3,8,NULL,NULL,NULL,NULL,0,0,NULL,4,'Quarterly monitoring reports published on essential bio-physical parameters (National monitoring programme)','','',1,NULL,NULL,'',1),('-','2021-01-11 11:43:11','-','2021-01-11 11:43:11',0,885,'Red List Index of species found in Sri Lanka','',0,0,0,0,3,1,NULL,3,8,NULL,NULL,NULL,NULL,0,0,NULL,4,'Red List Index of species found in Sri Lanka','','',1,NULL,NULL,'',1),('-','2021-01-11 11:43:11','-','2021-01-11 11:43:11',0,886,'Red List Index of threatened species in  Forests','',0,0,0,0,3,1,NULL,3,8,NULL,NULL,NULL,NULL,0,0,NULL,4,'Red List Index of threatened species in  Forests','','',1,NULL,NULL,'',1),('-','2021-01-11 11:43:11','-','2021-01-11 11:43:11',0,887,'Red List Index of threatened species in  Grasslands','',0,0,0,0,3,1,NULL,3,8,NULL,NULL,NULL,NULL,0,0,NULL,4,'Red List Index of threatened species in  Grasslands','','',1,NULL,NULL,'',1),('-','2021-01-11 11:43:11','-','2021-01-11 11:43:11',0,888,'Red List Index of threatened species in  Lentic inland water bodies','',0,0,0,0,3,1,NULL,3,8,NULL,NULL,NULL,NULL,0,0,NULL,4,'Red List Index of threatened species in  Lentic inland water bodies','','',1,NULL,NULL,'',1),('-','2021-01-11 11:43:11','-','2021-01-11 11:43:11',0,889,'Red List Index of threatened species in  Lotic inland water bodies','',0,0,0,0,3,1,NULL,3,8,NULL,NULL,NULL,NULL,0,0,NULL,4,'Red List Index of threatened species in  Lotic inland water bodies','','',1,NULL,NULL,'',1),('-','2021-01-11 11:43:11','-','2021-01-11 11:43:11',0,890,'Red List Index of threatened species in  Marshlands','',0,0,0,0,3,1,NULL,3,8,NULL,NULL,NULL,NULL,0,0,NULL,4,'Red List Index of threatened species in  Marshlands','','',1,NULL,NULL,'',1),('-','2021-01-11 11:43:11','-','2021-01-11 11:43:11',0,891,'Red List status of species found in Sri Lanka','Red List of Sri Lanka',0,0,0,0,3,1,NULL,3,8,NULL,NULL,NULL,NULL,0,0,NULL,4,'Red List status of species found in Sri Lanka','','',1,NULL,NULL,'',1),('-','2021-01-11 11:43:11','-','2021-01-11 11:43:11',0,892,'Soil Colour  of the selected areas of the study site','Agro-ecological regions with soil types',0,0,0,0,3,1,NULL,3,8,NULL,NULL,NULL,NULL,0,0,NULL,4,'Soil Colour  of the selected areas of the study site','','',1,NULL,NULL,'',1),('-','2021-01-11 11:43:11','-','2021-01-11 11:43:11',0,893,'Species location data Plant and Animal (Entire Sri Lanka)','',0,0,0,0,3,1,NULL,3,8,NULL,NULL,NULL,NULL,0,0,NULL,4,'Species distribution','','',1,NULL,NULL,'',1),('-','2021-01-11 11:43:11','-','2021-01-11 11:43:11',0,894,'Provisional Check List of Soft Corals','List by S. Krishnaraja',0,0,0,0,3,1,NULL,3,8,NULL,NULL,NULL,NULL,0,0,NULL,4,'Provisional Check List of Soft Corals','','',1,NULL,NULL,'',1),('-','2021-01-11 11:43:11','-','2021-01-11 11:43:11',0,895,'Annual Revenue collected at National Parks','374967271.47',0,0,0,0,3,1,61,3,8,NULL,NULL,NULL,NULL,0,0,NULL,5,'Annual Revenue collected at Yala National Park, 2014','0','100000000000',1,NULL,NULL,'',1),('-','2021-01-11 11:43:11','-','2021-01-11 11:43:11',0,897,'Provisional Check List of Sea Urchins','List by Sevvanadi Jayakody',0,0,0,0,3,1,NULL,3,8,NULL,NULL,NULL,NULL,0,0,NULL,4,'Provisional Check List of Sea Urchins','','',1,NULL,NULL,'',1),('-','2021-01-11 11:43:11','-','2021-01-11 11:43:11',0,898,'Provisional Check List of Marine Fish','List by Terney P., Kumara P.B. and Kasun R. Dalpathadu',0,0,0,0,3,1,NULL,3,8,NULL,NULL,NULL,NULL,0,0,NULL,4,'Provisional Check List of Marine Fish','','',1,NULL,NULL,'',1),('-','2021-01-11 11:43:11','-','2021-01-11 11:43:11',0,899,'Provisional Check List of Marine Crustaceans','List by Prasanna Weerakkody',0,0,0,0,3,1,NULL,3,8,NULL,NULL,NULL,NULL,0,0,NULL,4,'Provisional Check List of Marine Crustaceans','','',1,NULL,NULL,'',1),('-','2021-01-11 11:43:11','-','2021-01-11 11:43:11',0,900,'Provisional Check List of Marine Aquatic Shelled Molluscs','List by Malik Fernando',0,0,0,0,3,1,NULL,3,8,NULL,NULL,NULL,NULL,0,0,NULL,4,'Provisional Check List of Marine Aquatic Shelled Molluscs','','',1,NULL,NULL,'',1),('-','2021-01-11 11:43:11','-','2021-01-11 11:43:11',0,901,'Provisional Check List of Leafhoppers','List by R. Gnaneswaran',0,0,0,0,3,1,NULL,3,8,NULL,NULL,NULL,NULL,0,0,NULL,4,'Provisional Check List of Leafhoppers','','',1,NULL,NULL,'',1),('-','2021-01-11 11:43:11','-','2021-01-11 11:43:11',0,902,'Provisional Check List of Dung Beetles','List by Enoka P. Kudavidanage and Deepchandi Lekamge',0,0,0,0,3,1,NULL,3,8,NULL,NULL,NULL,NULL,0,0,NULL,4,'Provisional Check List of Dung Beetles','','',1,NULL,NULL,'',1),('-','2021-01-11 11:43:11','-','2021-01-11 11:43:11',0,903,'Provisional Check List of Crinoidea, Ophiuroidea, Holothuroidea','Lisy by Malik Fernando',0,0,0,0,3,1,NULL,3,8,NULL,NULL,NULL,NULL,0,0,NULL,4,'Provisional Check List of Crinoidea, Ophiuroidea, Holothuroidea','','',1,NULL,NULL,'',1),('-','2021-01-11 11:43:11','-','2021-01-11 11:43:11',0,904,'Provisional Check List of Centipede Fauna','List by Duminda S. B. Dissanayake and Sriyani Wickramasinghe',0,0,0,0,3,1,NULL,3,8,NULL,NULL,NULL,NULL,0,0,NULL,4,'Provisional Check List of Centipede Fauna','','',1,NULL,NULL,'',1),('-','2021-01-11 11:43:11','-','2021-01-11 11:43:11',0,905,'Provisional Check List of Corals','List by Arjan Rajasuriya',0,0,0,0,3,1,NULL,3,8,NULL,NULL,NULL,NULL,0,0,NULL,4,'Provisional Check List of Corals','','',1,NULL,NULL,'',1),('-','2021-01-11 11:43:11','-','2021-01-11 11:43:11',0,906,'Annual distribution of invasive species in  Forests','',0,0,0,0,3,1,NULL,3,8,NULL,NULL,NULL,NULL,0,0,NULL,4,'Annual distribution of invasive species in  Forests','','',1,NULL,NULL,'',1),('-','2021-01-11 11:43:11','-','2021-01-11 11:43:11',0,907,'Annual distribution of migratory species in  Forests','',0,0,0,0,3,1,NULL,3,8,NULL,NULL,NULL,NULL,0,0,NULL,4,'Annual distribution of migratory species in  Forests','','',1,NULL,NULL,'',1),('-','2021-01-11 11:43:11','-','2021-01-11 11:43:11',0,908,'Annual distribution of threatened species in  Forests','',0,0,0,0,3,1,NULL,3,8,NULL,NULL,NULL,NULL,0,0,NULL,4,'Annual distribution of threatened species in  Forests','','',1,NULL,NULL,'',1),('-','2021-01-11 11:43:11','-','2021-01-11 11:43:11',0,909,'Annual distribution of threatened species in  Grasslands','',0,0,0,0,3,1,NULL,3,8,NULL,NULL,NULL,NULL,0,0,NULL,4,'Annual distribution of threatened species in  Grasslands','','',1,NULL,NULL,'',1),('-','2021-01-11 11:43:11','-','2021-01-11 11:43:11',0,910,'Table, reports, maps of major fish species in Sri Lanka fisheries sector and  contribution to quantity, Values, geographical locations, marine, Coastal, lagoon and estuaries.','Reef Fishes in Sri Lanka',0,0,0,0,3,1,NULL,3,12,NULL,NULL,NULL,NULL,0,0,NULL,4,'Table, reports, maps','','',1,NULL,NULL,'',1),('-','2021-01-11 11:43:11','-','2021-01-11 11:43:11',0,911,'Data, maps, reports of wave data, or wave hindcasts to define the wave climate','',0,0,0,0,3,1,NULL,3,12,NULL,NULL,NULL,NULL,0,0,NULL,4,'Table, reports, maps','','',1,NULL,NULL,'',1),('-','2021-01-11 11:43:11','-','2021-01-11 11:43:11',0,912,'Reports, Data layers, maps, reports of tide gauge data to define tidal characteristics and flood elevations (Note that 50 years of data is required to confidently extract long-term sea-level trends.','',0,0,0,0,3,1,NULL,3,12,NULL,NULL,NULL,NULL,0,0,NULL,4,'Reports, Data layers, maps, reports','','',1,NULL,NULL,'',1),('-','2021-01-11 11:43:11','-','2021-01-11 11:43:11',0,913,'Reports, maps of estimates of flood return periods, from tide gauges and/or hindcasts in inland water bodies.','',0,0,0,0,3,1,NULL,3,12,NULL,NULL,NULL,NULL,0,0,NULL,4,' Reports maps','','',1,NULL,NULL,'',1),('-','2021-01-11 11:43:11','-','2021-01-11 11:43:11',0,914,'Reports, papers, unpublished data and other reports of historical records of hazards, storm  surge, coastal flood, inundation, salt water intrusion events, and impacts to physical changes and socio-economic costs;','',0,0,0,0,3,1,NULL,3,12,NULL,NULL,NULL,NULL,0,0,NULL,4,'Reports, papers, unpublished data and other reports.','','',1,NULL,NULL,'',1),('-','2021-01-11 11:43:11','-','2021-01-11 11:43:11',0,915,'Scientific research on ecosystem response to climate change, particularly examples in the provinces level - Beach erosion, historical background, Current status and future projections','',0,0,0,0,3,1,NULL,3,12,NULL,NULL,NULL,NULL,0,0,NULL,4,'Reports, maps','','',1,NULL,NULL,'',1),('-','2021-01-11 11:43:11','-','2021-01-11 11:43:11',0,916,'Scientific research on ecosystem response to climate change, particularly examples in the provinces level - cliff erosion','',0,0,0,0,3,1,NULL,3,12,NULL,NULL,NULL,NULL,0,0,NULL,4,'Reports, maps','','',1,NULL,NULL,'',1),('-','2021-01-11 11:43:11','-','2021-01-11 11:43:11',0,917,'Reports and maps of coastal land use and historical changes in coastal land use','',0,0,0,0,3,1,NULL,3,12,NULL,NULL,NULL,NULL,0,0,NULL,4,'Reports, maps','','',1,NULL,NULL,'',1),('-','2021-01-11 11:43:11','-','2021-01-11 11:43:11',0,918,'Maps, reports. Soft copies of coastal Habitats studies (Coral, mangrove, sea grass and Sand dunes etc.) area, extent','',0,0,0,0,3,1,NULL,3,12,NULL,NULL,NULL,NULL,0,0,NULL,4,'Maps, reports. Soft copies','','',1,NULL,NULL,'',1),('-','2021-01-11 11:43:11','-','2021-01-11 11:43:11',0,919,'Existing Coastal Zone setbacks for various development according to coastal segments','',0,0,0,0,3,1,NULL,3,12,NULL,NULL,NULL,NULL,0,0,NULL,4,'Reports, Maps (soft copies or hard copies)','','',1,NULL,NULL,'',1),('-','2021-01-11 11:43:11','-','2021-01-11 11:43:11',0,920,'Institutional plans/ research data available at Coast Conservation and Coastal Resources Management Department.','',0,0,0,0,3,1,NULL,3,12,NULL,NULL,NULL,NULL,0,0,NULL,4,'shape files/related data','','',1,NULL,NULL,'',1),('-','2021-01-11 11:43:11','-','2021-01-11 11:43:11',0,921,'Institutional plans/ research data available at National Aquatic Research Agency (NARA)','',0,0,0,0,3,1,NULL,3,12,NULL,NULL,NULL,NULL,0,0,NULL,4,'shape files/related data','','',1,NULL,NULL,'',1),('-','2021-01-11 11:43:11','-','2021-01-11 11:43:11',0,922,'Institutional plans/ research data available at National Aquatic Development Authority (NAQDA)','',0,0,0,0,3,1,NULL,3,12,NULL,NULL,NULL,NULL,0,0,NULL,4,'shape files/related data','','',1,NULL,NULL,'',1),('-','2021-01-11 11:43:11','-','2021-01-11 11:43:11',0,923,'Annual distribution of migratory species in  Estuaries','',0,0,0,0,3,1,NULL,3,12,NULL,NULL,NULL,NULL,0,0,NULL,4,'Annual distribution of migratory species in  Estuaries','','',1,NULL,NULL,'',1),('-','2021-01-11 11:43:11','-','2021-01-11 11:43:11',0,924,'Annual distribution of migratory species in  Lentic Coastal Water Bodies','',0,0,0,0,3,1,NULL,3,12,NULL,NULL,NULL,NULL,0,0,NULL,4,'Annual distribution of migratory species in  Lentic Coastal Water Bodies','','',1,NULL,NULL,'',1),('-','2021-01-11 11:43:11','-','2021-01-11 11:43:11',0,925,'Any response to these problems, including both hard and soft engineering (seawalls, Number of urishment, etc.) and institutional changes (building setbacks, coastal zone management programs, etc.);','',0,0,0,0,3,1,NULL,3,12,NULL,NULL,NULL,NULL,0,0,NULL,4,'Maps','','',1,NULL,NULL,'',1),('-','2021-01-11 11:43:11','-','2021-01-11 11:43:11',0,926,'Coastal geomorphology (i.e., hard unerodable cliffs, erodible cliffs, beaches, wetlands, etc.) to select appropriate impact models;','',0,0,0,0,3,1,NULL,3,12,NULL,NULL,NULL,NULL,0,0,NULL,4,'Data, maps, reports','','',1,NULL,NULL,'',1),('-','2021-01-11 11:43:11','-','2021-01-11 11:43:11',0,927,'Coastal land use and historical changes in coastal land use;','',0,0,0,0,3,1,NULL,3,12,NULL,NULL,NULL,NULL,0,0,NULL,4,'Coastal land use ','','',1,NULL,NULL,'',1),('-','2021-01-11 11:43:11','-','2021-01-11 11:43:11',0,928,'CZMP is updated to ensure greater concern over climate change impacts','Yes',0,0,0,0,3,1,NULL,3,12,NULL,NULL,NULL,NULL,0,0,NULL,4,'CZMP is updated to ensure greater concern over climate change impacts','','',1,NULL,NULL,'',1),('-','2021-01-11 11:43:11','-','2021-01-11 11:43:11',0,929,'Development of coastal tourism, if appropriate and plans for future development;','',0,0,0,0,3,1,NULL,3,12,NULL,NULL,NULL,NULL,0,0,NULL,4,'Reports, project proposals, maps','','',1,NULL,NULL,'',1),('-','2021-01-11 11:43:11','-','2021-01-11 11:43:11',0,930,'Existing Coastal Zone setbacks for various development according to coastal segments','Set back information',0,0,0,0,3,1,NULL,3,12,NULL,NULL,NULL,NULL,0,0,NULL,4,'Existing Coastal Zone setbacks for various development according to coastal segments','','',1,NULL,NULL,'',1),('-','2021-01-11 11:43:11','-','2021-01-11 11:43:11',0,931,'Forecasts of coastal population distribution coastal zone','',0,0,0,0,3,1,NULL,3,12,NULL,NULL,NULL,NULL,0,0,NULL,4,'Reports, project proposals, maps','','',1,NULL,NULL,'',1),('-','2021-01-11 11:43:11','-','2021-01-11 11:43:11',0,932,'Human influence on sediment availability at the coast. List areas where dams have been built on rivers, coastal erosion has been stopped, and littoral drift has been impeded;','',0,0,0,0,3,1,NULL,3,12,NULL,NULL,NULL,NULL,0,0,NULL,4,'Reports, maps','','',1,NULL,NULL,'',1),('-','2021-01-11 11:43:11','-','2021-01-11 11:43:11',0,933,'IEEs, EIAs and Preliminary environmental studies carried out in the coastal zone for tourism, commercials, infrastructure,  fisheries, energy generation ( wind farm, solar farms)','',0,0,0,0,3,1,NULL,3,12,NULL,NULL,NULL,NULL,0,0,NULL,4,'IEEs, EIAs and Preliminary environmental studies carried out in the coastal zone for tourism, commercials, infrastructure,  fisheries, energy generation ( wind farm, solar farms)','','',1,NULL,NULL,'',1),('-','2021-01-11 11:43:11','-','2021-01-11 11:43:11',0,934,'List of invasive species in  Beaches','',0,0,0,0,3,1,NULL,3,12,NULL,NULL,NULL,NULL,0,0,NULL,4,'List of invasive species in  Beaches','','',1,NULL,NULL,'',1),('-','2021-01-11 11:43:11','-','2021-01-11 11:43:11',0,935,'List of invasive species in  Estuaries','',0,0,0,0,3,1,NULL,3,12,NULL,NULL,NULL,NULL,0,0,NULL,4,'List of invasive species in  Estuaries','','',1,NULL,NULL,'',1),('-','2021-01-11 11:43:11','-','2021-01-11 11:43:11',0,936,'List of invasive species in  Islets','',0,0,0,0,3,1,NULL,3,12,NULL,NULL,NULL,NULL,0,0,NULL,4,'List of invasive species in  Islets','','',1,NULL,NULL,'',1),('-','2021-01-11 11:43:11','-','2021-01-11 11:43:11',0,937,'List of invasive species in  Reefs','',0,0,0,0,3,1,NULL,3,12,NULL,NULL,NULL,NULL,0,0,NULL,4,'List of invasive species in  Reefs','','',1,NULL,NULL,'',1),('-','2021-01-11 11:43:11','-','2021-01-11 11:43:11',0,938,'List of invasive species in  Shallow Marine Water','',0,0,0,0,3,1,NULL,3,12,NULL,NULL,NULL,NULL,0,0,NULL,4,'List of invasive species in  Shallow Marine Water','','',1,NULL,NULL,'',1),('-','2021-01-11 11:43:11','-','2021-01-11 11:43:11',0,939,'List of migratory species in  Beaches','',0,0,0,0,3,1,NULL,3,12,NULL,NULL,NULL,NULL,0,0,NULL,4,'List of migratory species in  Beaches','','',1,NULL,NULL,'',1),('-','2021-01-11 11:43:11','-','2021-01-11 11:43:11',0,940,'List of migratory species in  Deep Marine Water','',0,0,0,0,3,1,NULL,3,12,NULL,NULL,NULL,NULL,0,0,NULL,4,'List of migratory species in  Deep Marine Water','','',1,NULL,NULL,'',1),('-','2021-01-11 11:43:11','-','2021-01-11 11:43:11',0,941,'List of migratory species in  Islets','',0,0,0,0,3,1,NULL,3,12,NULL,NULL,NULL,NULL,0,0,NULL,4,'List of migratory species in  Islets','','',1,NULL,NULL,'',1),('-','2021-01-11 11:43:11','-','2021-01-11 11:43:11',0,942,'List of migratory species in  Lentic Coastal Water Bodies','',0,0,0,0,3,1,NULL,3,12,NULL,NULL,NULL,NULL,0,0,NULL,4,'List of migratory species in  Lentic Coastal Water Bodies','','',1,NULL,NULL,'',1),('-','2021-01-11 11:43:11','-','2021-01-11 11:43:11',0,943,'List of migratory species in  Reefs','',0,0,0,0,3,1,NULL,3,12,NULL,NULL,NULL,NULL,0,0,NULL,4,'List of migratory species in  Reefs','','',1,NULL,NULL,'',1),('-','2021-01-11 11:43:11','-','2021-01-11 11:43:11',0,944,'List of migratory species in  Shallow Marine Water','',0,0,0,0,3,1,NULL,3,12,NULL,NULL,NULL,NULL,0,0,NULL,4,'List of migratory species in  Shallow Marine Water','','',1,NULL,NULL,'',1),('-','2021-01-11 11:43:11','-','2021-01-11 11:43:11',0,945,'List of migratory species in Estuaries','',0,0,0,0,3,1,NULL,3,12,NULL,NULL,NULL,NULL,0,0,NULL,4,'List of migratory species in Estuaries','','',1,NULL,NULL,'',1),('-','2021-01-11 11:43:11','-','2021-01-11 11:43:11',0,946,'Monthly average Sea Surface (SS) turbidity at study area','',0,0,0,0,3,1,NULL,3,12,NULL,NULL,NULL,NULL,0,0,NULL,4,'Monthly average Sea Surface (SS) turbidity at study area','','',1,NULL,NULL,'',1),('-','2021-01-11 11:43:11','-','2021-01-11 11:43:11',0,947,'List of threstened Fresh water fish of Sri Lanka','Red List of Sri Lanka',0,0,0,0,3,1,NULL,3,12,NULL,NULL,NULL,NULL,0,0,NULL,4,'List of threstened Fresh water fish of Sri Lanka, 2012','','',1,NULL,NULL,'',1),('-','2021-01-11 11:43:11','-','2021-01-11 11:43:11',0,948,'List of threstened Amphibians of Sri Lanka','Red List of Sri Lanka',0,0,0,0,3,1,NULL,3,12,NULL,NULL,NULL,NULL,0,0,NULL,4,'List of threstened Amphibians of Sri Lanka, 2012','','',1,NULL,NULL,'',1),('-','2021-01-11 11:43:11','-','2021-01-11 11:43:11',0,949,'List of threatened species in Shallow Marine Water','',0,0,0,0,3,1,NULL,3,12,NULL,NULL,NULL,NULL,0,0,NULL,4,'List of threatened species in Shallow Marine Water','','',1,NULL,NULL,'',1),('-','2021-01-11 11:43:11','-','2021-01-11 11:43:11',0,950,'List of threatened species in Reefs','',0,0,0,0,3,1,NULL,3,12,NULL,NULL,NULL,NULL,0,0,NULL,4,'List of threatened species in Reefs','','',1,NULL,NULL,'',1),('-','2021-01-11 11:43:11','-','2021-01-11 11:43:11',0,951,'List of threatened species in Deep Marine Water','',0,0,0,0,3,1,NULL,3,12,NULL,NULL,NULL,NULL,0,0,NULL,4,'List of threatened species in Deep Marine Water','','',1,NULL,NULL,'',1),('-','2021-01-11 11:43:11','-','2021-01-11 11:43:11',0,952,'Annual distribution of threatened species in Shallow Marine Water','',0,0,0,0,3,1,NULL,3,12,NULL,NULL,NULL,NULL,0,0,NULL,4,'Annual distribution of threatened species in Shallow Marine Water','','',1,NULL,NULL,'',1),('-','2021-01-11 11:43:11','-','2021-01-11 11:43:11',0,953,'Annual distribution of threatened species in Reefs','',0,0,0,0,3,1,NULL,3,12,NULL,NULL,NULL,NULL,0,0,NULL,4,'Annual distribution of threatened species in Reefs','','',1,NULL,NULL,'',1),('-','2021-01-11 11:43:11','-','2021-01-11 11:43:11',0,954,'Annual area of Shallow Marine Water directly damaged by anthropogenic activities ','',0,0,0,0,3,1,NULL,3,12,NULL,NULL,NULL,NULL,0,0,NULL,4,'Annual area of Shallow Marine Water directly damaged by anthropogenic activities ','','',1,NULL,NULL,'',1),('-','2021-01-11 11:43:11','-','2021-01-11 11:43:11',0,955,'Trends in area of dead coral reefs','',0,0,0,0,3,1,NULL,3,12,NULL,NULL,NULL,NULL,0,0,NULL,4,'Trends in area of dead coral reefs','','',1,NULL,NULL,'',1),('-','2021-01-11 11:43:11','-','2021-01-11 11:43:11',0,956,'Special Managemenat areas have been suggested, implemented,','',0,0,0,0,3,1,NULL,3,12,NULL,NULL,NULL,NULL,0,0,NULL,4,'Special Managemenat areas have been suggested, implemented,','','',1,NULL,NULL,'',1),('-','2021-01-11 11:43:11','-','2021-01-11 11:43:11',0,957,'Present status of coastal ecosystems, particularly - wetlands','',0,0,0,0,3,1,NULL,3,12,NULL,NULL,NULL,NULL,0,0,NULL,4,'Spatial maps, reports, presentation, unpublished data and studies. Internal reports.','','',1,NULL,NULL,'',1),('-','2021-01-11 11:43:11','-','2021-01-11 11:43:11',0,958,'Present status of coastal ecosystems, particularly - Sea Grass','',0,0,0,0,3,1,NULL,3,12,NULL,NULL,NULL,NULL,0,0,NULL,4,'Spatial maps, reports, presentation, unpublished data and studies. Internal reports.','','',1,NULL,NULL,'',1),('-','2021-01-11 11:43:11','-','2021-01-11 11:43:11',0,959,'Present status of coastal ecosystems, particularly - Sand dunes and','',0,0,0,0,3,1,NULL,3,12,NULL,NULL,NULL,NULL,0,0,NULL,4,'Spatial maps, reports, presentation, unpublished data and studies. Internal reports.','','',1,NULL,NULL,'',1),('-','2021-01-11 11:43:11','-','2021-01-11 11:43:11',0,960,'Present status of coastal ecosystems, particularly - Mangroves,','',0,0,0,0,3,1,NULL,3,12,NULL,NULL,NULL,NULL,0,0,NULL,4,'Spatial maps, reports, presentation, unpublished data and studies. Internal reports.','','',1,NULL,NULL,'',1),('-','2021-01-11 11:43:11','-','2021-01-11 11:43:11',0,961,'Present status of coastal ecosystems, particularly - Coral reefs,','',0,0,0,0,3,1,NULL,3,12,NULL,NULL,NULL,NULL,0,0,NULL,4,'Spatial maps, reports, presentation, unpublished data and studies. Internal reports.','','',1,NULL,NULL,'',1),('-','2021-01-11 11:43:11','-','2021-01-11 11:43:11',0,962,'Vulnerable coastal areas with completed emergency response/contingency plans','',0,0,0,0,3,1,NULL,3,12,NULL,NULL,NULL,NULL,0,0,NULL,4,'Vulnerable coastal areas with completed emergency response/contingency plans','','',1,NULL,NULL,'',1),('-','2021-01-11 11:43:11','-','2021-01-11 11:43:11',0,963,'Socio-economic surveys, environmental profiles including demographic data and information in the coastal zone','',0,0,0,0,3,1,NULL,3,12,NULL,NULL,NULL,NULL,0,0,NULL,4,'Reports','','',1,NULL,NULL,'',1),('-','2021-01-11 11:43:11','-','2021-01-11 11:43:11',0,964,'Scientific research on ecosystem response to climate change, particularly examples in the provinces level of saltwater intrusion, areas,','',0,0,0,0,3,1,NULL,3,12,NULL,NULL,NULL,NULL,0,0,NULL,4,'Scientific research on ecosystem response to climate change, particularly examples in the provinces level of saltwater intrusion, areas,','','',1,NULL,NULL,'',1),('-','2021-01-11 11:43:11','-','2021-01-11 11:43:11',0,965,'Scientific research on ecosystem response to climate change, particularly examples in the provinces level of coastal flooding by storm surge,','',0,0,0,0,3,1,NULL,3,12,NULL,NULL,NULL,NULL,0,0,NULL,4,'Scientific research on ecosystem response to climate change, particularly examples in the provinces level of coastal flooding by storm surge,','','',1,NULL,NULL,'',1),('-','2021-01-11 11:43:11','-','2021-01-11 11:43:11',0,966,'Scientific research on ecosystem response to climate change, particularly examples in the provinces level of coastal flooding by run-off and','',0,0,0,0,3,1,NULL,3,12,NULL,NULL,NULL,NULL,0,0,NULL,4,'Scientific research on ecosystem response to climate change, particularly examples in the provinces level of coastal flooding by run-off and','','',1,NULL,NULL,'',1),('-','2021-01-11 11:43:11','-','2021-01-11 11:43:11',0,967,'Scientific research on ecosystem response to climate change, particularly examples in the provinces level of cliff erosion,','',0,0,0,0,3,1,NULL,3,12,NULL,NULL,NULL,NULL,0,0,NULL,4,'Scientific research on ecosystem response to climate change, particularly examples in the provinces level of cliff erosion,','','',1,NULL,NULL,'',1),('-','2021-01-11 11:43:11','-','2021-01-11 11:43:11',0,968,'Scientific research on ecosystem response to climate change, particularly examples in the provinces level of Beach erosion, historical background, Current status and future projections if any?','',0,0,0,0,3,1,NULL,3,12,NULL,NULL,NULL,NULL,0,0,NULL,4,'Scientific research on ecosystem response to climate change, particularly examples in the provinces level of Beach erosion, historical background, Current status and future projections if any?','','',1,NULL,NULL,'',1),('-','2021-01-11 11:43:11','-','2021-01-11 11:43:11',0,969,'Present status of coastal ecosystems, particularly - Beaches mainly. How much degradation and destruction has occurred in extent, and what is the prognosis  for the future without climate change','',0,0,0,0,3,1,NULL,3,12,NULL,NULL,NULL,NULL,0,0,NULL,4,'Present status of coastal ecosystems, particularly - Beaches mainly. How much degradation and destruction has occurred in extent, and what is the prognosis  for the future without climate change','','',1,NULL,NULL,'',1),('-','2021-01-11 11:43:11','-','2021-01-11 11:43:11',0,970,'Plans for major future infrastructure development such as ports, airports, etc. which will be close to present sea levels;','',0,0,0,0,3,1,NULL,3,12,NULL,NULL,NULL,NULL,0,0,NULL,4,'Plans for major future infrastructure development such as ports, airports, etc. which will be close to present sea levels;','','',1,NULL,NULL,'',1),('-','2021-01-11 11:43:11','-','2021-01-11 11:43:11',0,971,'Permits issued for coastal development activities, residence, commercial, industrial, Tourism, infrastructure, harbours, fish landing sites','',0,0,0,0,3,1,NULL,3,12,NULL,NULL,NULL,NULL,0,0,NULL,4,'Permits issued for coastal development activities, residence, commercial, industrial, Tourism, infrastructure, harbours, fish landing sites','','',1,NULL,NULL,'',1),('-','2021-01-11 11:43:11','-','2021-01-11 11:43:11',0,972,'Monthly average Sea Surface (SS) salinity at study area','',0,0,0,0,3,1,61,3,12,NULL,NULL,NULL,NULL,0,0,NULL,4,'Monthly average Sea Surface (SS) salinity at study area','','',1,NULL,NULL,'',1),('-','2021-01-11 11:43:11','-','2021-01-11 11:43:11',0,973,'Monthly average Sea Surface (SS) pH at study area','',0,0,0,0,3,1,61,3,12,NULL,NULL,NULL,NULL,0,0,NULL,4,'Monthly average Sea Surface (SS) pH at study area','','',1,NULL,NULL,'',1),('-','2021-01-11 11:43:11','-','2021-01-11 11:43:11',0,974,'Monthly average Sea Surface (SS) Nutrient concentrations at study area','',0,0,0,0,3,1,61,3,12,NULL,NULL,NULL,NULL,0,0,NULL,4,'Monthly average Sea Surface (SS) Nutrient concentrations at study area','','',1,NULL,NULL,'',1),('-','2021-01-11 11:43:11','-','2021-01-11 11:43:11',0,975,'Red List Index of threatened species in  Shallow Marine Water','',0,0,0,0,3,1,61,3,12,NULL,NULL,NULL,NULL,0,0,NULL,4,'Red List Index of threatened species in  Shallow Marine Water','','',1,NULL,NULL,'',1),('-','2021-01-11 11:43:11','-','2021-01-11 11:43:11',0,976,'Red List Index of threatened species in  Reefs','',0,0,0,0,3,1,61,3,12,NULL,NULL,NULL,NULL,0,0,NULL,4,'Red List Index of threatened species in  Reefs','','',1,NULL,NULL,'',1),('-','2021-01-11 11:43:11','-','2021-01-11 11:43:11',0,977,'Red List Index of threatened species in  Islets','',0,0,0,0,3,1,61,3,12,NULL,NULL,NULL,NULL,0,0,NULL,4,'Red List Index of threatened species in  Islets','','',1,NULL,NULL,'',1),('-','2021-01-11 11:43:11','-','2021-01-11 11:43:11',0,978,'Red List Index of threatened species in  Deep Marine Water','',0,0,0,0,3,1,61,3,12,NULL,NULL,NULL,NULL,0,0,NULL,4,'Red List Index of threatened species in  Deep Marine Water','','',1,NULL,NULL,'',1),('-','2021-01-11 11:43:11','-','2021-01-11 11:43:11',0,979,'Red List Index of threatened species in  Beaches','',0,0,0,0,3,1,61,3,12,NULL,NULL,NULL,NULL,0,0,NULL,4,'Red List Index of threatened species in  Beaches','','',1,NULL,NULL,'',1),('-','2021-01-11 11:43:11','-','2021-01-11 11:43:11',0,980,'Number of vulnerable areas with completed Special Area Management(SAM) plans','3',0,0,0,0,3,1,61,3,12,NULL,NULL,NULL,NULL,0,0,NULL,4,'Number of vulnerable areas with completed Special Area Management(SAM) plans found from independent research studies','','',1,NULL,NULL,'',1),('-','2021-01-11 11:43:11','-','2021-01-11 11:43:11',0,981,'Coastal population distribution and historical changes in coastal population distribution;','247570',0,0,0,0,3,1,61,3,12,NULL,NULL,NULL,NULL,0,0,NULL,4,'Reports, project proposals, maps Fisher Householde population number, 2019','','1000000',1,NULL,NULL,'',1),('-','2021-01-11 11:43:11','-','2021-01-11 11:43:11',0,982,'Completed coastal ecosystem enhancement projects and programs, coastal protections, coastal ecosystem enhancements and socio-economic development','5',0,0,0,0,3,1,61,3,12,NULL,NULL,NULL,NULL,0,0,NULL,4,'No of projects and programs for coastal protections, under purview of Coast Conservation and Coastal Resource Management Department','','100',1,NULL,NULL,'',1),('-','2021-01-11 11:43:11','-','2021-01-11 11:43:11',0,983,'Coastal areas  vulnerability maps ','',0,0,0,0,3,1,61,3,12,NULL,NULL,NULL,NULL,0,0,NULL,4,'Coastal areas  vulnerability maps ','','',1,NULL,NULL,'',1),('-','2021-01-11 11:43:11','-','2021-01-11 11:43:11',0,984,'Amount of money allocated for marine conservation','2908300',0,0,0,0,3,1,85,3,12,NULL,NULL,NULL,NULL,0,0,NULL,4,'Amount of money allocated for marine conservation','0','100000000',1,NULL,NULL,'',1),('-','2021-01-11 11:43:11','-','2021-01-11 11:43:11',0,985,'Annual amount of Revenue collected at Marine National Parks - Bar Reef Marine National Park, 2014','2908300',0,0,0,0,3,1,85,3,12,NULL,NULL,NULL,NULL,0,0,NULL,4,'Annual amount of Revenue collected at Marine National Parks','0','100000000',1,NULL,NULL,'',1),('-','2021-01-11 11:43:11','-','2021-01-11 11:43:11',0,986,'Annual area of  Beaches affected by floods','',0,0,0,0,3,1,54,3,12,NULL,NULL,NULL,NULL,0,0,NULL,4,'Annual area of  Beaches affected by floods','','',1,NULL,NULL,'',1),('-','2021-01-11 11:43:11','-','2021-01-11 11:43:11',0,987,'Annual area of  Beaches affected by sea level rise','',0,0,0,0,3,1,54,3,12,NULL,NULL,NULL,NULL,0,0,NULL,4,'Annual area of  Beaches affected by sea level rise','','',1,NULL,NULL,'',1),('-','2021-01-11 11:43:11','-','2021-01-11 11:43:11',0,988,'Annual area of  Beaches affected by soil erosion and degradation','',0,0,0,0,3,1,54,3,12,NULL,NULL,NULL,NULL,0,0,NULL,4,'Annual area of  Beaches affected by soil erosion and degradation','','',1,NULL,NULL,'',1),('-','2021-01-11 11:43:11','-','2021-01-11 11:43:11',0,989,'Annual area of  Islets affected by floods','',0,0,0,0,3,1,54,3,12,NULL,NULL,NULL,NULL,0,0,NULL,4,'Annual area of  Islets affected by floods','','',1,NULL,NULL,'',1),('-','2021-01-11 11:43:11','-','2021-01-11 11:43:11',0,990,'Annual area of  Islets affected by sea level rise','',0,0,0,0,3,1,54,3,12,NULL,NULL,NULL,NULL,0,0,NULL,4,'Annual area of  Islets affected by sea level rise','','',1,NULL,NULL,'',1),('-','2021-01-11 11:43:11','-','2021-01-11 11:43:11',0,991,'Annual area of  Islets affected by soil erosion and degradation','',0,0,0,0,3,1,54,3,12,NULL,NULL,NULL,NULL,0,0,NULL,4,'Annual area of  Islets affected by soil erosion and degradation','','',1,NULL,NULL,'',1),('-','2021-01-11 11:43:11','-','2021-01-11 11:43:11',0,992,'Annual area of  Lentic Coastal Water Bodies affected by floods','',0,0,0,0,3,1,54,3,12,NULL,NULL,NULL,NULL,0,0,NULL,4,'Annual area of  Lentic Coastal Water Bodies affected by floods','','',1,NULL,NULL,'',1),('-','2021-01-11 11:43:11','-','2021-01-11 11:43:11',0,993,'Annual area of  Lentic Coastal Water Bodies affected by land slides','',0,0,0,0,3,1,54,3,12,NULL,NULL,NULL,NULL,0,0,NULL,4,'Annual area of  Lentic Coastal Water Bodies affected by land slides','','',1,NULL,NULL,'',1),('-','2021-01-11 11:43:11','-','2021-01-11 11:43:11',0,994,'Annual area of  Lentic Coastal Water Bodies affected by sea level rise','',0,0,0,0,3,1,54,3,12,NULL,NULL,NULL,NULL,0,0,NULL,4,'Annual area of  Lentic Coastal Water Bodies affected by sea level rise','','',1,NULL,NULL,'',1),('-','2021-01-11 11:43:11','-','2021-01-11 11:43:11',0,995,'Annual area of  Lentic Coastal Water Bodies affected by soil erosion and degradation','',0,0,0,0,3,1,54,3,12,NULL,NULL,NULL,NULL,0,0,NULL,4,'Annual area of  Lentic Coastal Water Bodies affected by soil erosion and degradation','','',1,NULL,NULL,'',1),('-','2021-01-11 11:43:11','-','2021-01-11 11:43:11',0,996,'Annual area of  Lentic Coastal Water Bodies affected by wildfires','',0,0,0,0,3,1,54,3,12,NULL,NULL,NULL,NULL,0,0,NULL,4,'Annual area of  Lentic Coastal Water Bodies affected by wildfires','','',1,NULL,NULL,'',1),('-','2021-01-11 11:43:11','-','2021-01-11 11:43:11',0,997,'Annual area of Beaches directly damaged by anthropogenic activities ','',0,0,0,0,3,1,54,3,12,NULL,NULL,NULL,NULL,0,0,NULL,4,'Annual area of Beaches directly damaged by anthropogenic activities ','','',1,NULL,NULL,'',1),('-','2021-01-11 11:43:11','-','2021-01-11 11:43:11',0,998,'Annual area of Islets directly damaged by anthropogenic activities ','',0,0,0,0,3,1,54,3,12,NULL,NULL,NULL,NULL,0,0,NULL,4,'Annual area of Islets directly damaged by anthropogenic activities ','','',1,NULL,NULL,'',1),('-','2021-01-11 11:43:11','-','2021-01-11 11:43:11',0,999,'Annual area of Lentic Coastal Water Bodies directly damaged by anthropogenic activities ','',0,0,0,0,3,1,54,3,12,NULL,NULL,NULL,NULL,0,0,NULL,4,'Annual area of Lentic Coastal Water Bodies directly damaged by anthropogenic activities ','','',1,NULL,NULL,'',1),('-','2021-01-11 11:43:11','-','2021-01-11 11:43:11',0,1000,'Annual areas lost due to sea level rise','',0,0,0,0,3,1,54,3,12,NULL,NULL,NULL,NULL,0,0,NULL,4,'Annual areas lost due to sea level rise','','',1,NULL,NULL,'',1),('-','2021-01-11 11:43:11','-','2021-01-11 11:43:11',0,1001,'Annual extent of restored Beaches','',0,0,0,0,3,1,54,3,12,NULL,NULL,NULL,NULL,0,0,NULL,4,'Annual extent of restored Beaches','','',1,NULL,NULL,'',1),('-','2021-01-11 11:43:11','-','2021-01-11 11:43:11',0,1002,'Annual extent of lagoon and basin estuaries habitats in Sri Lanka','158017',0,0,0,0,3,1,54,3,12,NULL,NULL,NULL,NULL,0,0,NULL,4,'Annual extent of lagoon and basin estuaries habitats in Sri Lanka under Forest Department, 1999','0','1000000',1,NULL,NULL,'',1),('-','2021-01-11 11:43:11','-','2021-01-11 11:43:11',0,1003,'Annual extent of Marine Protected Areas','1074290',0,0,0,0,3,1,54,3,12,NULL,NULL,NULL,NULL,0,0,NULL,4,'Annual extent of Marine Protected Areas under Department of Wildlife Conservation, 2016','0','10000000',1,NULL,NULL,'',1),('-','2021-01-11 11:43:11','-','2021-01-11 11:43:11',0,1004,'Coastal Habitats studies (Coral, mangrove, sea grass and Sand dunes etc.) area, extent','68000',0,0,0,0,3,1,54,3,12,NULL,NULL,NULL,NULL,0,0,NULL,4,'Extent of Coral Reefs, 2010','0','100000',1,NULL,NULL,'',1),('-','2021-01-11 11:43:11','-','2021-01-11 11:43:11',0,1005,'Extent of Mangroves','15669',0,0,0,0,3,1,54,3,12,NULL,NULL,NULL,NULL,0,0,NULL,4,'Extent of Mangroves, 2010','','100000',1,NULL,NULL,'',1),('-','2021-01-11 11:43:11','-','2021-01-11 11:43:11',0,1006,'Extent of Sand dunes','19394',0,0,0,0,3,1,54,3,12,NULL,NULL,NULL,NULL,0,0,NULL,4,'Extent of Sand dunes and beaches, 1999','0','100000',1,NULL,NULL,'',1),('-','2021-01-11 11:43:11','-','2021-01-11 11:43:11',0,1007,'Ectent of Sea Grass','158017',0,0,0,0,3,1,54,3,12,NULL,NULL,NULL,NULL,0,0,NULL,4,'Ectent of Lagoons and Estuaries, 1999','0','1000000',1,NULL,NULL,'',1),('-','2021-01-11 11:43:11','-','2021-01-11 11:43:11',0,1008,'Extent of Wetland','23800',0,0,0,0,3,1,54,3,12,NULL,NULL,NULL,NULL,0,0,NULL,4,'Extent of Salt Marshes, 1999','0','100000',1,NULL,NULL,'',1),('-','2021-01-11 11:43:11','-','2021-01-11 11:43:11',0,1009,'Annual extent of Shallow Marine Water','',0,0,0,0,3,1,54,3,12,NULL,NULL,NULL,NULL,0,0,NULL,4,'Annual extent of Shallow Marine Water','','',1,NULL,NULL,'',1),('-','2021-01-11 11:43:11','-','2021-01-11 11:43:11',0,1010,'Annual extent of Islets','',0,0,0,0,3,1,54,3,12,NULL,NULL,NULL,NULL,0,0,NULL,4,'Annual extent of Islets','','',1,NULL,NULL,'',1),('-','2021-01-11 11:43:11','-','2021-01-11 11:43:11',0,1011,'Annual extent of  Lentic Water Bodies','169941',0,0,0,0,3,1,54,3,12,NULL,NULL,NULL,NULL,0,0,NULL,4,'Annual extent of  Lentic Water Bodies','0','1000000',1,NULL,NULL,'',1),('-','2021-01-11 11:43:11','-','2021-01-11 11:43:11',0,1012,'Annual area of Reefs directly damaged by anthropogenic activities ','',0,0,0,0,3,1,54,3,12,NULL,NULL,NULL,NULL,0,0,NULL,4,'Annual area of Reefs directly damaged by anthropogenic activities ','','',1,NULL,NULL,'',1),('-','2021-01-11 11:43:11','-','2021-01-11 11:43:11',0,1013,'Annual area of Estuaries directly damaged by anthropogenic activities ','',0,0,0,0,3,1,54,3,12,NULL,NULL,NULL,NULL,0,0,NULL,4,'Annual area of Estuaries directly damaged by anthropogenic activities ','','',1,NULL,NULL,'',1),('-','2021-01-11 11:43:11','-','2021-01-11 11:43:11',0,1014,'Annual area of Estuaries affected by sea level rise','',0,0,0,0,3,1,54,3,12,NULL,NULL,NULL,NULL,0,0,NULL,4,'Annual area of Estuaries affected by sea level rise','','',1,NULL,NULL,'',1),('-','2021-01-11 11:43:11','-','2021-01-11 11:43:11',0,1015,'Annual area of Deep Marine Water directly damaged by anthropogenic activities ','',0,0,0,0,3,1,54,3,12,NULL,NULL,NULL,NULL,0,0,NULL,4,'Annual area of Deep Marine Water directly damaged by anthropogenic activities ','','',1,NULL,NULL,'',1),('-','2021-01-11 11:43:11','-','2021-01-11 11:43:11',0,1016,'Annual area of  Estuaries affected by soil erosion and degradation','',0,0,0,0,3,1,54,3,12,NULL,NULL,NULL,NULL,0,0,NULL,4,'Annual area of  Estuaries affected by soil erosion and degradation','','',1,NULL,NULL,'',1),('-','2021-01-11 11:43:11','-','2021-01-11 11:43:11',0,1017,'Annual area of  Estuaries affected by land slides','',0,0,0,0,3,1,54,3,12,NULL,NULL,NULL,NULL,0,0,NULL,4,'Annual area of  Estuaries affected by land slides','','',1,NULL,NULL,'',1),('-','2021-01-11 11:43:11','-','2021-01-11 11:43:11',0,1018,'Annual area of  Estuaries affected by floods','',0,0,0,0,3,1,54,3,12,NULL,NULL,NULL,NULL,0,0,NULL,4,'Annual area of  Estuaries affected by floods','','',1,NULL,NULL,'',1),('-','2021-01-11 11:43:11','-','2021-01-11 11:43:11',0,1019,'Annual extent of Deep Marine Water','',0,0,0,0,3,1,54,3,12,NULL,NULL,NULL,NULL,0,0,NULL,4,'Annual extent of Deep Marine Water','','',1,NULL,NULL,'',1),('-','2021-01-11 11:43:11','-','2021-01-11 11:43:11',0,1020,'Annual extent of coral reefs bleached','',0,0,0,0,3,1,54,3,12,NULL,NULL,NULL,NULL,0,0,NULL,4,'Annual extent of coral reefs bleached','','',1,NULL,NULL,'',1),('-','2021-01-11 11:43:11','-','2021-01-11 11:43:11',0,1021,'Annual area of restored Coral Reefs','',0,0,0,0,3,1,54,3,12,NULL,NULL,NULL,NULL,0,0,NULL,4,'Annual area of restored Coral Reefs','','',1,NULL,NULL,'',1),('-','2021-01-11 11:43:11','-','2021-01-11 11:43:11',0,1022,'Amount of money allocated for marine research and development ','',0,0,0,0,3,1,85,3,12,NULL,NULL,NULL,NULL,0,0,NULL,4,'Amount of money allocated for marine research and development ','','',1,NULL,NULL,'',1),('-','2021-01-11 11:43:11','-','2021-01-11 11:43:11',0,1023,'Capacity of coal-fired power station*','300',0,0,0,0,3,1,41,2,2,NULL,NULL,NULL,NULL,0,0,NULL,4,'3 units of 300 MW (900 MW)','100','500',1,NULL,NULL,'',1),('-','2021-01-11 11:43:11','-','2021-01-11 11:43:11',0,1024,'Capacity of Hydroelectric stations*','353.6',0,0,0,0,3,1,41,2,2,NULL,NULL,NULL,NULL,0,0,NULL,4,'The total grid connected capacity  of 182 hydro power plants in Sri Lanka by the end 2016','100','1000',1,NULL,NULL,'',1),('-','2021-01-11 11:43:11','-','2021-01-11 11:43:11',0,1025,'Capacity of Mini Hydro plant*','5',0,0,0,0,3,1,41,2,2,NULL,NULL,NULL,NULL,0,0,NULL,4,'Average capacity of mini hydro plants in the country','1','10',1,NULL,NULL,'',1),('-','2021-01-11 11:43:11','-','2021-01-11 11:43:11',0,1026,'Capacity of Oil-fired power station*_Kelanitissa Power Station','115',0,0,0,0,3,1,41,2,2,NULL,NULL,NULL,NULL,0,0,NULL,4,'The capacity of oil powered power station (e.g. Kelanitissa Power Station)','18','163',1,NULL,NULL,'',1),('-','2021-01-11 11:43:11','-','2021-01-11 11:43:11',0,1027,'Capacity of Solar farms*','51.4',0,0,0,0,3,1,41,2,2,NULL,NULL,NULL,NULL,0,0,NULL,4,'The total grid connected capacity  of 8 solar power plants in Sri Lanka by the end 2016','10','100',1,NULL,NULL,'',1),('-','2021-01-11 11:43:11','-','2021-01-11 11:43:11',0,1028,'Capacity of wind farms*','128',0,0,0,0,3,1,41,2,2,NULL,NULL,NULL,NULL,0,0,NULL,4,'The total grid connected capacity  of 15 wind power plants in Sri Lanka by the end 2016','10','200',1,NULL,NULL,'',1),('-','2021-01-11 11:43:11','-','2021-01-11 11:43:11',0,1029,'Diesel Consumption of Chunnakam  Power Station','',0,0,0,0,3,1,47,2,2,NULL,NULL,NULL,NULL,0,0,NULL,4,'Diesel Consumption of Chunnakam  Power Station','','',1,NULL,NULL,'',1),('-','2021-01-11 11:43:11','-','2021-01-11 11:43:11',0,1030,'Diesel Consumption of each Hired Plant','',0,0,0,0,3,1,47,2,2,NULL,NULL,NULL,NULL,0,0,NULL,4,'Diesel Consumption of each Hired Plant','','',1,NULL,NULL,'',1),('-','2021-01-11 11:43:11','-','2021-01-11 11:43:11',0,1031,'Diesel Consumption of each IPP Power Station*','150900000',0,0,0,0,3,1,47,2,2,NULL,NULL,NULL,NULL,0,0,NULL,4,'Gross diesel use of IPP power stations (Diesel engine and combined cycle)','0','1000000000',1,NULL,NULL,'',1),('-','2021-01-11 11:43:11','-','2021-01-11 11:43:11',0,1032,'Diesel Consumption of Mobile Diesel Generators','260',0,0,0,0,3,1,47,2,2,NULL,NULL,NULL,NULL,0,0,NULL,4,'Diesel Consumption of Mobile Diesel Generators','','500',1,NULL,NULL,'',1),('-','2021-01-11 11:43:11','-','2021-01-11 11:43:11',0,1033,'Electricity import by each power plant under CEB purview','',0,0,0,0,3,1,40,2,2,NULL,NULL,NULL,NULL,0,0,NULL,4,'Electricity import by each power plant under CEB purview','','',1,NULL,NULL,'',1),('-','2021-01-11 11:43:11','-','2021-01-11 11:43:11',0,1034,'Electricity import by each Rooftop solar Plant under LECO purview','',0,0,0,0,3,1,40,2,2,NULL,NULL,NULL,NULL,0,0,NULL,4,'Electricity import by each Rooftop solar Plant under LECO purview','','',1,NULL,NULL,'',1),('-','2021-01-11 11:43:11','-','2021-01-11 11:43:11',0,1035,'Electricity import of each Rooftop solar  Plant under CEB purview','',0,0,0,0,3,1,40,2,2,NULL,NULL,NULL,NULL,0,0,NULL,4,'Electricity import of each Rooftop solar  Plant under CEB purview','','',1,NULL,NULL,'',1),('-','2021-01-11 11:43:11','-','2021-01-11 11:43:11',0,1036,'Electricity export by each Power Plant','',0,0,0,0,3,1,40,2,2,NULL,NULL,NULL,NULL,0,0,NULL,4,'Electricity export by each Power Plant','','',1,NULL,NULL,'',1),('-','2021-01-11 11:43:11','-','2021-01-11 11:43:11',0,1037,'Electricity generation by each power plant*','Expanded',0,0,0,0,3,1,40,2,2,NULL,NULL,NULL,NULL,0,0,NULL,4,'Electricity generation by each power plant*','Expanded','',1,NULL,NULL,'',1),('-','2021-01-11 11:43:11','-','2021-01-11 11:43:11',0,1038,'Electricity generation from Laxapana Complex','1234.8',0,0,0,0,3,1,40,2,2,NULL,NULL,NULL,NULL,0,0,NULL,4,'Electricity generation from Laxapana Complex','0','10000',1,NULL,NULL,'',1),('-','2021-01-11 11:43:11','-','2021-01-11 11:43:11',0,1039,'Electricity generation from Mahaweli Complex','1344.4',0,0,0,0,3,1,40,2,2,NULL,NULL,NULL,NULL,0,0,NULL,4,'Electricity generation from Mahaweli Complex','0','10000',1,NULL,NULL,'',1),('-','2021-01-11 11:43:11','-','2021-01-11 11:43:11',0,1040,'Electricity generation from Other Hydro Complex','496',0,0,0,0,3,1,40,2,2,NULL,NULL,NULL,NULL,0,0,NULL,4,'Electricity generation from Other Hydro Complex','0','10000',1,NULL,NULL,'',1),('-','2021-01-11 11:43:11','-','2021-01-11 11:43:11',0,1041,'Electricity generation from Kelanitissa Power Station (GT St 2) - Auto Diesel','347.9',0,0,0,0,3,1,40,2,2,NULL,NULL,NULL,NULL,0,0,NULL,4,'Electricity generation from Kelanitissa Power Station (GT St 2) - Auto Diesel','0','10000',1,NULL,NULL,'',1),('-','2021-01-11 11:43:11','-','2021-01-11 11:43:11',0,1042,'Electricity generation from Kelanitissa Power Station (GT St 3) - Auto Diesel','53.1',0,0,0,0,3,1,40,2,2,NULL,NULL,NULL,NULL,0,0,NULL,4,'Electricity generation from Kelanitissa Power Station (GT St 3) - Auto Diesel','0','100',1,NULL,NULL,'',1),('-','2021-01-11 11:43:11','-','2021-01-11 11:43:11',0,1043,'Electricity generation from Sapugaskanda Power Station - Auto Diesel','13.9',0,0,0,0,3,1,40,2,2,NULL,NULL,NULL,NULL,0,0,NULL,4,'Electricity generation from Sapugaskanda Power Station - Auto Diesel','0','100',1,NULL,NULL,'',1),('-','2021-01-11 11:43:11','-','2021-01-11 11:43:11',0,1044,'Electricity generation from Sapugaskanda Power Station - HSFO','308.7',0,0,0,0,3,1,40,2,2,NULL,NULL,NULL,NULL,0,0,NULL,4,'Electricity generation from Sapugaskanda Power Station - HSFO','0','1000',1,NULL,NULL,'',1),('-','2021-01-11 11:43:11','-','2021-01-11 11:43:11',0,1045,'Electricity generation from Sapugaskanda Power Station Extension - Auto Diesel','365.3',0,0,0,0,3,1,40,2,2,NULL,NULL,NULL,NULL,0,0,NULL,4,'Electricity generation from Sapugaskanda Power Station Extension - Auto Diesel','0','1000',1,NULL,NULL,'',1),('-','2021-01-11 11:43:11','-','2021-01-11 11:43:11',0,1046,'Electricity generation from Kelanitissa Power Station - Auto Diesel','267.4',0,0,0,0,3,1,40,2,2,NULL,NULL,NULL,NULL,0,0,NULL,4,'Electricity generation from Kelanitissa Power Station - Auto Diesel','0','1000',1,NULL,NULL,'',1),('-','2021-01-11 11:43:11','-','2021-01-11 11:43:11',0,1047,'Electricity generation from Kelanitissa Power Station - Naphtha','702.1',0,0,0,0,3,1,40,2,2,NULL,NULL,NULL,NULL,0,0,NULL,4,'Electricity generation from Kelanitissa Power Station - Naphtha','0','1000',1,NULL,NULL,'',1),('-','2021-01-11 11:43:11','-','2021-01-11 11:43:11',0,1048,'Electricity generation from Uthuru Janani - HSFO 180 cst (FO 1500)','95.5',0,0,0,0,3,1,40,2,2,NULL,NULL,NULL,NULL,0,0,NULL,4,'Electricity generation from Uthuru Janani - HSFO 180 cst (FO 1500)','0','100',1,NULL,NULL,'',1),('-','2021-01-11 11:43:11','-','2021-01-11 11:43:11',0,1049,'Electricity generation from Barge Mounted Power Plant - HSFO 180 cst (FO 1500)','438.3',0,0,0,0,3,1,40,2,2,NULL,NULL,NULL,NULL,0,0,NULL,4,'Electricity generation from Barge Mounted Power Plant - HSFO 180 cst (FO 1500)','0','1000',1,NULL,NULL,'',1),('-','2021-01-11 11:43:11','-','2021-01-11 11:43:11',0,1050,'Electricity generation from Puttalam Coal Power Station - Auto Diesel ','5112',0,0,0,0,3,1,40,2,2,NULL,NULL,NULL,NULL,0,0,NULL,4,'Electricity generation from Puttalam Coal Power Station - Auto Diesel ','0','10000',1,NULL,NULL,'',1),('-','2021-01-11 11:43:11','-','2021-01-11 11:43:11',0,1051,'Electricity generation from Asia Power','119.4',0,0,0,0,3,1,40,2,2,NULL,NULL,NULL,NULL,0,0,NULL,4,'Electricity generation from Asia Power','0','1000',1,NULL,NULL,'',1),('-','2021-01-11 11:43:11','-','2021-01-11 11:43:11',0,1052,'Electricity generation from Ace Power Matara','62.3',0,0,0,0,3,1,40,2,2,NULL,NULL,NULL,NULL,0,0,NULL,4,'Electricity generation from Ace Power Matara','0','100',1,NULL,NULL,'',1),('-','2021-01-11 11:43:11','-','2021-01-11 11:43:11',0,1053,'Electricity generation from AES - Kelanitissa ','472',0,0,0,0,3,1,40,2,2,NULL,NULL,NULL,NULL,0,0,NULL,4,'Electricity generation from AES - Kelanitissa ','0','1000',1,NULL,NULL,'',1),('-','2021-01-11 11:43:11','-','2021-01-11 11:43:11',0,1054,'Electricity generation from Ace Power Embilipitiya','167',0,0,0,0,3,1,40,2,2,NULL,NULL,NULL,NULL,0,0,NULL,4,'Electricity generation from Ace Power Embilipitiya','0','1000',1,NULL,NULL,'',1),('-','2021-01-11 11:43:11','-','2021-01-11 11:43:11',0,1055,'Electricity generation from Yugadhanavi-Kerawalapitiya','1220.9',0,0,0,0,3,1,40,2,2,NULL,NULL,NULL,NULL,0,0,NULL,4,'Electricity generation from Yugadhanavi-Kerawalapitiya','0','10000',1,NULL,NULL,'',1),('-','2021-01-11 11:43:11','-','2021-01-11 11:43:11',0,1056,'Electricity Mix forecast ','',0,0,0,0,3,1,40,2,2,NULL,NULL,NULL,NULL,0,0,NULL,4,'Electricity Mix forecast ','0','',1,NULL,NULL,'',1),('-','2021-01-11 11:43:11','-','2021-01-11 11:43:11',0,1057,'Energy conservation achieved through each project*','',0,0,0,0,3,1,40,2,2,NULL,NULL,NULL,NULL,0,0,NULL,4,'Energy conservation achieved through each project*','0','',1,NULL,NULL,'',1),('-','2021-01-11 11:43:11','-','2021-01-11 11:43:11',0,1058,'Quantity of electricity consumed by each power plant to meet the internal consumption','',0,0,0,0,3,1,40,2,2,NULL,NULL,NULL,NULL,0,0,NULL,4,'Quantity of electricity consumed by each power plant to meet the internal consumption','0','',1,NULL,NULL,'',1),('-','2021-01-11 11:43:11','-','2021-01-11 11:43:11',0,1059,'Total Electricity Generation by SPPs (All ORE)','1579',0,0,0,0,3,1,40,2,2,NULL,NULL,NULL,NULL,0,0,NULL,4,'All ORE (Mini Hydro, Wind, Solar, Dendro, Biomass) for CEB and IPP','0','1000',1,NULL,NULL,'',1),('-','2021-01-11 11:43:11','-','2021-01-11 11:43:11',0,1060,'Total electricity generation in Sri Lanka','15922',0,0,0,0,3,1,40,2,2,NULL,NULL,NULL,NULL,0,0,NULL,4,'Total electricity generation in Sri Lanka','0','100000',1,NULL,NULL,'',1),('-','2021-01-11 11:43:11','-','2021-01-11 11:43:11',0,1061,'Total Energy Loss in the Electricity Network',' 533.1',0,0,0,0,3,1,40,2,2,NULL,NULL,NULL,NULL,0,0,NULL,4,'Total Energy Loss in the Electricity Network','0','1000',1,NULL,NULL,'',1),('-','2021-01-11 11:43:11','-','2021-01-11 11:43:11',0,1062,'Total Generation - All Hydro','4794',0,0,0,0,3,1,40,2,2,NULL,NULL,NULL,NULL,0,0,NULL,4,'Total Generation - All Hydro','0','10000',1,NULL,NULL,'',1),('-','2021-01-11 11:43:11','-','2021-01-11 11:43:11',0,1063,'Total Generation - CEB (GWh)','11286',0,0,0,0,3,1,40,2,2,NULL,NULL,NULL,NULL,0,0,NULL,4,'Total Generation - CEB (GWh)','0','10000',1,NULL,NULL,'',1),('-','2021-01-11 11:43:11','-','2021-01-11 11:43:11',0,1064,'Total Generation - CEB Large Hydro (GWh)','3784',0,0,0,0,3,1,40,2,2,NULL,NULL,NULL,NULL,0,0,NULL,4,'Total Generation - IPP (GWh)','0','10000',1,NULL,NULL,'',1),('-','2021-01-11 11:43:11','-','2021-01-11 11:43:11',0,1065,'Total Generation - IPP (GWh)','4636',0,0,0,0,3,1,40,2,2,NULL,NULL,NULL,NULL,0,0,NULL,4,'Total Generation - IPP (GWh)','0','10000',1,NULL,NULL,'',1),('-','2021-01-11 11:43:11','-','2021-01-11 11:43:11',0,1066,'Total Generation - IPP ORE (Mini Hydro) -IPP (GWh)','1011',0,0,0,0,3,1,40,2,2,NULL,NULL,NULL,NULL,0,0,NULL,4,'Total Generation - IPP ORE (Mini Hydro) -IPP (GWh)','0','10000',1,NULL,NULL,'',1),('-','2021-01-11 11:43:11','-','2021-01-11 11:43:11',0,1067,'Total Generation - IPP ORE (Other) - IPP (GWh)','568',0,0,0,0,3,1,40,2,2,NULL,NULL,NULL,NULL,0,0,NULL,4,'Total Generation - IPP ORE (Other) - IPP (GWh)','0','1000',1,NULL,NULL,'',1),('-','2021-01-11 11:43:11','-','2021-01-11 11:43:11',0,1068,'Total Generation - IPP ORE (Rooftop Solar) -IPP (GWh)','182',0,0,0,0,3,1,40,2,2,NULL,NULL,NULL,NULL,0,0,NULL,4,'Total Generation - IPP ORE (Rooftop Solar) -IPP (GWh)','0','1000',1,NULL,NULL,'',1),('-','2021-01-11 11:43:11','-','2021-01-11 11:43:11',0,1069,'Total Generation - IPP ORE (Solar,Dendro,Biomass) -IPP (GWh)','220',0,0,0,0,3,1,40,2,2,NULL,NULL,NULL,NULL,0,0,NULL,4,'Total Generation - IPP ORE (Solar,Dendro,Biomass) -IPP (GWh)','0','1000',1,NULL,NULL,'',1),('-','2021-01-11 11:43:11','-','2021-01-11 11:43:11',0,1070,'Total Generation - ORE (Solar)','',0,0,0,0,3,1,40,2,2,NULL,NULL,NULL,NULL,0,0,NULL,4,'Total Generation - ORE (Solar)','0','',1,NULL,NULL,'',1),('-','2021-01-11 11:43:11','-','2021-01-11 11:43:11',0,1071,'Total Generation - IPP Thermal -IPP (GWh)','2875',0,0,0,0,3,1,40,2,2,NULL,NULL,NULL,NULL,0,0,NULL,4,'Total Generation - IPP Thermal -IPP (GWh)','0','10000',1,NULL,NULL,'',1),('-','2021-01-11 11:43:11','-','2021-01-11 11:43:11',0,1072,'Total Generation - Major Hydro','3784',0,0,0,0,3,1,40,2,2,NULL,NULL,NULL,NULL,0,0,NULL,4,'Total Generation - Major Hydro','0','10000',1,NULL,NULL,'',1),('-','2021-01-11 11:43:11','-','2021-01-11 11:43:11',0,1073,'Total Generation - Mini Hydro','1011',0,0,0,0,3,1,40,2,2,NULL,NULL,NULL,NULL,0,0,NULL,4,'Total Generation - Mini Hydro','0','10000',1,NULL,NULL,'',1),('-','2021-01-11 11:43:11','-','2021-01-11 11:43:11',0,1074,'Total Generation - Thermal (Coal)','5361',0,0,0,0,3,1,40,2,2,NULL,NULL,NULL,NULL,0,0,NULL,4,'Total Generation - Thermal (Coal)','0','10000',1,NULL,NULL,'',1),('-','2021-01-11 11:43:11','-','2021-01-11 11:43:11',0,1075,'Total Generation - Thermal (oil)','5016',0,0,0,0,3,1,40,2,2,NULL,NULL,NULL,NULL,0,0,NULL,4,'Total Generation - Thermal (oil)','0','10000',1,NULL,NULL,'',1),('-','2021-01-11 11:43:11','-','2021-01-11 11:43:11',0,1076,'Total Generation -  CEB Thermal (Coal) (GWh)','5361',0,0,0,0,3,1,40,2,2,NULL,NULL,NULL,NULL,0,0,NULL,4,'Total Generation -  CEB Thermal (Coal) (GWh)','0','10000',1,NULL,NULL,'',1),('-','2021-01-11 11:43:11','-','2021-01-11 11:43:11',0,1077,'Total Generation -  CEB Thermal (oil) (GWh)','2137',0,0,0,0,3,1,40,2,2,NULL,NULL,NULL,NULL,0,0,NULL,4,'Total Generation -  CEB Thermal (oil) (GWh)','0','10000',1,NULL,NULL,'',1),('-','2021-01-11 11:43:11','-','2021-01-11 11:43:11',0,1078,'Total own use of electricity by power plants','646.1',0,0,0,0,3,1,40,2,2,NULL,NULL,NULL,NULL,0,0,NULL,4,'Total own use of electricity by power plants','0','1000',1,NULL,NULL,'',1),('-','2021-01-11 11:43:11','-','2021-01-11 11:43:11',0,1079,'Total Generation -  CEB ORE (Wind) (GWh)','1.3',0,0,0,0,3,1,40,2,2,NULL,NULL,NULL,NULL,0,0,NULL,4,'Total Generation -  CEB ORE (Wind) (GWh)','0','10',1,NULL,NULL,'',1),('-','2021-01-11 11:43:11','-','2021-01-11 11:43:11',0,1080,'Total Generation - ORE (Wind)','348',0,0,0,0,3,1,40,2,2,NULL,NULL,NULL,NULL,0,0,NULL,4,'Total Generation - ORE (Wind)','0','1000',1,NULL,NULL,'',1),('-','2021-01-11 11:43:11','-','2021-01-11 11:43:11',0,1081,'Total Generation - ORE (Other)','568',0,0,0,0,3,1,40,2,2,NULL,NULL,NULL,NULL,0,0,NULL,4,'Total Generation - ORE (Other)','0','1000',1,NULL,NULL,'',1),('-','2021-01-11 11:43:11','-','2021-01-11 11:43:11',0,1082,'Total Generation - IPP ORE (Wind) -IPP (GWh)','348',0,0,0,0,3,1,40,2,2,NULL,NULL,NULL,NULL,0,0,NULL,4,'Total Generation - IPP ORE (Wind) -IPP (GWh)','0','1000',1,NULL,NULL,'',1),('-','2021-01-11 11:43:11','-','2021-01-11 11:43:11',0,1083,'Total Electricity Transmission & Distribution Loss','8.23',0,0,0,0,3,1,52,2,2,NULL,NULL,NULL,NULL,0,0,NULL,4,'Total Electricity Transmission & Distribution Loss','0','100',1,NULL,NULL,'',1),('-','2021-01-11 11:43:11','-','2021-01-11 11:43:11',0,1084,'Thermal efficiency of Lakvijaya Power Plant (Coal)','36.1',0,0,0,0,3,1,52,2,2,NULL,NULL,NULL,NULL,0,0,NULL,4,'Thermal efficiency of Lakvijaya Power Plant (Coal)','0','100',1,NULL,NULL,'',1),('-','2021-01-11 11:43:11','-','2021-01-11 11:43:11',0,1085,'Thermal efficiency of Lakvijaya Power Plant (Lanka Auto Diesel)','24.8',0,0,0,0,3,1,52,2,2,NULL,NULL,NULL,NULL,0,0,NULL,4,'Thermal efficiency of Lakvijaya Power Plant (Lanka Auto Diesel)','0','100',1,NULL,NULL,'',1),('-','2021-01-11 11:43:11','-','2021-01-11 11:43:11',0,1086,'Thermal efficiency of Barge (Heavy Fuel)','41',0,0,0,0,3,1,52,2,2,NULL,NULL,NULL,NULL,0,0,NULL,4,'Thermal efficiency of Barge (Heavy Fuel)','0','100',1,NULL,NULL,'',1),('-','2021-01-11 11:43:11','-','2021-01-11 11:43:11',0,1087,'Thermal efficiency of Uthuru Janani (Heavy Fuel)','41.2',0,0,0,0,3,1,52,2,2,NULL,NULL,NULL,NULL,0,0,NULL,4,'Thermal efficiency of Uthuru Janani (Heavy Fuel)','0','100',1,NULL,NULL,'',1),('-','2021-01-11 11:43:11','-','2021-01-11 11:43:11',0,1088,'Thermal efficiency of Kelanitissa Power Station Combined Cycle(Napatha)','46.4',0,0,0,0,3,1,52,2,2,NULL,NULL,NULL,NULL,0,0,NULL,4,'Thermal efficiency of Kelanitissa Power Station Combined Cycle(Napatha)','0','100',1,NULL,NULL,'',1),('-','2021-01-11 11:43:11','-','2021-01-11 11:43:11',0,1089,'Thermal efficiency of Kelanitissa Power Station Combined Cycle(Lanka Auto Diesel)','41.4',0,0,0,0,3,1,52,2,2,NULL,NULL,NULL,NULL,0,0,NULL,4,'Thermal efficiency of Kelanitissa Power Station Combined Cycle(Lanka Auto Diesel)','0','100',1,NULL,NULL,'',1),('-','2021-01-11 11:43:11','-','2021-01-11 11:43:11',0,1090,'Thermal efficiency of Kelanitissa Power Station Small Gas Turbine (Lanka Auto Diesel)','20.2',0,0,0,0,3,1,52,2,2,NULL,NULL,NULL,NULL,0,0,NULL,4,'Thermal efficiency of Kelanitissa Power Station Small Gas Turbine (Lanka Auto Diesel)','0','100',1,NULL,NULL,'',1),('-','2021-01-11 11:43:11','-','2021-01-11 11:43:11',0,1091,'Thermal efficiency of Kelanitissa Power Station Gas Turbine 7 (Lanka Auto Diesel)','26.3',0,0,0,0,3,1,52,2,2,NULL,NULL,NULL,NULL,0,0,NULL,4,'Thermal efficiency of Kelanitissa Power Station Gas Turbine 7 (Lanka Auto Diesel)','0','100',1,NULL,NULL,'',1),('-','2021-01-11 11:43:11','-','2021-01-11 11:43:11',0,1092,'Thermal efficiency of Sapugaskanda Power A (Lanka Auto Diesel)','28.5',0,0,0,0,3,1,52,2,2,NULL,NULL,NULL,NULL,0,0,NULL,4,'Thermal efficiency of Sapugaskanda Power A (Lanka Auto Diesel)','0','100',1,NULL,NULL,'',1),('-','2021-01-11 11:43:11','-','2021-01-11 11:43:11',0,1093,'Thermal efficiency of Sapugaskanda Power A (Heavy Fuel)','40.2',0,0,0,0,3,1,52,2,2,NULL,NULL,NULL,NULL,0,0,NULL,4,'Thermal efficiency of Sapugaskanda Power A (Heavy Fuel)','0','100',1,NULL,NULL,'',1),('-','2021-01-11 11:43:11','-','2021-01-11 11:43:11',0,1094,'Thermal efficiency of Sapugaskanda Power B (Lanka Auto Diesel)','35.9',0,0,0,0,3,1,52,2,2,NULL,NULL,NULL,NULL,0,0,NULL,4,'Thermal efficiency of Sapugaskanda Power B (Lanka Auto Diesel)','0','100',1,NULL,NULL,'',1),('-','2021-01-11 11:43:11','-','2021-01-11 11:43:11',0,1095,'Thermal efficiency of Sapugaskanda Power B (Heavy Fuel)','42.7',0,0,0,0,3,1,52,2,2,NULL,NULL,NULL,NULL,0,0,NULL,4,'Thermal efficiency of Sapugaskanda Power B (Heavy Fuel)','0','100',1,NULL,NULL,'',1),('-','2021-01-11 11:43:11','-','2021-01-11 11:43:11',0,1096,'Thermal efficiency of each fossil fuel power plant','Expanded ',0,0,0,0,3,1,52,2,2,NULL,NULL,NULL,NULL,0,0,NULL,4,'Thermal efficiency of each fossil fuel power plant','0','Expanded ',1,NULL,NULL,'',1),('-','2021-01-11 11:43:11','-','2021-01-11 11:43:11',0,1097,'Overall efficiency of each power plant','',0,0,0,0,3,1,52,2,2,NULL,NULL,NULL,NULL,0,0,NULL,4,'Overall efficiency of each power plant','','',1,NULL,NULL,'',1),('-','2021-01-11 11:43:11','-','2021-01-11 11:43:11',0,1098,'Quantity of Coal used in manufacturing industries','70.1',0,0,0,0,3,1,71,2,2,NULL,NULL,NULL,NULL,0,0,NULL,4,'For Total Energy Use','0','100',1,NULL,NULL,'',1),('-','2021-01-11 11:43:11','-','2021-01-11 11:43:11',0,1099,'Quantity of Diesel used in manufacturing industries','17.1',0,0,0,0,3,1,71,2,2,NULL,NULL,NULL,NULL,0,0,NULL,4,'For Total Energy Use','0','100',1,NULL,NULL,'',1),('-','2021-01-11 11:43:11','-','2021-01-11 11:43:11',0,1100,'Quantity of Coal used for electricity generation','2086.5',0,0,0,0,3,1,71,2,2,NULL,NULL,NULL,NULL,0,0,NULL,4,'For Energy Conversion','0','1000',1,NULL,NULL,'',1),('-','2021-01-11 11:43:11','-','2021-01-11 11:43:11',0,1101,'Quantity of Diesel used for electricity generation','407.8',0,0,0,0,3,1,71,2,2,NULL,NULL,NULL,NULL,0,0,NULL,4,'For Energy Conversion','0','1000',1,NULL,NULL,'',1),('-','2021-01-11 11:43:11','-','2021-01-11 11:43:11',0,1102,'Quantity of Heavy Fuel Oil used in manufacturing industries','75.2',0,0,0,0,3,1,71,2,2,NULL,NULL,NULL,NULL,0,0,NULL,4,'For Total Energy Use','0','100',1,NULL,NULL,'',1),('-','2021-01-11 11:43:11','-','2021-01-11 11:43:11',0,1103,'Quantity of LPG used in manufacturing industries','72.5',0,0,0,0,3,1,71,2,2,NULL,NULL,NULL,NULL,0,0,NULL,4,'For Total Energy Use','0','100',1,NULL,NULL,'',1),('-','2021-01-11 11:43:11','-','2021-01-11 11:43:11',0,1104,'Quantity of Heavy Fuel Oil used for electricity generation','494.4',0,0,0,0,3,1,71,2,2,NULL,NULL,NULL,NULL,0,0,NULL,4,'For Energy Conversion','0','1000',1,NULL,NULL,'',1),('-','2021-01-11 11:43:11','-','2021-01-11 11:43:11',0,1105,'Quantity of Naphtha used for electricity generation','203.6',0,0,0,0,3,1,71,2,2,NULL,NULL,NULL,NULL,0,0,NULL,4,'For Energy Conversion','0','1000',1,NULL,NULL,'',1),('-','2021-01-11 11:43:11','-','2021-01-11 11:43:11',0,1106,'Quantity of renewable biomass used in manufacturing industries','4724.5',0,0,0,0,3,1,71,2,2,NULL,NULL,NULL,NULL,0,0,NULL,4,'For Total Energy Use','0','10000',1,NULL,NULL,'',1),('-','2021-01-11 11:43:11','-','2021-01-11 11:43:11',0,1107,'Quantity of natural gas used for electricity generation','',0,0,0,0,3,1,71,2,2,NULL,NULL,NULL,NULL,0,0,NULL,4,'For Energy Conversion','','',1,NULL,NULL,'',1),('-','2021-01-11 11:43:11','-','2021-01-11 11:43:11',0,1108,'Quantity of MSW used for electricity generation','',0,0,0,0,3,1,71,2,2,NULL,NULL,NULL,NULL,0,0,NULL,4,'For Energy Conversion','','',1,NULL,NULL,'',1),('-','2021-01-11 11:43:11','-','2021-01-11 11:43:11',0,1109,'Quantity of non- renewable biomass used for electricity generation','',0,0,0,0,3,1,71,2,2,NULL,NULL,NULL,NULL,0,0,NULL,4,'For Energy Conversion','','',1,NULL,NULL,'',1),('-','2021-01-11 11:43:11','-','2021-01-11 11:43:11',0,1110,'Quantity of natural gas used for other sectors','',0,0,0,0,3,1,71,2,2,NULL,NULL,NULL,NULL,0,0,NULL,4,'For Total Energy Use','','',1,NULL,NULL,'',1),('-','2021-01-11 11:43:11','-','2021-01-11 11:43:11',0,1111,'Fuel Consumption in Households, Commercial and Other (LPG)','0.1',0,0,0,0,3,1,71,2,2,NULL,NULL,NULL,NULL,0,0,NULL,4,'Fuel Consumption in Households, Commercial and Other (LPG)','0','10',1,NULL,NULL,'',1),('-','2021-01-11 11:43:11','-','2021-01-11 11:43:11',0,1112,'Fuel Consumption in Households, Commercial and Other (Kerosene)','155.1',0,0,0,0,3,1,71,2,2,NULL,NULL,NULL,NULL,0,0,NULL,4,'Fuel Consumption in Households, Commercial and Other (Kerosene)','0','1000',1,NULL,NULL,'',1),('-','2021-01-11 11:43:11','-','2021-01-11 11:43:11',0,1113,'Fuel Consumption in Households, Commercial and Other (Firewood)','7085.7',0,0,0,0,3,1,71,2,2,NULL,NULL,NULL,NULL,0,0,NULL,4,'Fuel Consumption in Households, Commercial and Other (Firewood)','0','10000',1,NULL,NULL,'',1),('-','2021-01-11 11:43:11','-','2021-01-11 11:43:11',0,1114,'Fuel Consumption in other industries (LPG)','72.5',0,0,0,0,3,1,71,2,2,NULL,NULL,NULL,NULL,0,0,NULL,4,'Fuel Consumption in other industries (LPG)','0','100',1,NULL,NULL,'',1),('-','2021-01-11 11:43:11','-','2021-01-11 11:43:11',0,1115,'Fuel Consumption in other industries (Kerosene)','4',0,0,0,0,3,1,71,2,2,NULL,NULL,NULL,NULL,0,0,NULL,4,'Fuel Consumption in other industries (Kerosene)','0','10',1,NULL,NULL,'',1),('-','2021-01-11 11:43:11','-','2021-01-11 11:43:11',0,1116,'Fuel Consumption in other industries (Diesel)','17.1',0,0,0,0,3,1,71,2,2,NULL,NULL,NULL,NULL,0,0,NULL,4,'Fuel Consumption in other industries (Diesel)','0','100',1,NULL,NULL,'',1),('-','2021-01-11 11:43:11','-','2021-01-11 11:43:11',0,1117,'Fuel Consumption in other industries (Fuel Oil (FO 1500) )','75.2',0,0,0,0,3,1,71,2,2,NULL,NULL,NULL,NULL,0,0,NULL,4,'Fuel Consumption in other industries (Fuel Oil (FO 1500) )','0','100',1,NULL,NULL,'',1),('-','2021-01-11 11:43:11','-','2021-01-11 11:43:11',0,1118,'Fuel Consumption in other industries (Coal)','70.1',0,0,0,0,3,1,71,2,2,NULL,NULL,NULL,NULL,0,0,NULL,4,'Fuel Consumption in other industries (Coal)','0','100',1,NULL,NULL,'',1),('-','2021-01-11 11:43:11','-','2021-01-11 11:43:11',0,1119,'Fuel Consumption in other industries (Baggase Agro Residues)','190.3',0,0,0,0,3,1,71,2,2,NULL,NULL,NULL,NULL,0,0,NULL,4,'Fuel Consumption in other industries (Baggase Agro Residues)','0','1000',1,NULL,NULL,'',1),('-','2021-01-11 11:43:11','-','2021-01-11 11:43:11',0,1120,'Fuel Consumption in other industries (Firewood)','4724.5',0,0,0,0,3,1,71,2,2,NULL,NULL,NULL,NULL,0,0,NULL,4,'Fuel Consumption in other industries (Firewood)','0','10000',1,NULL,NULL,'',1),('-','2021-01-11 11:43:11','-','2021-01-11 11:43:11',0,1121,'Fuel Consumption in other industries (stationary)','Expanded',0,0,0,0,3,1,71,2,2,NULL,NULL,NULL,NULL,0,0,NULL,4,'Fuel Consumption in other industries (stationary)','Expanded','Expanded',1,NULL,NULL,'',1),('-','2021-01-11 11:43:11','-','2021-01-11 11:43:11',0,1122,'Net Calorific Value (NCV) of Coal','11.9',0,0,0,0,3,1,65,2,2,NULL,NULL,NULL,NULL,0,0,NULL,4,'Default value is available in the IPCC guidance. However, the value depend on the type and the purpose 1.Cooking Coal, 2. Other Bituminous Coal, 3. Sub-Bituminous Coal,  4. Lignite Definitions are provided in the IPCC guidance','5.5','21.6',1,NULL,NULL,'',1),('-','2021-01-11 11:43:11','-','2021-01-11 11:43:11',0,1123,'Net Calorific Value (NCV) of Diesel','43',0,0,0,0,3,1,65,2,2,NULL,NULL,NULL,NULL,0,0,NULL,4,'Default NVCs and  Lower and Upper Limits of the 95% Confidence Interval in IPCC','41.4','43.3',1,NULL,NULL,'',1),('-','2021-01-11 11:43:11','-','2021-01-11 11:43:11',0,1124,'Net Calorific Value (NCV) of Kerosene','43.8',0,0,0,0,3,1,65,2,2,NULL,NULL,NULL,NULL,0,0,NULL,4,'Default NVCs and  Lower and Upper Limits of the 95% Confidence Interval in IPCC','42.4','45.2',1,NULL,NULL,'',1),('-','2021-01-11 11:43:11','-','2021-01-11 11:43:11',0,1125,'Net Calorific Value (NCV) of LPG','47.3',0,0,0,0,3,1,65,2,2,NULL,NULL,NULL,NULL,0,0,NULL,4,'Default NVCs and  Lower and Upper Limits of the 95% Confidence Interval in IPCC','44.8','52.2',1,NULL,NULL,'',1),('-','2021-01-11 11:43:11','-','2021-01-11 11:43:11',0,1126,'Net Calorific Value (NCV) of MSW','10',0,0,0,0,3,1,65,2,2,NULL,NULL,NULL,NULL,0,0,NULL,4,'Default NVCs and  Lower and Upper Limits of the 95% Confidence Interval in IPCC','7','18',1,NULL,NULL,'',1),('-','2021-01-11 11:43:11','-','2021-01-11 11:43:11',0,1127,'Net Calorific Value (NCV) of Naphtha','44.5',0,0,0,0,3,1,65,2,2,NULL,NULL,NULL,NULL,0,0,NULL,4,'Default NVCs and  Lower and Upper Limits of the 95% Confidence Interval in IPCC','41.8','46.5',1,NULL,NULL,'',1),('-','2021-01-11 11:43:11','-','2021-01-11 11:43:11',0,1128,'Operating Margin Emission Factor of Sri Lankan National Grid (UNFCCC)','0.6993',0,0,0,0,3,1,50,2,2,NULL,NULL,NULL,NULL,0,0,NULL,4,'The Operating Margin (OM) is a concept which includes all power plants which can have reduced outputs due to a project. It specifically excludes low cost, must run power plants, implying that with or without the project, such generation will continue','0','1',1,NULL,NULL,'',1),('-','2021-01-11 11:43:11','-','2021-01-11 11:43:11',0,1129,'Electricity supply by DSD','',0,0,0,0,3,1,40,2,2,NULL,NULL,NULL,NULL,0,0,NULL,4,'Electricity supply by DSD','','',1,NULL,NULL,'',1),('-','2021-01-11 11:43:11','-','2021-01-11 11:43:11',0,1130,'Gas supply by DSD','',0,0,0,0,3,1,40,2,2,NULL,NULL,NULL,NULL,0,0,NULL,4,'Gas supply by DSD','','',1,NULL,NULL,'',1),('-','2021-01-11 11:43:11','-','2021-01-11 11:43:11',0,1131,'Density of Heavy Fuel Oil','900',0,0,0,0,3,1,79,2,2,NULL,NULL,NULL,NULL,0,0,NULL,4,'Density of Heavy Fuel Oil (Density at 15C)','900','1010',1,NULL,NULL,'',1),('-','2021-01-11 11:43:11','-','2021-01-11 11:43:11',0,1132,'Combined Margin Emission Factor of Sri Lankan National Grid  (UNFCCC)','0.8108',0,0,0,0,3,1,50,2,2,NULL,NULL,NULL,NULL,0,0,NULL,4,'The Combined Margin (CM) is a weighted average of OM and BM and is commonly known as the Grid Emission Factor','0','1',1,NULL,NULL,'',1),('-','2021-01-11 11:43:11','-','2021-01-11 11:43:11',0,1133,'Build Margin Emission Factor of Sri Lankan National Grid  (UNFCCC)','0.9224',0,0,0,0,3,1,50,2,2,NULL,NULL,NULL,NULL,0,0,NULL,4,'The Build Margin (BM) is a concept which attempts to foretell the happenings of a generation system in future, during the crediting period of a project, considering the recent additions to a generation system.','0','1',1,NULL,NULL,'',1),('-','2021-01-11 11:43:11','-','2021-01-11 11:43:11',0,1134,'Average grid emission factor of Sri Lanka ','0.5845',0,0,0,0,3,1,50,2,2,NULL,NULL,NULL,NULL,0,0,NULL,4,'This emission factor is calculated by dividing the total emissions from the power sector from the total units of electricity used in the country in a given year. ','0','1',1,NULL,NULL,'',1),('-','2021-01-11 11:43:11','-','2021-01-11 11:43:11',0,1135,'CO2 emissions from Fugitive Emission ','0.01',0,0,0,0,3,1,95,2,2,NULL,NULL,NULL,NULL,0,0,NULL,4,'CO2 emissions from Fugitive Emission ','0','0.1',1,NULL,NULL,'',1),('-','2021-01-11 11:43:11','-','2021-01-11 11:43:11',0,1136,'CO2 emissions from Household, Commercial and Agriculture','1075.5',0,0,0,0,3,1,95,2,2,NULL,NULL,NULL,NULL,0,0,NULL,4,'CO2 emissions from Household, Commercial and Agriculture','0','5000',1,NULL,NULL,'',1),('-','2021-01-11 11:43:11','-','2021-01-11 11:43:11',0,1137,'CO2 emissions from Transport','7101.33',0,0,0,0,3,1,95,2,2,NULL,NULL,NULL,NULL,0,0,NULL,4,'CO2 emissions from Transport','0','10000',1,NULL,NULL,'',1),('-','2021-01-11 11:43:11','-','2021-01-11 11:43:11',0,1138,'CO2 emissions from Manufacturing Industries & Construction','989.01',0,0,0,0,3,1,95,2,2,NULL,NULL,NULL,NULL,0,0,NULL,4,'CO2 emissions from Manufacturing Industries & Construction','0','1000',1,NULL,NULL,'',1),('-','2021-01-11 11:43:11','-','2021-01-11 11:43:11',0,1139,'CO2 emissions from Petroleum Refining','320.63',0,0,0,0,3,1,95,2,2,NULL,NULL,NULL,NULL,0,0,NULL,4,'CO2 emissions from Petroleum Refining','0','1000',1,NULL,NULL,'',1),('-','2021-01-11 11:43:11','-','2021-01-11 11:43:11',0,1140,'CO2 emissions from electricity generation','3323.63',0,0,0,0,3,1,95,2,2,NULL,NULL,NULL,NULL,0,0,NULL,4,'CO2 emissions from electricity generation','0','5000',1,NULL,NULL,'',1),('-','2021-01-11 11:43:11','-','2021-01-11 11:43:11',0,1141,'Fugitive Emissions - Transport and Distribution of fuel','1.49',0,0,0,0,3,1,95,2,2,NULL,NULL,NULL,NULL,0,0,NULL,4,'10','0','1',1,NULL,NULL,'',1),('-','2021-01-11 11:43:11','-','2021-01-11 11:43:11',0,1142,'CH4 Emission Factor of Coal (Stationary combustion) ','1',0,0,0,0,3,1,97,2,2,NULL,NULL,NULL,NULL,0,0,NULL,4,'Default Emission Factors for Stationary Combustion in the Energy Industries in IPCC','0.3','3',1,NULL,NULL,'',1),('-','2021-01-11 11:43:11','-','2021-01-11 11:43:11',0,1143,'CH4 Emission Factor of Diesel (Stationary combustion) ','3',0,0,0,0,3,1,97,2,2,NULL,NULL,NULL,NULL,0,0,NULL,4,'Default Emission Factors for Stationary Combustion in the Energy Industries in IPCC','1','10',1,NULL,NULL,'',1),('-','2021-01-11 11:43:11','-','2021-01-11 11:43:11',0,1144,'CH4 Emission Factor of Heavy Fuel oil (Stationary combustion) ','3',0,0,0,0,3,1,97,2,2,NULL,NULL,NULL,NULL,0,0,NULL,4,'Default Emission Factors for Stationary Combustion in the Energy Industries in IPCC (Residual fuel oil)','1','10',1,NULL,NULL,'',1),('-','2021-01-11 11:43:11','-','2021-01-11 11:43:11',0,1145,'CH4 Emission Factor of Kerosene (Stationary combustion) ','3',0,0,0,0,3,1,97,2,2,NULL,NULL,NULL,NULL,0,0,NULL,4,'Default Emission Factors for Stationary Combustion in the Energy Industries in IPCC','1','10',1,NULL,NULL,'',1),('-','2021-01-11 11:43:11','-','2021-01-11 11:43:11',0,1146,'CH4 Emission Factor of LNG (Stationary combustion) ','3',0,0,0,0,3,1,97,2,2,NULL,NULL,NULL,NULL,0,0,NULL,4,'Default Emission Factors for Stationary Combustion in the Energy Industries in IPCC','1','10',1,NULL,NULL,'',1),('-','2021-01-11 11:43:11','-','2021-01-11 11:43:11',0,1147,'CH4 Emission Factor of LPG (Stationary combustion) ','1',0,0,0,0,3,1,97,2,2,NULL,NULL,NULL,NULL,0,0,NULL,4,'Default Emission Factors for Stationary Combustion in the Energy Industries in IPCC','0.3','3',1,NULL,NULL,'',1),('-','2021-01-11 11:43:11','-','2021-01-11 11:43:11',0,1148,'CH4 Emission Factor of MSW (Stationary combustion) ','30',0,0,0,0,3,1,97,2,2,NULL,NULL,NULL,NULL,0,0,NULL,4,'Default Emission Factors for Stationary Combustion in the Energy Industries in IPCC','10','100',1,NULL,NULL,'',1),('-','2021-01-11 11:43:11','-','2021-01-11 11:43:11',0,1149,'CH4 Emission Factor of Naphtha (Stationary combustion) ','3',0,0,0,0,3,1,97,2,2,NULL,NULL,NULL,NULL,0,0,NULL,4,'Default Emission Factors for Stationary Combustion in the Energy Industries in IPCC','1','10',1,NULL,NULL,'',1),('-','2021-01-11 11:43:11','-','2021-01-11 11:43:11',0,1150,'CO2 Emission Factor of Coal (Stationary combustion)_Lignite','101 000',0,0,0,0,3,1,97,2,2,NULL,NULL,NULL,NULL,0,0,NULL,4,'Default Emission Factors for Stationary Combustion in the Energy Industries in IPCC','90 900','115 000',1,NULL,NULL,'',1),('-','2021-01-11 11:43:11','-','2021-01-11 11:43:11',0,1151,'CO2 Emission Factor of Diesel (Stationary combustion) ','74 100 ',0,0,0,0,3,1,97,2,2,NULL,NULL,NULL,NULL,0,0,NULL,4,'Default Emission Factors for Stationary Combustion in the Energy Industries in IPCC','72 600','74 800 ',1,NULL,NULL,'',1),('-','2021-01-11 11:43:11','-','2021-01-11 11:43:11',0,1152,'CO2 Emission Factor of Heavy Fuel oil (Stationary combustion) ','77 400 ',0,0,0,0,3,1,97,2,2,NULL,NULL,NULL,NULL,0,0,NULL,4,'Default Emission Factors for Stationary Combustion in the Energy Industries in IPCC (Residual fuel oil)','75 500 ','78 800 ',1,NULL,NULL,'',1),('-','2021-01-11 11:43:11','-','2021-01-11 11:43:11',0,1153,'CO2 Emission Factor of Kerosene (Stationary combustion) ','71 900 ',0,0,0,0,3,1,97,2,2,NULL,NULL,NULL,NULL,0,0,NULL,4,'Default Emission Factors for Stationary Combustion in the Energy Industries in IPCC','70 800','73 700 ',1,NULL,NULL,'',1),('-','2021-01-11 11:43:11','-','2021-01-11 11:43:11',0,1154,'CO2 Emission Factor of LNG (Stationary combustion) ','64 200 ',0,0,0,0,3,1,97,2,2,NULL,NULL,NULL,NULL,0,0,NULL,4,'Default Emission Factors for Stationary Combustion in the Energy Industries in IPCC','58 300 ','70 400',1,NULL,NULL,'',1),('-','2021-01-11 11:43:11','-','2021-01-11 11:43:11',0,1155,'CO2 Emission Factor of LPG (Stationary combustion) ','63 100 ',0,0,0,0,3,1,97,2,2,NULL,NULL,NULL,NULL,0,0,NULL,4,'Default Emission Factors for Stationary Combustion in the Energy Industries in IPCC','61 600 ','65 600',1,NULL,NULL,'',1),('-','2021-01-11 11:43:11','-','2021-01-11 11:43:11',0,1156,'CO2 Emission Factor of MSW (Stationary combustion) _Non biomass fraction','91 700',0,0,0,0,3,1,97,2,2,NULL,NULL,NULL,NULL,0,0,NULL,4,'Default Emission Factors for Stationary Combustion in the Energy Industries in IPCC','73 300 ','121 000 ',1,NULL,NULL,'',1),('-','2021-01-11 11:43:11','-','2021-01-11 11:43:11',0,1157,'CO2 Emission Factor of Naphtha (Stationary combustion) ','73 300 ',0,0,0,0,3,1,97,2,2,NULL,NULL,NULL,NULL,0,0,NULL,4,'Default Emission Factors for Stationary Combustion in the Energy Industries in IPCC','69 300 ','76 300 ',1,NULL,NULL,'',1),('-','2021-01-11 11:43:11','-','2021-01-11 11:43:11',0,1158,'Density of Naphtha','685',0,0,0,0,3,1,79,2,2,NULL,NULL,NULL,NULL,0,0,NULL,4,'Density at 15C','650','720',1,NULL,NULL,'',1),('-','2021-01-11 11:43:11','-','2021-01-11 11:43:11',0,1159,'Fuel rate of Kelanitissa Power Station (Combined Cycle Plant) (Lanka Auto Diesel)','0.23',0,0,0,0,3,1,98,2,2,NULL,NULL,NULL,NULL,0,0,NULL,4,'Fuel rate of Kelanitissa Power Station (Combined Cycle Plant) (Lanka Auto Diesel)','0','1',1,NULL,NULL,'',1),('-','2021-01-11 11:43:11','-','2021-01-11 11:43:11',0,1160,'Fuel rate of Kelanitissa Power Station (GT 7) (Lanka Auto Diesel)','0.35',0,0,0,0,3,1,98,2,2,NULL,NULL,NULL,NULL,0,0,NULL,4,'Fuel rate of Kelanitissa Power Station (GT 7) (Lanka Auto Diesel)','0','1',1,NULL,NULL,'',1),('-','2021-01-11 11:43:11','-','2021-01-11 11:43:11',0,1161,'Fuel rate of Kelanitissa Power Station (small GT) (Lanka Auto Diesel)','0.45',0,0,0,0,3,1,98,2,2,NULL,NULL,NULL,NULL,0,0,NULL,4,'Fuel rate of Kelanitissa Power Station (small GT) (Lanka Auto Diesel)','0','1',1,NULL,NULL,'',1),('-','2021-01-11 11:43:11','-','2021-01-11 11:43:11',0,1162,'Fuel rate of Sapugaskanda Power Station A (Lanka Auto Diesel)','0.31',0,0,0,0,3,1,98,2,2,NULL,NULL,NULL,NULL,0,0,NULL,4,'Fuel rate of Sapugaskanda Power Station A (Lanka Auto Diesel)','0','1',1,NULL,NULL,'',1),('-','2021-01-11 11:43:11','-','2021-01-11 11:43:11',0,1163,'Fuel rate of Sapugaskanda Power Station B (Lanka Auto Diesel)','0.26',0,0,0,0,3,1,98,2,2,NULL,NULL,NULL,NULL,0,0,NULL,4,'Fuel rate of Sapugaskanda Power Station B (Lanka Auto Diesel)','0','1',1,NULL,NULL,'',1),('-','2021-01-11 11:43:11','-','2021-01-11 11:43:11',0,1164,'Fuel rate of Uthuru Janani Power Station (Lanka Auto Diesel)','0.22',0,0,0,0,3,1,98,2,2,NULL,NULL,NULL,NULL,0,0,NULL,4,'Fuel rate of Uthuru Janani Power Station (Lanka Auto Diesel)','0','1',1,NULL,NULL,'',1),('-','2021-01-11 11:43:11','-','2021-01-11 11:43:11',0,1165,'Fuel rate of Barge mounted Power Plant (Furnace Oil)','0.19',0,0,0,0,3,1,98,2,2,NULL,NULL,NULL,NULL,0,0,NULL,4,'Fuel rate of Barge mounted Power Plant (Furnace Oil)','0','1',1,NULL,NULL,'',1),('-','2021-01-11 11:43:11','-','2021-01-11 11:43:11',0,1166,'Information on carbon credit projects*','',0,0,0,0,3,1,NULL,2,2,NULL,NULL,NULL,NULL,0,0,NULL,4,'Information on carbon credit projects*','','',1,NULL,NULL,'',1),('-','2021-01-11 11:43:11','-','2021-01-11 11:43:11',0,1167,'Information on climate finance projects*','',0,0,0,0,3,1,NULL,2,2,NULL,NULL,NULL,NULL,0,0,NULL,4,'Information on climate finance projects*','','',1,NULL,NULL,'',1),('-','2021-01-11 11:43:11','-','2021-01-11 11:43:11',0,1168,'Shape files of coal-fired power station','',0,0,0,0,3,1,NULL,2,2,NULL,NULL,NULL,NULL,0,0,NULL,4,'Shape files of coal-fired power station','','',1,NULL,NULL,'',1),('-','2021-01-11 11:43:11','-','2021-01-11 11:43:11',0,1169,'Shape files of Electricity substations','',0,0,0,0,3,1,NULL,2,2,NULL,NULL,NULL,NULL,0,0,NULL,4,'Shape files of Electricity substations','','',1,NULL,NULL,'',1),('-','2021-01-11 11:43:11','-','2021-01-11 11:43:11',0,1170,'Shape files of Hydroelectric stations','',0,0,0,0,3,1,NULL,2,2,NULL,NULL,NULL,NULL,0,0,NULL,4,'Shape files of Hydroelectric stations','','',1,NULL,NULL,'',1),('-','2021-01-11 11:43:11','-','2021-01-11 11:43:11',0,1171,'Shape files of Mini Hydro plants','',0,0,0,0,3,1,NULL,2,2,NULL,NULL,NULL,NULL,0,0,NULL,4,'Shape files of Mini Hydro plants','','',1,NULL,NULL,'',1),('-','2021-01-11 11:43:11','-','2021-01-11 11:43:11',0,1172,'Shape files of national electricity network (Grid) ','',0,0,0,0,3,1,NULL,2,2,NULL,NULL,NULL,NULL,0,0,NULL,4,'Shape files of national electricity network (Grid) ','','',1,NULL,NULL,'',1),('-','2021-01-11 11:43:11','-','2021-01-11 11:43:11',0,1173,'Shape files of Oil-fired power station','',0,0,0,0,3,1,NULL,2,2,NULL,NULL,NULL,NULL,0,0,NULL,4,'Shape files of Oil-fired power station','','',1,NULL,NULL,'',1),('-','2021-01-11 11:43:11','-','2021-01-11 11:43:11',0,1174,'Shape files of solar farms','',0,0,0,0,3,1,NULL,2,2,NULL,NULL,NULL,NULL,0,0,NULL,4,'Shape files of solar farms','','',1,NULL,NULL,'',1),('-','2021-01-11 11:43:11','-','2021-01-11 11:43:11',0,1175,'Shape files of Streams, Rivers and reservoirs used for power generation','',0,0,0,0,3,1,NULL,2,2,NULL,NULL,NULL,NULL,0,0,NULL,4,'Shape files of Streams, Rivers and reservoirs used for power generation','','',1,NULL,NULL,'',1),('-','2021-01-11 11:43:11','-','2021-01-11 11:43:11',0,1176,'Shape files of wind farms ','',0,0,0,0,3,1,NULL,2,2,NULL,NULL,NULL,NULL,0,0,NULL,4,'Shape files of wind farms ','','',1,NULL,NULL,'',1),('-','2021-01-11 11:43:11','-','2021-01-11 11:43:11',0,1177,'Sri Lankan Stack Emission Standards','',0,0,0,0,3,1,NULL,2,2,NULL,NULL,NULL,NULL,0,0,NULL,4,'Sri Lankan Stack Emission Standards','','',1,NULL,NULL,'',1),('-','2021-01-11 11:43:11','-','2021-01-11 11:43:11',0,1178,'Sri Lankas Ambient Air Quality Standards ','',0,0,0,0,3,1,NULL,2,2,NULL,NULL,NULL,NULL,0,0,NULL,4,'Sri Lankas Ambient Air Quality Standards ','','',1,NULL,NULL,'',1),('-','2021-01-11 11:43:11','-','2021-01-11 11:43:11',0,1179,'Shape file of power distribution stations','',0,0,0,0,3,1,NULL,2,2,NULL,NULL,NULL,NULL,0,0,NULL,4,'Shape files','','',1,NULL,NULL,'',1),('-','2021-01-11 11:43:11','-','2021-01-11 11:43:11',0,1180,'Shape files/ lists of distribution of Petrol sheds','',0,0,0,0,3,1,NULL,2,2,NULL,NULL,NULL,NULL,0,0,NULL,4,'Shape files/ list','','',1,NULL,NULL,'',1),('-','2021-01-11 11:43:11','-','2021-01-11 11:43:11',0,1189,'% drop in the nursery plant losses in plantation crops','',0,0,0,0,3,1,52,3,4,NULL,NULL,NULL,NULL,0,0,NULL,4,'Drop in nursery plants as a percentage','0','',1,NULL,NULL,'',1),('-','2021-01-11 11:43:11','-','2021-01-11 11:43:11',0,1190,'% increase in the use of organic matter to improve soil quality (Integrated plan nutrient management)','',0,0,0,0,3,1,52,3,4,NULL,NULL,NULL,NULL,0,0,NULL,4,'Increase in utilization of organic matter as a percentage','0','',1,NULL,NULL,'',1),('-','2021-01-11 11:43:11','-','2021-01-11 11:43:11',0,1191,'% increase in the yield of field crops due to improve cropping systems and conservation farming practices','',0,0,0,0,3,1,52,3,4,NULL,NULL,NULL,NULL,0,0,NULL,4,'Increase in yield due to improved cropping systems as a percentage','0','',1,NULL,NULL,'',1),('-','2021-01-11 11:43:11','-','2021-01-11 11:43:11',0,1192,'% of reduction in field-level irrigation water losses','',0,0,0,0,3,1,52,3,4,NULL,NULL,NULL,NULL,0,0,NULL,4,'Irrigation water losses as a percentage','0','',1,NULL,NULL,'',1),('-','2021-01-11 11:43:11','-','2021-01-11 11:43:11',0,1193,'Agricultural land which rain-fed','',0,0,0,0,3,1,54,3,4,NULL,NULL,NULL,NULL,0,0,NULL,4,'Agricultural land which rain-fed','10','',1,NULL,NULL,'',1),('-','2021-01-11 11:43:11','-','2021-01-11 11:43:11',0,1194,'Areas covered by vegetation affected by plagues or fires','',0,0,0,0,3,1,54,3,4,NULL,NULL,NULL,NULL,0,0,NULL,4,'Vegetation areas damaged by plagues/fires','','',1,NULL,NULL,'',1),('-','2021-01-11 11:43:11','-','2021-01-11 11:43:11',0,1195,'Forest Lands available for conversion','',0,0,0,0,3,1,54,3,4,NULL,NULL,NULL,NULL,0,0,NULL,4,'Forest Lands available for conversion','0','',1,NULL,NULL,'',1),('-','2021-01-11 11:43:11','-','2021-01-11 11:43:11',0,1196,'Forest Lands converted to Chena Cultivation and Agriculture under purview of DFC*','',0,0,0,0,3,1,54,3,4,NULL,NULL,NULL,NULL,0,0,NULL,4,'Forest Lands converted to Chena Cultivation and Agriculture under purview of DFC*','0','',1,NULL,NULL,'',1),('-','2021-01-11 11:43:11','-','2021-01-11 11:43:11',0,1197,'Forest Lands converted to Chena Cultivation and Agriculture under purview of DoA*','',0,0,0,0,3,1,54,3,4,NULL,NULL,NULL,NULL,0,0,NULL,4,'Forest Lands converted to Chena Cultivation and Agriculture under purview of DoA*','0','',1,NULL,NULL,'',1),('-','2021-01-11 11:43:11','-','2021-01-11 11:43:11',0,1198,'Land area (small holdings and Estate sector) under purview of RRDI*','394836',0,0,0,0,3,1,54,3,4,NULL,NULL,NULL,NULL,0,0,NULL,4,'Land area (small holdings and Estate sector) in 2002','0','100000',1,NULL,NULL,'',1),('-','2021-01-11 11:43:11','-','2021-01-11 11:43:11',0,1199,'Land area and distribution by crops','',0,0,0,0,3,1,54,3,4,NULL,NULL,NULL,NULL,0,0,NULL,4,'Land area and distribution by crops','0','',1,NULL,NULL,'',1),('-','2021-01-11 11:43:11','-','2021-01-11 11:43:11',0,1200,'Land Area of Horticulture ( Tree Fruits)','',0,0,0,0,3,1,54,3,4,NULL,NULL,NULL,NULL,0,0,NULL,4,'Land Area of Horticulture ( Tree Fruits)','0','',1,NULL,NULL,'',1),('-','2021-01-11 11:43:11','-','2021-01-11 11:43:11',0,1201,'Land Area of Oil Palm','',0,0,0,0,3,1,54,3,4,NULL,NULL,NULL,NULL,0,0,NULL,4,'Land Area of Oil Palm','0','',1,NULL,NULL,'',1),('-','2021-01-11 11:43:11','-','2021-01-11 11:43:11',0,1203,'Land Area of Other Export agriculture Crops','24191',0,0,0,0,3,1,54,3,4,NULL,NULL,NULL,NULL,0,0,NULL,4,'Land Area of Other Export agriculture Crops - Pepper, 2014 ','0','100000',1,NULL,NULL,'',1),('-','2021-01-11 11:43:11','-','2021-01-11 11:43:11',0,1204,'Land Area of Cinnamon ','31359',0,0,0,0,3,1,54,3,4,NULL,NULL,NULL,NULL,0,0,NULL,4,'Land Area of Cinnamon in 2014','0','100000',1,NULL,NULL,'',1),('-','2021-01-11 11:43:11','-','2021-01-11 11:43:11',0,1205,'Land Area of Coconut','1625',0,0,0,0,3,1,54,3,4,NULL,NULL,NULL,NULL,0,0,NULL,4,'Land Area of Coconut in Kandy District','0','100000',1,NULL,NULL,'',1),('-','2021-01-11 11:43:11','-','2021-01-11 11:43:11',0,1206,'Land Area of Home Garden ( mixed Crops)','2576',0,0,0,0,3,1,54,3,4,NULL,NULL,NULL,NULL,0,0,NULL,4,'Land Area of Home Garden ( mixed Crops), Ampara district <0.05 ha','0','100000',1,NULL,NULL,'',1),('-','2021-01-11 11:43:11','-','2021-01-11 11:43:11',0,1207,'Annual area of land under going asweddumization','6526',0,0,0,0,3,1,54,3,4,NULL,NULL,NULL,NULL,0,0,NULL,4,'Annual area of paddy fields newly under going asweddumization','0','100000',1,NULL,NULL,'',1),('-','2021-01-11 11:43:11','-','2021-01-11 11:43:11',0,1208,'Annual amount of synthetic fertilizer N applied to soils','71403.58',0,0,0,0,3,1,38,3,4,NULL,NULL,NULL,NULL,0,0,NULL,4,'Annual amount of chemical fertilizer (urea) distributed to farmers  in 2015 Yala','0','200000',1,NULL,NULL,'',1),('-','2021-01-11 11:43:11','-','2021-01-11 11:43:11',0,1209,'Average annual rice requirement','',0,0,0,0,3,1,38,3,4,NULL,NULL,NULL,NULL,0,0,NULL,4,'Average annual rice requirement','0','',1,NULL,NULL,'',1),('-','2021-01-11 11:43:11','-','2021-01-11 11:43:11',0,1210,'Average annual surplus of rice','',0,0,0,0,3,1,38,3,4,NULL,NULL,NULL,NULL,0,0,NULL,4,'Average annual surplus of rice','0','',1,NULL,NULL,'',1),('-','2021-01-11 11:43:11','-','2021-01-11 11:43:11',0,1211,'Export volume by crops','3327.9',0,0,0,0,3,1,38,3,4,NULL,NULL,NULL,NULL,0,0,NULL,4,'Export volume of Cloves-Organic in 2017','0','20000',1,NULL,NULL,'',1),('-','2021-01-11 11:43:11','-','2021-01-11 11:43:11',0,1212,'Climate condition for crops','Above normal rainfall towards the end of Nov',0,0,0,0,3,1,NULL,2,4,NULL,NULL,NULL,NULL,0,0,NULL,4,'Climate condition for crops, 2020 Nov in Maha Season','','',1,NULL,NULL,'',1),('-','2021-01-11 11:43:11','-','2021-01-11 11:43:11',0,1213,'Climate data relevant to droughts','South-West of Sri Lanka will experience moderately dry conditions during coming 3 months',0,0,0,0,3,1,NULL,2,4,NULL,NULL,NULL,NULL,0,0,NULL,4,'Climate data relevant to droughts - Dec 2020','','',1,NULL,NULL,'',1),('-','2021-01-11 11:43:11','-','2021-01-11 11:43:11',0,1214,'Cultivation data under perview of DoA','Below normal rainfall for Oct and Nov months',0,0,0,0,3,1,NULL,2,4,NULL,NULL,NULL,NULL,0,0,NULL,4,'Agro-meteology Advisory: oct-nov 2020/21 for Maha season','','',1,NULL,NULL,'',1),('-','2021-01-11 11:43:11','-','2021-01-11 11:43:11',0,1215,'Evaporation data under perview of DAD','',0,0,0,0,3,1,NULL,2,4,NULL,NULL,NULL,NULL,0,0,NULL,4,'Evaporation data under perview of DAD','','',1,NULL,NULL,'',1),('-','2021-01-11 11:43:11','-','2021-01-11 11:43:11',0,1216,'Crop type and extents','',0,0,0,0,3,1,NULL,2,4,NULL,NULL,NULL,NULL,0,0,NULL,4,'Crop type and extents','','',1,NULL,NULL,'',1),('-','2021-01-11 11:43:11','-','2021-01-11 11:43:11',0,1217,'Compensation for crop lost in disaster situations (Flood, Drought etc.)  Number of farmers DSD wise or ASC wise','2382830',0,0,0,0,3,1,85,3,4,NULL,NULL,NULL,NULL,0,0,NULL,4,'Compensation for crop lost in disaster situations - Floods, Kalutara District in 2017','0','100000000',1,NULL,NULL,'',1),('-','2021-01-11 11:43:11','-','2021-01-11 11:43:11',0,1218,'Marketing information','120-150',0,0,0,0,3,1,85,3,4,NULL,NULL,NULL,NULL,0,0,NULL,4,'Marketing price range of Beans per kg on 30/12/2020 in Pettah market','0','1000',1,NULL,NULL,'',1),('-','2021-01-11 11:43:11','-','2021-01-11 11:43:11',0,1219,'Money allocated for rehabilitation of the salinity exclusion structures under purview of DoI*','',0,0,0,0,3,1,85,3,4,NULL,NULL,NULL,NULL,0,0,NULL,4,'Money allocated for rehabilitation of the salinity exclusion structures under purview of DoI*','0','',1,NULL,NULL,'',1),('-','2021-01-11 11:43:11','-','2021-01-11 11:43:11',0,1220,'Money allocated for rehabilitation of the salinity exclusion structures under purview of NAQDA*','',0,0,0,0,3,1,85,3,4,NULL,NULL,NULL,NULL,0,0,NULL,4,'Money allocated for rehabilitation of the salinity exclusion structures under purview of NARA*','0','',1,NULL,NULL,'',1),('-','2021-01-11 11:43:11','-','2021-01-11 11:43:11',0,1221,'Money allocated for strengthening the early warning system under purview of DoA*','',0,0,0,0,3,1,85,3,4,NULL,NULL,NULL,NULL,0,0,NULL,4,'Money allocated for strengthening the early warning system under purview of DoA*','0','',1,NULL,NULL,'',1),('-','2021-01-11 11:43:11','-','2021-01-11 11:43:11',0,1222,'Land suitability','Chilli for Upland rainfed agriculture',0,0,0,0,3,1,NULL,2,4,NULL,NULL,NULL,NULL,0,0,NULL,4,'Crop suitability with relevant Crop Calendar','','',1,NULL,NULL,'',1),('-','2021-01-11 11:43:11','-','2021-01-11 11:43:11',0,1223,'Land use under purview of DAD','Paddy fields not used for agriculture',0,0,0,0,3,1,NULL,2,4,NULL,NULL,NULL,NULL,0,0,NULL,4,'Land use details of paddy fields','','',1,NULL,NULL,'',1),('-','2021-01-11 11:43:11','-','2021-01-11 11:43:11',0,1224,'Number of  cropping calendars adjustments according to the seasonal weather forecasts','',0,0,0,0,3,1,61,3,4,NULL,NULL,NULL,NULL,0,0,NULL,4,'Number of  cropping calendars adjustments according to the seasonal weather forecasts','0','',1,NULL,NULL,'',1),('-','2021-01-11 11:43:11','-','2021-01-11 11:43:11',0,1225,'Number of areas where the Information collection is finalized on identify and collect information on areas most vulnerable to flood and drought hazards','',0,0,0,0,3,1,61,3,4,NULL,NULL,NULL,NULL,0,0,NULL,4,'Number of areas where the Information collection is finalized on identify and collect information on areas most vulnerable to flood and drought hazards','0','',1,NULL,NULL,'',1),('-','2021-01-11 11:43:11','-','2021-01-11 11:43:11',0,1226,'Number of capacity building training programmes conducted to research institutes on tolerant varieties and water efficient farming methods','',0,0,0,0,3,1,61,3,4,NULL,NULL,NULL,NULL,0,0,NULL,4,'Number of capacity building training programmes conducted to research institutes on tolerant varieties and water efficient farming methods','0','',1,NULL,NULL,'',1),('-','2021-01-11 11:43:11','-','2021-01-11 11:43:11',0,1227,'Number of drought tolerant varieties developed','',0,0,0,0,3,1,61,3,4,NULL,NULL,NULL,NULL,0,0,NULL,4,'Number of drought tolerant varieties developed','0','',1,NULL,NULL,'',1),('-','2021-01-11 11:43:11','-','2021-01-11 11:43:11',0,1228,'Number of Early Warning Mechanisms used for Agriculture','',0,0,0,0,3,1,61,3,4,NULL,NULL,NULL,NULL,0,0,NULL,4,'Number of Early Warning Mechanisms used for Agriculture','0','',1,NULL,NULL,'',1),('-','2021-01-11 11:43:11','-','2021-01-11 11:43:11',0,1229,'Number of early-maturing (short-age) varieties developed','',0,0,0,0,3,1,61,3,4,NULL,NULL,NULL,NULL,0,0,NULL,4,'Number of early-maturing (short-age) varieties developed','0','',1,NULL,NULL,'',1),('-','2021-01-11 11:43:11','-','2021-01-11 11:43:11',0,1230,'Number of existing varieties of field crops gone through the screening process to  tolerance to extreme events','',0,0,0,0,3,1,61,3,4,NULL,NULL,NULL,NULL,0,0,NULL,4,'Number of existing varieties of field crops gone through the screening process to  tolerance to extreme events','0','',1,NULL,NULL,'',1),('-','2021-01-11 11:43:11','-','2021-01-11 11:43:11',0,1231,'Number of existing varieties of field crops gone through the screening process to tolerance salinity/alkalinity','',0,0,0,0,3,1,61,3,4,NULL,NULL,NULL,NULL,0,0,NULL,4,'Number of existing varieties of field crops gone through the screening process to tolerance salinity/alkalinity','0','',1,NULL,NULL,'',1),('-','2021-01-11 11:43:11','-','2021-01-11 11:43:11',0,1232,'Number of existing varieties/breeds gone through the screening process for heat and water stress.','',0,0,0,0,3,1,61,3,4,NULL,NULL,NULL,NULL,0,0,NULL,4,'Number of existing varieties/breeds gone through the screening process for heat and water stress.','0','',1,NULL,NULL,'',1),('-','2021-01-11 11:43:11','-','2021-01-11 11:43:11',0,1233,'Number of farmers involved in pilot irrigation messaging projects','',0,0,0,0,3,1,61,3,4,NULL,NULL,NULL,NULL,0,0,NULL,4,'Number of farmers involved in pilot irrigation messaging projects','0','',1,NULL,NULL,'',1),('-','2021-01-11 11:43:11','-','2021-01-11 11:43:11',0,1234,'Number of flower induce techniques introduced for field crops','',0,0,0,0,3,1,61,3,4,NULL,NULL,NULL,NULL,0,0,NULL,4,'Number of flower induce techniques introduced for field crops','0','',1,NULL,NULL,'',1),('-','2021-01-11 11:43:11','-','2021-01-11 11:43:11',0,1235,'Number of existing varieties/breeds gone through the screening process for pest and disease resistance.','4',0,0,0,0,3,1,61,3,4,NULL,NULL,NULL,NULL,0,0,NULL,4,'Number of varities/breeds which are moderately reactive for pest and disease, 2009 ','0','100',1,NULL,NULL,'',1),('-','2021-01-11 11:43:11','-','2021-01-11 11:43:11',0,1236,'Number of farmers  DSD wise or ASC wise','61',0,0,0,0,3,1,61,3,4,NULL,NULL,NULL,NULL,0,0,NULL,4,'Number of farmers from Colombo during Yala season 2018','0','300',1,NULL,NULL,'',1),('-','2021-01-11 11:43:11','-','2021-01-11 11:43:11',0,1237,'Number of food storage capacities are assessed identified','',0,0,0,0,3,1,61,3,4,NULL,NULL,NULL,NULL,0,0,NULL,4,'Number of food storage capacities are assessed identified','0','',1,NULL,NULL,'',1),('-','2021-01-11 11:43:11','-','2021-01-11 11:43:11',0,1238,'Number of heat tolerant breeds developed for paddy cultivation','',0,0,0,0,3,1,61,3,4,NULL,NULL,NULL,NULL,0,0,NULL,4,'Number of heat tolerant breeds developed for paddy cultivation','0','',1,NULL,NULL,'',1),('-','2021-01-11 11:43:11','-','2021-01-11 11:43:11',0,1239,'Number of heat tolerant varieties developed','',0,0,0,0,3,1,61,3,4,NULL,NULL,NULL,NULL,0,0,NULL,4,'Number of heat tolerant varieties developed','0','',1,NULL,NULL,'',1),('-','2021-01-11 11:43:11','-','2021-01-11 11:43:11',0,1240,'Number of hectares of productive Land lost to soil erosion','',0,0,0,0,3,1,61,3,4,NULL,NULL,NULL,NULL,0,0,NULL,4,'Number of hectares of productive Land lost to soil erosion','0','',1,NULL,NULL,'',1),('-','2021-01-11 11:43:11','-','2021-01-11 11:43:11',0,1241,'Number of insurance issued for storage - DSD wise or ASC wise','',0,0,0,0,3,1,61,3,4,NULL,NULL,NULL,NULL,0,0,NULL,4,'Number of insurance issued for storage - DSD wise or ASC wise','0','',1,NULL,NULL,'',1),('-','2021-01-11 11:43:11','-','2021-01-11 11:43:11',0,1242,'Number of micro-irrigation initiatives developed for field crops','26',0,0,0,0,3,1,61,3,4,NULL,NULL,NULL,NULL,0,0,NULL,4,'Number of micro-irrigation initiatives established for Agriculture in 2018','0','100',1,NULL,NULL,'',1),('-','2021-01-11 11:43:11','-','2021-01-11 11:43:11',0,1243,'Number of Natural Disasters Risk Reduction Plans and Strategies used for Agriculture','',0,0,0,0,3,1,61,3,4,NULL,NULL,NULL,NULL,0,0,NULL,4,'Number of Natural Disasters Risk Reduction Plans and Strategies used for Agriculture','0','',1,NULL,NULL,'',1),('-','2021-01-11 11:43:11','-','2021-01-11 11:43:11',0,1244,'Number of on-farm rainwater harvesting initiatives developed for field crops','',0,0,0,0,3,1,61,3,4,NULL,NULL,NULL,NULL,0,0,NULL,4,'Number of on-farm rainwater harvesting initiatives developed for field crops','0','',1,NULL,NULL,'',1),('-','2021-01-11 11:43:11','-','2021-01-11 11:43:11',0,1245,'Number of people under poverty line','',0,0,0,0,3,1,61,3,4,NULL,NULL,NULL,NULL,0,0,NULL,4,'Number of people under poverty line','0','',1,NULL,NULL,'',1),('-','2021-01-11 11:43:11','-','2021-01-11 11:43:11',0,1246,'Number of pest and disease resistance varieties developed for each type of field crops','',0,0,0,0,3,1,61,3,4,NULL,NULL,NULL,NULL,0,0,NULL,4,'Number of pest and disease resistance varieties developed for each type of field crops','0','',1,NULL,NULL,'',1),('-','2021-01-11 11:43:11','-','2021-01-11 11:43:11',0,1247,'Number of salinity tolerant varieties developed for field crops','',0,0,0,0,3,1,61,3,4,NULL,NULL,NULL,NULL,0,0,NULL,4,'Number of salinity tolerant varieties developed for field crops','0','',1,NULL,NULL,'',1),('-','2021-01-11 11:43:11','-','2021-01-11 11:43:11',0,1248,'Number of Soil resources insurance issued - DSD wise or ASC wise ','',0,0,0,0,3,1,61,3,4,NULL,NULL,NULL,NULL,0,0,NULL,4,'Number of Soil resources insurance issued - DSD wise or ASC wise ','0','',1,NULL,NULL,'',1),('-','2021-01-11 11:43:11','-','2021-01-11 11:43:11',0,1249,'Number of surface water areas subject to declining water quality due to extreme temperatures','',0,0,0,0,3,1,61,3,4,NULL,NULL,NULL,NULL,0,0,NULL,4,'Number of surface water areas subject to declining water quality due to extreme temperatures','0','',1,NULL,NULL,'',1),('-','2021-01-11 11:43:11','-','2021-01-11 11:43:11',0,1250,'Number of the salinity exclusion structures rehabilitated','',0,0,0,0,3,1,61,3,4,NULL,NULL,NULL,NULL,0,0,NULL,4,'Number of the salinity exclusion structures rehabilitated','0','',1,NULL,NULL,'',1),('-','2021-01-11 11:43:11','-','2021-01-11 11:43:11',0,1251,'Number of the salinity exclusion structures rehabilitated in coastal areas','',0,0,0,0,3,1,61,3,4,NULL,NULL,NULL,NULL,0,0,NULL,4,'Number of the salinity exclusion structures rehabilitated in coastal areas','0','',1,NULL,NULL,'',1),('-','2021-01-11 11:43:11','-','2021-01-11 11:43:11',0,1252,'Number of tolerant varieties developed for paddy cultivation','',0,0,0,0,3,1,61,3,4,NULL,NULL,NULL,NULL,0,0,NULL,4,'Number of tolerant varieties developed for paddy cultivation','0','',1,NULL,NULL,'',1),('-','2021-01-11 11:43:11','-','2021-01-11 11:43:11',0,1254,'Number of Water Bodies used for agricultural purpose','',0,0,0,0,3,1,61,3,4,NULL,NULL,NULL,NULL,0,0,NULL,4,'Number of Water Bodies used for agricultural purpose','0','',1,NULL,NULL,'',1),('-','2021-01-11 11:43:11','-','2021-01-11 11:43:11',0,1255,'Number of women organised in agricultural cooperatives','',0,0,0,0,3,1,61,3,4,NULL,NULL,NULL,NULL,0,0,NULL,4,'Number of women organised in agricultural cooperatives','0','',1,NULL,NULL,'',1),('-','2021-01-11 11:43:11','-','2021-01-11 11:43:11',0,1256,'Number of. of flood and drought tolerant varieties developed for field crops','',0,0,0,0,3,1,61,3,4,NULL,NULL,NULL,NULL,0,0,NULL,4,'Number of. of flood and drought tolerant varieties developed for field crops','0','',1,NULL,NULL,'',1),('-','2021-01-11 11:43:11','-','2021-01-11 11:43:11',0,1257,'Number of. of Irrigation water supply projects','',0,0,0,0,3,1,61,3,4,NULL,NULL,NULL,NULL,0,0,NULL,4,'Number of. of Irrigation water supply projects','0','',1,NULL,NULL,'',1),('-','2021-01-11 11:43:11','-','2021-01-11 11:43:11',0,1258,'Number of. of pest forecasting system developed for field crops','',0,0,0,0,3,1,61,3,4,NULL,NULL,NULL,NULL,0,0,NULL,4,'Number of. of pest forecasting system developed for field crops','0','',1,NULL,NULL,'',1),('-','2021-01-11 11:43:11','-','2021-01-11 11:43:11',0,1259,'Number of. of safety plans are developed to tolerate extreme weather events','',0,0,0,0,3,1,61,3,4,NULL,NULL,NULL,NULL,0,0,NULL,4,'Number of. of safety plans are developed to tolerate extreme weather events','0','',1,NULL,NULL,'',1),('-','2021-01-11 11:43:11','-','2021-01-11 11:43:11',0,1260,'Per capita rice availability','101.13',0,0,0,0,3,1,37,3,4,NULL,NULL,NULL,NULL,0,0,NULL,4,'rice availability per person yearly, 2007','0','10000',1,NULL,NULL,'',1),('-','2021-01-11 11:43:11','-','2021-01-11 11:43:11',0,1261,'Percentage of  surface cultivated with drought resistant varieties','',0,0,0,0,3,1,52,3,4,NULL,NULL,NULL,NULL,0,0,NULL,4,'Percentage of  surface cultivated with drought resistant varieties','0','',1,NULL,NULL,'',1),('-','2021-01-11 11:43:11','-','2021-01-11 11:43:11',0,1262,'Percentage of agricultural land with improved irrigation','',0,0,0,0,3,1,52,3,4,NULL,NULL,NULL,NULL,0,0,NULL,4,'Percentage of agricultural land with improved irrigation','0','',1,NULL,NULL,'',1),('-','2021-01-11 11:43:11','-','2021-01-11 11:43:11',0,1263,'Percentage of area of ecosystem that has been disturbed or damaged','',0,0,0,0,3,1,52,3,4,NULL,NULL,NULL,NULL,0,0,NULL,4,'Percentage of area of ecosystem that has been disturbed or damaged','0','',1,NULL,NULL,'',1),('-','2021-01-11 11:43:11','-','2021-01-11 11:43:11',0,1264,'Percentage of average monthly household expenditure on major foods,','',0,0,0,0,3,1,52,3,4,NULL,NULL,NULL,NULL,0,0,NULL,4,'Average expenditure of major food as a percentage of monthly household expenditure','0','',1,NULL,NULL,'',1),('-','2021-01-11 11:43:11','-','2021-01-11 11:43:11',0,1265,'Percentage of farmers with access to financial services','',0,0,0,0,3,1,52,3,4,NULL,NULL,NULL,NULL,0,0,NULL,4,'Farmers with access to finncial services as a percentage','0','',1,NULL,NULL,'',1),('-','2021-01-11 11:43:11','-','2021-01-11 11:43:11',0,1266,'Types of water efficient farming Methods developed  for field crops','',0,0,0,0,3,1,61,3,4,NULL,NULL,NULL,NULL,0,0,NULL,4,'Types of water efficient farming Methods developed  for field crops','0','',1,NULL,NULL,'',1),('-','2021-01-11 11:43:11','-','2021-01-11 11:43:11',0,1267,'Shape files of salt tolerant verities introduced for areas','',0,0,0,0,3,1,61,3,4,NULL,NULL,NULL,NULL,0,0,NULL,4,'Shape files','0','',1,NULL,NULL,'',1),('-','2021-01-11 11:43:11','-','2021-01-11 11:43:11',0,1268,'Pest/disease statistics','',0,0,0,0,3,1,61,3,4,NULL,NULL,NULL,NULL,0,0,NULL,4,'Number of types of pests in agriculture','0','',1,NULL,NULL,'',1),('-','2021-01-11 11:43:11','-','2021-01-11 11:43:11',0,1269,'Pest/disease statistics in coconut cultivation','',0,0,0,0,3,1,61,3,4,NULL,NULL,NULL,NULL,0,0,NULL,4,'Number of types of pests in coconut cultivation','0','',1,NULL,NULL,'',1),('-','2021-01-11 11:43:11','-','2021-01-11 11:43:11',0,1270,'Production volume by crops','1090',0,0,0,0,3,1,38,3,4,NULL,NULL,NULL,NULL,0,0,NULL,4,'Production volume of Kurakkan, Yala 2008','0','100000',1,NULL,NULL,'',1),('-','2021-01-11 11:43:11','-','2021-01-11 11:43:11',0,1271,'Quantities of Agricultural Products Exported','17536.51',0,0,0,0,3,1,38,3,4,NULL,NULL,NULL,NULL,0,0,NULL,4,'Quantities of Agricultural Products - Cinnamon Exported in 2018','0','100000',1,NULL,NULL,'',1),('-','2021-01-11 11:43:11','-','2021-01-11 11:43:11',0,1272,'Quantities of Agricultural Products Imported','46550',0,0,0,0,3,1,38,3,4,NULL,NULL,NULL,NULL,0,0,NULL,4,'Quantities of Agricultural Products Imported - Potatoes for 2006','0','300000',1,NULL,NULL,'',1),('-','2021-01-11 11:43:11','-','2021-01-11 11:43:11',0,1273,'Price controls for foods','525.71',0,0,0,0,3,1,85,3,4,NULL,NULL,NULL,NULL,0,0,NULL,4,'Price of pepper/kg in 2020','0','10000',1,NULL,NULL,'',1),('-','2021-01-11 11:43:11','-','2021-01-11 11:43:11',0,1274,'Land Area of Rubber','500',0,0,0,0,3,1,57,3,4,NULL,NULL,NULL,NULL,0,0,NULL,4,'Land Area of Rubber In Kandy District, 2002','0','100000',1,NULL,NULL,'',1),('-','2021-01-11 11:43:11','-','2021-01-11 11:43:11',0,1275,'Land Area of Tea ','212761',0,0,0,0,3,1,54,3,4,NULL,NULL,NULL,NULL,0,0,NULL,4,'Land Area of Tea in Sri Lanka, 2002','0','1000000',1,NULL,NULL,'',1),('-','2021-01-11 11:43:11','-','2021-01-11 11:43:11',0,1276,'Number of awareness programmes on integrated pest management','5',0,0,0,0,3,1,61,3,4,NULL,NULL,NULL,NULL,0,0,NULL,4,'Number of trainings conducted as plant protection services for integrated pest management','0','100',1,NULL,NULL,'',1),('-','2021-01-11 11:43:11','-','2021-01-11 11:43:11',0,1277,'Total annual paddy production','4716227',0,0,0,0,3,1,38,3,4,NULL,NULL,NULL,NULL,0,0,NULL,4,'Total annual paddy production (Maha and Yala) 2019','0','10000000',1,NULL,NULL,'',1),('-','2021-01-11 11:43:11','-','2021-01-11 11:43:11',0,1278,'Total rice availability from Maha production','34460',0,0,0,0,3,1,38,3,4,NULL,NULL,NULL,NULL,0,0,NULL,4,'Total rice production from Maha 2019-2020 in Gampaha','0','500000',1,NULL,NULL,'',1),('-','2021-01-11 11:43:11','-','2021-01-11 11:43:11',0,1279,'Total rice availability from Yala production','11555',0,0,0,0,3,1,38,3,4,NULL,NULL,NULL,NULL,0,0,NULL,4,'Total rice production from Yala 2019 in Gampaha','0','500000',1,NULL,NULL,'',1),('-','2021-01-11 11:43:11','-','2021-01-11 11:43:11',0,1280,'Urine and dung inputs to grazed soils','',0,0,0,0,3,1,37,3,4,NULL,NULL,NULL,NULL,0,0,NULL,4,'Urine and dung inputs to grazed soils','0','',1,NULL,NULL,'',1),('-','2021-01-11 11:43:11','-','2021-01-11 11:43:11',0,1281,'Total Agricultural Lands available in SL','4797004',0,0,0,0,3,1,54,3,4,NULL,NULL,NULL,NULL,0,0,NULL,4,'Total Agricultural Lands available in SL','0','10000000',1,NULL,NULL,'',1),('-','2021-01-11 11:43:11','-','2021-01-11 11:43:11',0,1282,'Land area (small holdings and Estate sector) under purview of CRI*','394836',0,0,0,0,3,1,54,3,4,NULL,NULL,NULL,NULL,0,0,NULL,4,'Land area (small holdings and Estate sector) for Coconut','0','1000000',1,NULL,NULL,'',1),('-','2021-01-11 11:43:11','-','2021-01-11 11:43:11',0,1283,'Any Evidence for subsidence/uplift, including the methods used to determine;','',0,0,0,0,3,1,NULL,2,21,NULL,NULL,NULL,NULL,0,0,NULL,4,'Reports, research or papers','','',1,NULL,NULL,'',1),('-','2021-01-11 11:43:11','-','2021-01-11 11:43:11',0,1284,'Institutional plans/ research data available at Coconut Development Board','',0,0,0,0,3,1,NULL,2,4,NULL,NULL,NULL,NULL,0,0,NULL,4,'shape files/related data','','',1,NULL,NULL,'',1),('-','2021-01-11 11:43:11','-','2021-01-11 11:43:11',0,1285,'Institutional plans/ research data available at Rubber Development Board','',0,0,0,0,3,1,NULL,2,4,NULL,NULL,NULL,NULL,0,0,NULL,4,'shape files/related data','','',1,NULL,NULL,'',1),('-','2021-01-11 11:43:11','-','2021-01-11 11:43:11',0,1286,'Institutional plans/ research data available at Tea Research Development Board','',0,0,0,0,3,1,NULL,2,4,NULL,NULL,NULL,NULL,0,0,NULL,4,'shape files/related data','','',1,NULL,NULL,'',1),('-','2021-01-11 11:43:11','-','2021-01-11 11:43:11',0,1287,'Institutional plans/ research data available at Tea Development Board','',0,0,0,0,3,1,NULL,2,4,NULL,NULL,NULL,NULL,0,0,NULL,4,'shape files/related data','','',1,NULL,NULL,'',1),('-','2021-01-11 11:43:11','-','2021-01-11 11:43:11',0,1288,'Shape files of rehabilitation of surface water bodies','',0,0,0,0,3,1,NULL,2,4,NULL,NULL,NULL,NULL,0,0,NULL,4,'shape files/related data','','',1,NULL,NULL,'',1),('-','2021-01-11 11:43:11','-','2021-01-11 11:43:11',0,1289,'Shape files of new surface water bodies','',0,0,0,0,3,1,NULL,2,4,NULL,NULL,NULL,NULL,0,0,NULL,4,'shape files/related data','','',1,NULL,NULL,'',1),('-','2021-01-11 11:43:11','-','2021-01-11 11:43:11',0,1290,'Cultivation data under perview of DAD','',0,0,0,0,3,1,NULL,2,4,NULL,NULL,NULL,NULL,0,0,NULL,4,'Cultivation data under perview of DAD','','',1,NULL,NULL,'',1),('-','2021-01-11 11:43:11','-','2021-01-11 11:43:11',0,1291,'Farmers depend on vegetable cultivation by DSD','',0,0,0,0,3,1,NULL,2,4,NULL,NULL,NULL,NULL,0,0,NULL,4,'Farmers depend on vegetable cultivation by DSD','','',1,NULL,NULL,'',1),('-','2021-01-11 11:43:11','-','2021-01-11 11:43:11',0,1292,'Total vegetable cultivated area by DSD','',0,0,0,0,3,1,NULL,2,4,NULL,NULL,NULL,NULL,0,0,NULL,4,'Total vegetable cultivated area by DSD','','',1,NULL,NULL,'',1),('-','2021-01-11 11:43:11','-','2021-01-11 11:43:11',0,1293,'Shape files of command area of irrigation headwork ','',0,0,0,0,3,1,NULL,2,4,NULL,NULL,NULL,NULL,0,0,NULL,4,'Shape files and related data','','',1,NULL,NULL,'',1),('-','2021-01-11 11:43:11','-','2021-01-11 11:43:11',0,1294,'Shape files of  anicut Distribution','',0,0,0,0,3,1,NULL,2,4,NULL,NULL,NULL,NULL,0,0,NULL,4,'Shape files and related data','','',1,NULL,NULL,'',1),('-','2021-01-11 11:43:11','-','2021-01-11 11:43:11',0,1295,'Shape files of  distribution of diversion structures ','',0,0,0,0,3,1,NULL,2,4,NULL,NULL,NULL,NULL,0,0,NULL,4,'Shape files and related data','','',1,NULL,NULL,'',1),('-','2021-01-11 11:43:11','-','2021-01-11 11:43:11',0,1296,'Fishing crafts information','',0,0,0,0,3,1,NULL,3,21,NULL,NULL,NULL,NULL,0,0,NULL,4,'Fishing crafts information','','',1,NULL,NULL,'',1),('-','2021-01-11 11:43:11','-','2021-01-11 11:43:11',0,1297,'Fry fish related data','',0,0,0,0,3,1,NULL,3,21,NULL,NULL,NULL,NULL,0,0,NULL,4,'Fry fish related data','','',1,NULL,NULL,'',1),('-','2021-01-11 11:43:11','-','2021-01-11 11:43:11',0,1298,'Total Madal fishing in SL and its distribution and harvest, pattern, total production, employment.','',0,0,0,0,3,1,NULL,3,21,NULL,NULL,NULL,NULL,0,0,NULL,4,'Tables, reports, maps','','',1,NULL,NULL,'',1),('-','2021-01-11 11:43:11','-','2021-01-11 11:43:11',0,1299,'Major fish species in Sri Lanka fisheries sector and its contribution to quantity, Values, geographical locations, marine, Coastal, lagoon and estuaries.','Fisheries Statistics Report 2020',0,0,0,0,3,1,NULL,2,11,NULL,NULL,NULL,NULL,0,0,NULL,4,'Major fish species in Sri Lanka fisheries sector and its contribution to quantity, Values, geographical locations, marine, Coastal, lagoon and estuaries.','','',1,NULL,NULL,'',1),('-','2021-01-11 11:43:11','-','2021-01-11 11:43:11',0,1300,'Major fisheries harbours/ports and fish landing sites locations around the country, by province or fisheries sector, recognised administrative boundaries coastal and inland.','',0,0,0,0,3,1,NULL,2,11,NULL,NULL,NULL,NULL,0,0,NULL,4,'Tables, reports, maps','','',1,NULL,NULL,'',1),('-','2021-01-11 11:43:11','-','2021-01-11 11:43:11',0,1301,'Fish production distribution pattern among the provincial or any administrative levels, North, East, South, West and North-western provinces.','',0,0,0,0,3,21,NULL,2,11,NULL,NULL,NULL,NULL,0,0,NULL,4,'Location Maps reports','','',1,NULL,NULL,'',1),('-','2021-01-11 11:43:11','-','2021-01-11 11:43:11',0,1302,'Distribution of warmth-adapted marine species','',0,0,0,0,3,1,NULL,3,21,NULL,NULL,NULL,NULL,0,0,NULL,4,'Distribution of warmth-adapted marine species','','',1,NULL,NULL,'',1),('-','2021-01-11 11:43:11','-','2021-01-11 11:43:11',0,1303,'Current status of fisheries industry of Sri Lanka (Marine, Coastal and Inland) its contribution to the national economy,','',0,0,0,0,3,1,NULL,3,21,NULL,NULL,NULL,NULL,0,0,NULL,4,'Reports, maps','','',1,NULL,NULL,'',1),('-','2021-01-11 11:43:11','-','2021-01-11 11:43:11',0,1304,'Completion of the assessments (climate change impacts on lagoon and coastal fisheries) and reports made available','',0,0,0,0,3,1,NULL,3,21,NULL,NULL,NULL,NULL,0,0,NULL,4,'Completion of the assessments (climate change impacts on lagoon and coastal fisheries) and reports made available','','',1,NULL,NULL,'',1),('-','2021-01-11 11:43:11','-','2021-01-11 11:43:11',0,1305,'Completion of assessments conducted on climate change impacts on reef fish stock and reports made available','',0,0,0,0,3,1,NULL,3,21,NULL,NULL,NULL,NULL,0,0,NULL,4,'Completion of assessments conducted on climate change impacts on reef fish stock and reports made available','','',1,NULL,NULL,'',1),('-','2021-01-11 11:43:11','-','2021-01-11 11:43:11',0,1306,'Coastal profiles covering Divisional secretariat level data or coastal segment based data, on physical vulnerable status of coastal areas. Any study carried out on climate change impacts on Coastal zone of Sri Lanka.','',0,0,0,0,3,1,NULL,3,21,NULL,NULL,NULL,NULL,0,0,NULL,4,'Reports, maps','','',1,NULL,NULL,'',1),('-','2021-01-11 11:43:11','-','2021-01-11 11:43:11',0,1307,'Bathymetric charts and maps, particularly for shallow water areas (<10-m depth);','',0,0,0,0,3,1,NULL,3,21,NULL,NULL,NULL,NULL,0,0,NULL,4,'Maps','','',1,NULL,NULL,'',1),('-','2021-01-11 11:43:11','-','2021-01-11 11:43:11',0,1308,'Arial photographs of coastal area, topographic data, including regular contours, 1:10,000 scale. LiDA data covering entire coastal zone, contour maps, 0 line, 1 m, 2m and 5m contour lines','',0,0,0,0,3,1,NULL,3,21,NULL,NULL,NULL,NULL,0,0,NULL,4,'Maps, images','','',1,NULL,NULL,'',1),('-','2021-01-11 11:43:11','-','2021-01-11 11:43:11',0,1309,'Major fishing activities in Sri Lanka, coastal fishing including Madal, marine and inland including aquaculture and its geographic distribution.','Fisheries Statistics Report 2020',0,0,0,0,3,1,NULL,3,21,NULL,NULL,NULL,NULL,0,0,NULL,4,'Tables, reports, maps','','',1,NULL,NULL,'',1),('-','2021-01-11 11:43:11','-','2021-01-11 11:43:11',0,1310,'Processing and preserving of mollusks by DSD','',0,0,0,0,3,1,38,3,21,NULL,NULL,NULL,NULL,0,0,NULL,4,'Processing and preserving of mollusks by DSD','0','',1,NULL,NULL,'',1),('-','2021-01-11 11:43:11','-','2021-01-11 11:43:11',0,1311,'Processing and preserving of crustaceans by DSD','',0,0,0,0,3,1,38,3,21,NULL,NULL,NULL,NULL,0,0,NULL,4,'Processing and preserving of crustaceans by DSD','0','1000000',1,NULL,NULL,'',1),('-','2021-01-11 11:43:11','-','2021-01-11 11:43:11',0,1312,'Processing and preserving of fish by DSD','33400',0,0,0,0,3,1,38,3,21,NULL,NULL,NULL,NULL,0,0,NULL,4,'Quantity of dried fish production, 2006','0','',1,NULL,NULL,'',1),('-','2021-01-11 11:43:11','-','2021-01-11 11:43:11',0,1313,'Total annual fish prediction for next 10 years, 20 years and 50 years (Marine, Coastal and Inland).','',0,0,0,0,3,1,38,3,21,NULL,NULL,NULL,NULL,0,0,NULL,4,'Tables, Reports, Maps','0','',1,NULL,NULL,'',1),('-','2021-01-11 11:43:11','-','2021-01-11 11:43:11',0,1314,'Total Large Pelagic Marine Fish Capture','44760',0,0,0,0,3,1,38,3,21,NULL,NULL,NULL,NULL,0,0,NULL,4,'Total Large Pelagic Marine Fish - Yellowfin Tuna Capture, 2019','0','100000',1,NULL,NULL,'',1),('-','2021-01-11 11:43:11','-','2021-01-11 11:43:11',0,1315,'Total imports of fish and fishery products','95637',0,0,0,0,3,1,38,3,21,NULL,NULL,NULL,NULL,0,0,NULL,4,'Total imports of fish and fishery products, 2019','0','100000',1,NULL,NULL,'',1),('-','2021-01-11 11:43:11','-','2021-01-11 11:43:11',0,1316,'Total Aquaculture Production','90340',0,0,0,0,3,1,38,3,21,NULL,NULL,NULL,NULL,0,0,NULL,4,'Total Aquaculture Production, 2019','0','1000000',1,NULL,NULL,'',1),('-','2021-01-11 11:43:11','-','2021-01-11 11:43:11',0,1317,'Total exports of fish and fishery products','28771',0,0,0,0,3,1,38,3,21,NULL,NULL,NULL,NULL,0,0,NULL,4,'Total exports of fish and fishery products, 2019','0','1000000',1,NULL,NULL,'',1),('-','2021-01-11 11:43:11','-','2021-01-11 11:43:11',0,1318,'Molluscs excl. Cephalopods in capture production','',0,0,0,0,3,1,38,3,21,NULL,NULL,NULL,NULL,0,0,NULL,4,'Molluscs excl. Cephalopods in capture production','0','',1,NULL,NULL,'',1),('-','2021-01-11 11:43:11','-','2021-01-11 11:43:11',0,1319,'Freshwater and Diadromous Fish  in capture production','5683',0,0,0,0,3,1,38,3,21,NULL,NULL,NULL,NULL,0,0,NULL,4,'Production of Aquaculture - Brakish water, Lagoon fishes, 2019','0','100000',1,NULL,NULL,'',1),('-','2021-01-11 11:43:11','-','2021-01-11 11:43:11',0,1320,'Fisheries exports, volume, value, varieties, current status, projections.','28771',0,0,0,0,3,1,38,3,21,NULL,NULL,NULL,NULL,0,0,NULL,4,'Reports, internal documents Fisheries export quantity 2019','0','100000',1,NULL,NULL,'',1),('-','2021-01-11 11:43:11','-','2021-01-11 11:43:11',0,1321,'Fisheries sector contribution from Northern, North Western and Eastern provinces of Sri Lanka ( if there is any particular data or information)','44390',0,0,0,0,3,1,38,3,21,NULL,NULL,NULL,NULL,0,0,NULL,4,'Internal data, reports, maps, unpublished documents (Fisheries production from Northern provinces - Jaffna of Sri Lanka, 2019)','0','100000',1,NULL,NULL,'',1),('-','2021-01-11 11:43:11','-','2021-01-11 11:43:11',0,1322,'Decreased annual average fish catch as a result of temperature change','',0,0,0,0,3,1,38,3,21,NULL,NULL,NULL,NULL,0,0,NULL,4,'Decreased annual average fish catch as a result of temperature change','0','',1,NULL,NULL,'',1),('-','2021-01-11 11:43:11','-','2021-01-11 11:43:11',0,1323,'Demersal Marine Fish in capture production','7740',0,0,0,0,3,1,38,3,21,NULL,NULL,NULL,NULL,0,0,NULL,4,'Thora/Seer fish as a Demersal Marine Fish in capture production, 2019','0','100000',1,NULL,NULL,'',1),('-','2021-01-11 11:43:11','-','2021-01-11 11:43:11',0,1324,'Crustaceans in capture production','16930',0,0,0,0,3,1,38,3,21,NULL,NULL,NULL,NULL,0,0,NULL,4,'Shrimps in capture production,2019','0','100000',1,NULL,NULL,'',1),('-','2021-01-11 11:43:11','-','2021-01-11 11:43:11',0,1325,'Capture production by inland','90340',0,0,0,0,3,1,38,3,21,NULL,NULL,NULL,NULL,0,0,NULL,4,'Production by inland and aquaculture, 2019','0','1000000',1,NULL,NULL,'',1),('-','2021-01-11 11:43:11','-','2021-01-11 11:43:11',0,1326,'Capture production by marine waters','415490',0,0,0,0,3,1,38,3,21,NULL,NULL,NULL,NULL,0,0,NULL,4,'Capture production by marine waters','0','10000000',1,NULL,NULL,'',1),('-','2021-01-11 11:43:11','-','2021-01-11 11:43:11',0,1327,'Cephalopods in capture production','190',0,0,0,0,3,1,38,3,21,NULL,NULL,NULL,NULL,0,0,NULL,4,'Cuttle fish and bobtail squid in capture production, 2005','0','100000',1,NULL,NULL,'',1),('-','2021-01-11 11:43:11','-','2021-01-11 11:43:11',0,1328,'Aquaculture production by brackish water','13004',0,0,0,0,3,1,38,3,21,NULL,NULL,NULL,NULL,0,0,NULL,4,'Aquaculture production by brackish water','0','1000000',1,NULL,NULL,'',1),('-','2021-01-11 11:43:11','-','2021-01-11 11:43:11',0,1329,'Aquaculture production by freshwater','4106',0,0,0,0,3,1,38,3,21,NULL,NULL,NULL,NULL,0,0,NULL,4,'Total fish production for Inland and Aquaculture','0','1000000',1,NULL,NULL,'',1),('-','2021-01-11 11:43:11','-','2021-01-11 11:43:11',0,1330,'Aquatic animals in Capture production','415490',0,0,0,0,3,1,38,3,21,NULL,NULL,NULL,NULL,0,0,NULL,4,'Total capture of marine fish, 2019','0','1000000',1,NULL,NULL,'',1),('-','2021-01-11 11:43:11','-','2021-01-11 11:43:11',0,1331,'Area damaged by salt water intrusion to inland fisheries','',0,0,0,0,3,1,54,3,21,NULL,NULL,NULL,NULL,0,0,NULL,4,'Area damaged by salt water intrusion to inland fisheries','0','',1,NULL,NULL,'',1),('-','2021-01-11 11:43:11','-','2021-01-11 11:43:11',0,1332,'Decline in fish habitats due to temperature change','',0,0,0,0,3,1,54,3,21,NULL,NULL,NULL,NULL,0,0,NULL,4,'Decline in fish habitats due to temperature change','0','',1,NULL,NULL,'',1),('-','2021-01-11 11:43:11','-','2021-01-11 11:43:11',0,1333,'Consumer Prices of fresh fish at Colombo city','',0,0,0,0,3,1,85,3,21,NULL,NULL,NULL,NULL,0,0,NULL,4,'Retail price of Yellow fin Tuna in Colombo Region, 2019','0','',1,NULL,NULL,'',1),('-','2021-01-11 11:43:11','-','2021-01-11 11:43:11',0,1334,'Farm gate prices of fresh fish- Sri Lanka','696',0,0,0,0,3,1,85,3,21,NULL,NULL,NULL,NULL,0,0,NULL,4,'Wholesale price of Thalapath/Sail fish in Colombo region, 2019','0','10000',1,NULL,NULL,'',1),('-','2021-01-11 11:43:11','-','2021-01-11 11:43:11',0,1336,'Socio-Economic data related to fisheries sector including coastal and inland','',0,0,0,0,3,1,61,3,21,NULL,NULL,NULL,NULL,0,0,NULL,4,'Reports, published and unpublished documents.','0','',1,NULL,NULL,'',1),('-','2021-01-11 11:43:11','-','2021-01-11 11:43:11',0,1337,'Research and studies related to fisheries sector vulnerability to climate changes and its impacts.','',0,0,0,0,3,1,61,3,21,NULL,NULL,NULL,NULL,0,0,NULL,4,'Reports, presentations, papers and internal reports','0','',1,NULL,NULL,'',1),('-','2021-01-11 11:43:11','-','2021-01-11 11:43:11',0,1338,'Number of. of fishing Vessel monitoring and tracking system established','',0,0,0,0,3,1,61,3,21,NULL,NULL,NULL,NULL,0,0,NULL,4,'Number of. of fishing Vessel monitoring and tracking system established','0','',1,NULL,NULL,'',1),('-','2021-01-11 11:43:11','-','2021-01-11 11:43:11',0,1339,'Number of monitoring systems available to measure essential biophysical parameters','',0,0,0,0,3,1,61,3,21,NULL,NULL,NULL,NULL,0,0,NULL,4,'Number of monitoring systems available to measure essential biophysical parameters','0','',1,NULL,NULL,'',1),('-','2021-01-11 11:43:11','-','2021-01-11 11:43:11',0,1340,'Number of Fisheries Management Plans','',0,0,0,0,3,1,61,3,21,NULL,NULL,NULL,NULL,0,0,NULL,4,'Number of Fisheries Management Plans','0','',1,NULL,NULL,'',1),('-','2021-01-11 11:43:11','-','2021-01-11 11:43:11',0,1341,'Number of awareness programs on the use of safety equipment in tolerating extreme weather events','',0,0,0,0,3,1,61,3,21,NULL,NULL,NULL,NULL,0,0,NULL,4,'Number of awareness programs on the use of safety equipment in tolerating extreme weather events','0','',1,NULL,NULL,'',1),('-','2021-01-11 11:43:11','-','2021-01-11 11:43:11',0,1342,'No. of the assessments conducted on long-term structural changes oceanic habitats and composition of species','',0,0,0,0,3,1,61,3,21,NULL,NULL,NULL,NULL,0,0,NULL,4,'No. of the assessments conducted on long-term structural changes oceanic habitats and composition of species','0','',1,NULL,NULL,'',1),('-','2021-01-11 11:43:11','-','2021-01-11 11:43:11',0,1343,'No. of the assessments conducted on completion of the assessment (climate change impacts on lagoon and coastal fisheries)','',0,0,0,0,3,1,61,3,21,NULL,NULL,NULL,NULL,0,0,NULL,4,'No. of the assessments conducted on completion of the assessment (climate change impacts on lagoon and coastal fisheries)','0','',1,NULL,NULL,'',1),('-','2021-01-11 11:43:11','-','2021-01-11 11:43:11',0,1344,'No. of the assessments conducted on climate change impacts on reef fish stock','',0,0,0,0,3,1,61,3,21,NULL,NULL,NULL,NULL,0,0,NULL,4,'No. of the assessments conducted on climate change impacts on reef fish stock','0','',1,NULL,NULL,'',1),('-','2021-01-11 11:43:11','-','2021-01-11 11:43:11',0,1345,'No. of monitoring systems available to measure essential biophysical parameters','',0,0,0,0,3,1,61,3,21,NULL,NULL,NULL,NULL,0,0,NULL,4,'No. of monitoring systems available to measure essential biophysical parameters','0','',1,NULL,NULL,'',1),('-','2021-01-11 11:43:11','-','2021-01-11 11:43:11',0,1346,'Monthly Salinity','',0,0,0,0,3,1,61,3,21,NULL,NULL,NULL,NULL,0,0,NULL,4,'Monthly Salinity','0','',1,NULL,NULL,'',1),('-','2021-01-11 11:43:11','-','2021-01-11 11:43:11',0,1347,'Identified Fisheries Management Areas and proposed fisheries management Areas.','',0,0,0,0,3,1,61,3,21,NULL,NULL,NULL,NULL,0,0,NULL,4,'Identified Fisheries Management Areas and proposed fisheries management Areas.','0','',1,NULL,NULL,'',1),('-','2021-01-11 11:43:11','-','2021-01-11 11:43:11',0,1348,'Employment of fisheries sector among the major fisheries sector categories, Marine, Coastal, lagoon and Estuaries system or areas','9590',0,0,0,0,3,1,61,3,21,NULL,NULL,NULL,NULL,0,0,NULL,4,'Tables, reports, maps No of fishers in marine fisheries in Negambo, 2019','0','100000',1,NULL,NULL,'',1),('-','2021-01-11 11:43:11','-','2021-01-11 11:43:11',0,1349,'Employment, Livelihood, infrastructure of fisheries sector, fisheries harbours and its revenues, annual fish production (Marine, Coastal and Inland)','14',0,0,0,0,3,1,61,3,21,NULL,NULL,NULL,NULL,0,0,NULL,4,'Tables, reports, maps','0','100',1,NULL,NULL,'',1),('-','2021-01-11 11:43:11','-','2021-01-11 11:43:11',0,1350,'Existing Fisheries Sector laws, policies and management strategies','9',0,0,0,0,3,1,61,3,21,NULL,NULL,NULL,NULL,0,0,NULL,4,'No of Existing Fisheries Sector laws, policies and management strategies in years 2018-2020','0','100',1,NULL,NULL,'',1),('-','2021-01-11 11:43:11','-','2021-01-11 11:43:11',0,1351,'Inland Fishing Craft','9785',0,0,0,0,3,1,61,3,21,NULL,NULL,NULL,NULL,0,0,NULL,4,'No of Inland Fishing Craft, 2019','0','100000',1,NULL,NULL,'',1),('-','2021-01-11 11:43:11','-','2021-01-11 11:43:11',0,1352,'Major Species in Capture production','13',0,0,0,0,3,1,61,3,21,NULL,NULL,NULL,NULL,0,0,NULL,4,'No of major Species in Capture production','0','100',1,NULL,NULL,'',1),('-','2021-01-11 11:43:11','-','2021-01-11 11:43:11',0,1353,'Women contribution of fishery industry','59',0,0,0,0,3,1,61,3,21,NULL,NULL,NULL,NULL,0,0,NULL,4,'Internal data, reports, maps, unpublished documents (Fisher-women in Inland fisheries Kalutara, 2019)','0','1000',1,NULL,NULL,'',1),('-','2021-01-11 11:43:11','-','2021-01-11 11:43:11',0,1354,'Weekly Average Sea Surface pH','',0,0,0,0,3,1,61,3,21,NULL,NULL,NULL,NULL,0,0,NULL,4,'Weekly Average Sea Surface pH','0','',1,NULL,NULL,'',1),('-','2021-01-11 11:43:11','-','2021-01-11 11:43:11',0,1355,'Weekly Average Sea Surface Partial Pressure of  CO2','',0,0,0,0,3,1,NULL,3,21,NULL,NULL,NULL,NULL,0,0,NULL,4,'Weekly Average Sea Surface Partial Pressure of  CO2','','',1,NULL,NULL,'',1),('-','2021-01-11 11:43:11','-','2021-01-11 11:43:11',0,1356,'Operating fishing fleet in Sri Lanka','58846',0,0,0,0,3,1,61,3,21,NULL,NULL,NULL,NULL,0,0,NULL,4,'Operating fishing fleet in Sri Lanka, 2019','0','100000',1,NULL,NULL,'',1),('-','2021-01-11 11:43:11','-','2021-01-11 11:43:11',0,1357,'Number of Boats','48976',0,0,0,0,3,1,61,3,21,NULL,NULL,NULL,NULL,0,0,NULL,4,'Total number of Boats for marine fisheries, 2019','0','1000000',1,NULL,NULL,'',1),('-','2021-01-11 11:43:11','-','2021-01-11 11:43:11',0,1358,'Number of  fishers for Aquaculture Fisheries','410',0,0,0,0,3,1,61,3,21,NULL,NULL,NULL,NULL,0,0,NULL,4,'Number of  fishers (men and women) for Aquaculture Fisheries in Colombo, 2019','0','1000000',1,NULL,NULL,'',1),('-','2021-01-11 11:43:11','-','2021-01-11 11:43:11',0,1359,'Number of  fishers for Inland Fisheries','70715',0,0,0,0,3,1,61,3,21,NULL,NULL,NULL,NULL,0,0,NULL,4,'Number of  fishers (men and women) for Inland Sector, 2018','0','10000000',1,NULL,NULL,'',1),('-','2021-01-11 11:43:11','-','2021-01-11 11:43:11',0,1360,'Number of  fishers for Marine Fish','224610',0,0,0,0,3,1,61,3,21,NULL,NULL,NULL,NULL,0,0,NULL,4,'Number of  fishers (men and women) for Marine Sector, 2019','0','10000000',1,NULL,NULL,'',1),('-','2021-01-11 11:43:11','-','2021-01-11 11:43:11',0,1361,'Household fish consumption for one month','487',0,0,0,0,3,1,83,3,21,NULL,NULL,NULL,NULL,0,0,NULL,4,'Average monthly household (3.8 persons) fish consumption of sprats, 2016','0','10000',1,NULL,NULL,'',1),('-','2021-01-11 11:43:11','-','2021-01-11 11:43:11',0,1362,'Money allocated for strengthening the early warning system under purview of DFAR*','',0,0,0,0,3,1,85,3,21,NULL,NULL,NULL,NULL,0,0,NULL,4,'Money allocated for strengthening the early warning system under purview of DFAR*','0','',1,NULL,NULL,'',1),('-','2021-01-11 11:43:11','-','2021-01-11 11:43:11',0,1363,'Per capita Availability of calories, proteins and fat by fresh, dried, salted, tinned fish','9',0,0,0,0,3,1,83,3,21,NULL,NULL,NULL,NULL,0,0,NULL,4,'Per capita Availability of proteins from fish and seafood per day, 2017','0','10000',1,NULL,NULL,'',1),('-','2021-01-11 11:43:11','-','2021-01-11 11:43:11',0,1364,'Percentage of coastline under marine protection','',0,0,0,0,3,1,52,3,21,NULL,NULL,NULL,NULL,0,0,NULL,4,'Percentage of coastline under marine protection','0','',1,NULL,NULL,'',1),('-','2021-01-11 11:43:11','-','2021-01-11 11:43:11',0,1365,'Livestock diseases data','',0,0,0,0,3,1,NULL,3,10,NULL,NULL,NULL,NULL,0,0,NULL,4,'Livestock diseases data','','',1,NULL,NULL,'',1),('-','2021-01-11 11:43:11','-','2021-01-11 11:43:11',0,1366,'Types of clean and renewable energy sources for livestock related activities','',0,0,0,0,3,1,NULL,3,10,NULL,NULL,NULL,NULL,0,0,NULL,4,'Types of clean and renewable energy sources for livestock related activities','','',1,NULL,NULL,'',1),('-','2021-01-11 11:43:11','-','2021-01-11 11:43:11',0,1367,'Annual Livestock Mortality rate','10859',0,0,0,0,3,1,61,3,10,NULL,NULL,NULL,NULL,0,0,NULL,4,'Number of Cattle slaughtered in Gampaha 2019','0','100000',1,NULL,NULL,'',1),('-','2021-01-11 11:43:11','-','2021-01-11 11:43:11',0,1368,'Average annual Production of eggs, 2019','2630740000',0,0,0,0,3,1,61,3,10,NULL,NULL,NULL,NULL,0,0,NULL,4,'Average annual Production of eggs, 2019','0','1000000',1,NULL,NULL,'',1),('-','2021-01-11 11:43:11','-','2021-01-11 11:43:11',0,1369,'Goat & Sheep Population','549397',0,0,0,0,3,1,61,3,10,NULL,NULL,NULL,NULL,0,0,NULL,4,'Goat & Sheep Population, 2019','0','1000000',1,NULL,NULL,'',1),('-','2021-01-11 11:43:11','-','2021-01-11 11:43:11',0,1370,'Number of disease resistant breeds developed for each livestock types','',0,0,0,0,3,1,61,3,10,NULL,NULL,NULL,NULL,0,0,NULL,4,'Number of disease resistant breeds developed for each livestock types','0','',1,NULL,NULL,'',1),('-','2021-01-11 11:43:11','-','2021-01-11 11:43:11',0,1371,'Number of fodder production and conservation techniques developed','',0,0,0,0,3,1,61,3,10,NULL,NULL,NULL,NULL,0,0,NULL,4,'Number of fodder production and conservation techniques developed','0','',1,NULL,NULL,'',1),('-','2021-01-11 11:43:11','-','2021-01-11 11:43:11',0,1372,'Number of techniques promoted on fodder production and conservation','',0,0,0,0,3,1,61,3,10,NULL,NULL,NULL,NULL,0,0,NULL,4,'Number of techniques promoted on fodder production and conservation','0','',1,NULL,NULL,'',1),('-','2021-01-11 11:43:11','-','2021-01-11 11:43:11',0,1373,'Number of milk collecting / production centers','174',0,0,0,0,3,1,61,3,10,NULL,NULL,NULL,NULL,0,0,NULL,4,'Number of milk collecting centres in Matale, 2019','0','1000',1,NULL,NULL,'',1),('-','2021-01-11 11:43:11','-','2021-01-11 11:43:11',0,1374,'Per capita Availability of calories, proteins and fat by meat, eggs, and milk','149',0,0,0,0,3,1,61,3,10,NULL,NULL,NULL,NULL,0,0,NULL,4,'Per capita Availability of calories in milk and milk products per day, 2019','0','1000',1,NULL,NULL,'',1),('-','2021-01-11 11:43:11','-','2021-01-11 11:43:11',0,1375,'Per Capita Availability of Eggs per year','120.25',0,0,0,0,3,1,61,3,10,NULL,NULL,NULL,NULL,0,0,NULL,4,'Per Capita Availability of Eggs per year, 2019','0','1000',1,NULL,NULL,'',1),('-','2021-01-11 11:43:11','-','2021-01-11 11:43:11',0,1376,'slaughter statistics by district','1945',0,0,0,0,3,1,61,3,10,NULL,NULL,NULL,NULL,0,0,NULL,4,'No of slaughtered swine in Matale, 2019','0','10000',1,NULL,NULL,'',1),('-','2021-01-11 11:43:11','-','2021-01-11 11:43:11',0,1377,'Swine Population','141818',0,0,0,0,3,1,61,3,10,NULL,NULL,NULL,NULL,0,0,NULL,4,'Swine Population','0','5000000',1,NULL,NULL,'',1),('-','2021-01-11 11:43:11','-','2021-01-11 11:43:11',0,1378,'No. of Poultry dependent families of total population by DSD','',0,0,0,0,3,1,61,3,10,NULL,NULL,NULL,NULL,0,0,NULL,4,'No. of Poultry dependent families of total population by DSD','0','',1,NULL,NULL,'',1),('-','2021-01-11 11:43:11','-','2021-01-11 11:43:11',0,1379,'% of livestock dependent families of total population by DSD','',0,0,0,0,3,1,52,3,10,NULL,NULL,NULL,NULL,0,0,NULL,4,'% of livestock dependent families of total population by DSD','0','',1,NULL,NULL,'',1),('-','2021-01-11 11:43:11','-','2021-01-11 11:43:11',0,1380,'Percentage of livestock insured against death due to extreme and slow-onset weather events','',0,0,0,0,3,1,52,3,10,NULL,NULL,NULL,NULL,0,0,NULL,4,'Percentage of livestock insured against death due to extreme and slow-onset weather events','0','',1,NULL,NULL,'',1),('-','2021-01-11 11:43:11','-','2021-01-11 11:43:11',0,1381,'Annual export of Meat of Swine','14578',0,0,0,0,3,1,37,3,10,NULL,NULL,NULL,NULL,0,0,NULL,4,'Annual export of Meat of Swine, 2019','0','1000000',1,NULL,NULL,'',1),('-','2021-01-11 11:43:11','-','2021-01-11 11:43:11',0,1382,'Annual import of Meat of Swine','143581',0,0,0,0,3,1,37,3,10,NULL,NULL,NULL,NULL,0,0,NULL,4,'Annual import of Meat of Swine,2019','0','1000000',1,NULL,NULL,'',1),('-','2021-01-11 11:43:11','-','2021-01-11 11:43:11',0,1383,'Export amount of goat and sheep meat','58',0,0,0,0,3,1,37,3,10,NULL,NULL,NULL,NULL,0,0,NULL,4,'Export amount of goat and sheep meat, 2017','0','1000',1,NULL,NULL,'',1),('-','2021-01-11 11:43:11','-','2021-01-11 11:43:11',0,1384,'Exports of beef and beef products','59364',0,0,0,0,3,1,37,3,10,NULL,NULL,NULL,NULL,0,0,NULL,4,'Exports of beef and beef products, 2019','0','1000000',1,NULL,NULL,'',1),('-','2021-01-11 11:43:11','-','2021-01-11 11:43:11',0,1385,'Exports of Milk and Milk Products','1366712',0,0,0,0,3,1,37,3,10,NULL,NULL,NULL,NULL,0,0,NULL,4,'Exports of Milk and Milk Products, 2019','0','5000000',1,NULL,NULL,'',1),('-','2021-01-11 11:43:11','-','2021-01-11 11:43:11',0,1386,'Import of beef and beef products ','116766',0,0,0,0,3,1,37,3,10,NULL,NULL,NULL,NULL,0,0,NULL,4,'Import of beef and beef products, 2019 ','0','1000000',1,NULL,NULL,'',1),('-','2021-01-11 11:43:11','-','2021-01-11 11:43:11',0,1387,'Import amount of goat and sheep meat','1214090',0,0,0,0,3,1,37,3,10,NULL,NULL,NULL,NULL,0,0,NULL,4,'Import amount of goat and sheep meat, 2019','0','5000000',1,NULL,NULL,'',1),('-','2021-01-11 11:43:11','-','2021-01-11 11:43:11',0,1388,'Import of Milk and Milk Products','98837756',0,0,0,0,3,1,37,3,10,NULL,NULL,NULL,NULL,0,0,NULL,4,'Import of Milk and Milk Products, 2019','0','1000000000',1,NULL,NULL,'',1),('-','2021-01-11 11:43:11','-','2021-01-11 11:43:11',0,1389,'Per-capita Availability of beef','1.37',0,0,0,0,3,1,37,3,10,NULL,NULL,NULL,NULL,0,0,NULL,4,'Per-capita Availability of beef per year, 2019','0','1000',1,NULL,NULL,'',1),('-','2021-01-11 11:43:11','-','2021-01-11 11:43:11',0,1390,'Total average annual Milk Production','424131092',0,0,0,0,3,1,37,3,10,NULL,NULL,NULL,NULL,0,0,NULL,4,'Total average annual Milk Production (cows and Baffalos)','0','1000000',1,NULL,NULL,'',1),('-','2021-01-11 11:43:11','-','2021-01-11 11:43:11',0,1391,'Average annual Pork Production','7802',0,0,0,0,3,1,38,3,10,NULL,NULL,NULL,NULL,0,0,NULL,4,'Average annual Pork Production, 2019','0','',1,NULL,NULL,'',1),('-','2021-01-11 11:43:11','-','2021-01-11 11:43:11',0,1392,'Average annual Chicken Meat Production','224010',0,0,0,0,3,1,38,3,10,NULL,NULL,NULL,NULL,0,0,NULL,4,'Average annual Chicken Meat Production, 2019','0','',1,NULL,NULL,'',1),('-','2021-01-11 11:43:11','-','2021-01-11 11:43:11',0,1393,'Average annual Mutton Production, 2018','2000',0,0,0,0,3,1,38,3,10,NULL,NULL,NULL,NULL,0,0,NULL,4,'Average annual Mutton Production, 2019','0','10000',1,NULL,NULL,'',1),('-','2021-01-11 11:43:11','-','2021-01-11 11:43:11',0,1394,'Average annual cow Milk Production','7802',0,0,0,0,3,1,38,3,10,NULL,NULL,NULL,NULL,0,0,NULL,4,'Average annual cow Milk Production','0','',1,NULL,NULL,'',1),('-','2021-01-11 11:43:11','-','2021-01-11 11:43:11',0,1395,'Average annual beef Production ','28420',0,0,0,0,3,1,38,3,10,NULL,NULL,NULL,NULL,0,0,NULL,4,'Average annual beef Production, 2018 ','0','100000',1,NULL,NULL,'',1),('-','2021-01-11 11:43:11','-','2021-01-11 11:43:11',0,1396,'Amount of money allocated for promotion of fodder production and conservation','',0,0,0,0,3,1,85,3,10,NULL,NULL,NULL,NULL,0,0,NULL,4,'Amount of money allocated for promotion of fodder production and conservation','0','',1,NULL,NULL,'',1),('-','2021-01-11 11:43:11','-','2021-01-11 11:43:11',0,1397,'Average annual buffalo Milk Production','67540975',0,0,0,0,3,1,47,3,10,NULL,NULL,NULL,NULL,0,0,NULL,4,'Average annual buffalo Milk Production, 2019','0','100000',1,NULL,NULL,'',1),('-','2021-01-11 11:43:11','-','2021-01-11 11:43:11',0,1398,'Average annual cow Milk Production','356590117',0,0,0,0,3,1,47,3,10,NULL,NULL,NULL,NULL,0,0,NULL,4,'Average annual cow Milk Production, 2019','0','',1,NULL,NULL,'',1),('-','2021-01-11 11:43:11','-','2021-01-11 11:43:11',0,1399,'Average buffalo population, 2019','472192',0,0,0,0,3,1,61,3,10,NULL,NULL,NULL,NULL,0,0,NULL,4,'Average buffalo population, 2019','0','1000000',1,NULL,NULL,'',1),('-','2021-01-11 11:43:11','-','2021-01-11 11:43:11',0,1400,'Average cost of unit production of chicken meat','',0,0,0,0,3,1,100,3,10,NULL,NULL,NULL,NULL,0,0,NULL,4,'Average cost of unit production of chicken meat','0','',1,NULL,NULL,'',1),('-','2021-01-11 11:43:11','-','2021-01-11 11:43:11',0,1401,'Average cost of unit production of beef','',0,0,0,0,3,1,100,3,10,NULL,NULL,NULL,NULL,0,0,NULL,4,'Average cost of unit production of beef','0','',1,NULL,NULL,'',1),('-','2021-01-11 11:43:11','-','2021-01-11 11:43:11',0,1402,'Average cost of unit production of pork','',0,0,0,0,3,1,100,3,10,NULL,NULL,NULL,NULL,0,0,NULL,4,'Average cost of unit production of pork','0','',1,NULL,NULL,'',1),('-','2021-01-11 11:43:11','-','2021-01-11 11:43:11',0,1403,'Average unit retail Price of chicken meat','',0,0,0,0,3,1,100,3,10,NULL,NULL,NULL,NULL,0,0,NULL,4,'Average unit retail Price of chicken meat','0','',1,NULL,NULL,'',1),('-','2021-01-11 11:43:11','-','2021-01-11 11:43:11',0,1404,'Average cost of unit production of Mutton','310',0,0,0,0,3,1,100,3,10,NULL,NULL,NULL,NULL,0,0,NULL,4,'Average cost of unit production of Mutton, 2018','0','10000',1,NULL,NULL,'',1),('-','2021-01-11 11:43:11','-','2021-01-11 11:43:11',0,1405,'Average unit retail Price of beef','995.61',0,0,0,0,3,1,100,3,10,NULL,NULL,NULL,NULL,0,0,NULL,4,'Average unit retail Price of beef, 2019','0','10000',1,NULL,NULL,'',1),('-','2021-01-11 11:43:11','-','2021-01-11 11:43:11',0,1406,'Average unit retail Price of pork','700',0,0,0,0,3,1,100,3,10,NULL,NULL,NULL,NULL,0,0,NULL,4,'Average unit retail Price of pork, 2019','0','10000',1,NULL,NULL,'',1),('-','2021-01-11 11:43:11','-','2021-01-11 11:43:11',0,1409,'Total number of entomological surveillance days spent by entomological teams for a given year in Sri Lanka','',0,0,0,0,3,1,61,3,1,NULL,NULL,NULL,NULL,0,0,NULL,4,'Total number of entomological surveillance days spent by entomological teams for a given year in Sri Lanka','0','',1,NULL,NULL,'',1),('-','2021-01-11 11:43:11','-','2021-01-11 11:43:11',0,1410,'No of tauma patients due to natural disasters by year','',0,0,0,0,3,1,61,3,1,NULL,NULL,NULL,NULL,0,0,NULL,4,'No of tauma patients due to natural disasters','0','',1,NULL,NULL,'',1),('-','2021-01-11 11:43:11','-','2021-01-11 11:43:11',0,1411,'Number of blood smears taken per annum for malaria activated passive case detection','1128667',0,0,0,0,3,1,61,3,1,NULL,NULL,NULL,NULL,0,0,NULL,4,'Number of blood smears taken for Malaria per annum, 2018','0','10000000',1,NULL,NULL,'',1),('-','2021-01-11 11:43:11','-','2021-01-11 11:43:11',0,1412,'Number of blood smears taken for passive case detection of malaria per year','',0,0,0,0,3,1,61,3,1,NULL,NULL,NULL,NULL,0,0,NULL,4,'Number of blood smears taken for passive case detection of malaria per year','0','',1,NULL,NULL,'',1),('-','2021-01-11 11:43:11','-','2021-01-11 11:43:11',0,1413,'Number of blood smears taken for active case detection of malaria per year','',0,0,0,0,3,1,61,3,1,NULL,NULL,NULL,NULL,0,0,NULL,4,'Number of blood smears taken for active case detection of malaria per annum','0','',1,NULL,NULL,'',1),('-','2021-01-11 11:43:11','-','2021-01-11 11:43:11',0,1414,'Number of micronutrient/ MA nutrient ( (anaemia and iron deficiency, vitamin A deficiency, Iodine deficiency) cases identified by year*','8819',0,0,0,0,3,1,61,3,1,NULL,NULL,NULL,NULL,0,0,NULL,4,'Number of micronutrient/ MA nutrient deficiency cases identified - Iron deficiency anemia, 2018','0','100000',1,NULL,NULL,'',1),('-','2021-01-11 11:43:11','-','2021-01-11 11:43:11',0,1415,'Number of beds in private hospitals by year*','',0,0,0,0,3,1,61,3,1,NULL,NULL,NULL,NULL,0,0,NULL,4,'Number of beds in private hospitals by year*','0','',1,NULL,NULL,'',1),('-','2021-01-11 11:43:11','-','2021-01-11 11:43:11',0,1416,'Number of government ayurveda hospitals in Sri Lanka by year* ','',0,0,0,0,3,1,61,3,1,NULL,NULL,NULL,NULL,0,0,NULL,4,'Number of government ayurveda hospitals in Sri Lanka* ','0','',1,NULL,NULL,'',1),('-','2021-01-11 11:43:11','-','2021-01-11 11:43:11',0,1417,'No of incident cases of CKDU per year by distrct','',0,0,0,0,3,1,61,3,1,NULL,NULL,NULL,NULL,0,0,NULL,4,'No of incident cases of CKDU per year by distrct','0','',1,NULL,NULL,'',1),('-','2021-01-11 11:43:11','-','2021-01-11 11:43:11',0,1418,'Number of disaster preparedness drills conducted by hospitals per year*','',0,0,0,0,3,1,61,3,1,NULL,NULL,NULL,NULL,0,0,NULL,4,'Number of disaster preparedness drills conducted by hospitals*','0','',1,NULL,NULL,'',1),('-','2021-01-11 11:43:11','-','2021-01-11 11:43:11',0,1419,'Number of hospitals in the country with backup water supply to use in an emergency situation by year*','',0,0,0,0,3,1,61,3,1,NULL,NULL,NULL,NULL,0,0,NULL,4,'Number of hospitals in the country with backup water supply to use in an emergency situation*','0','',1,NULL,NULL,'',1),('-','2021-01-11 11:43:11','-','2021-01-11 11:43:11',0,1420,'Number of hospitals in the country with backup electricity supply to use in an emergency situation by year*','',0,0,0,0,3,1,61,3,1,NULL,NULL,NULL,NULL,0,0,NULL,4,'Number of hospitals in the country with backup electricity supply to use in an emergency situation*','0','',1,NULL,NULL,'',1),('-','2021-01-11 11:43:11','-','2021-01-11 11:43:11',0,1421,'No of district disaster preparedness plans prepared by year ','',0,0,0,0,3,1,61,3,1,NULL,NULL,NULL,NULL,0,0,NULL,4,'Availability of district level disaster preparedness plans','0','',1,NULL,NULL,'',1),('-','2021-01-11 11:43:11','-','2021-01-11 11:43:11',0,1422,'No of persons given chemoprophylaxis for travelling to malaria endemic countries per year','',0,0,0,0,3,1,61,3,1,NULL,NULL,NULL,NULL,0,0,NULL,4,'No of persons given chemoprophylaxis for travelling to malaria endemic countries per annum','0','',1,NULL,NULL,'',1),('-','2021-01-11 11:43:11','-','2021-01-11 11:43:11',0,1423,'No of malaria mobile clinics conducted per year','',0,0,0,0,3,1,61,3,1,NULL,NULL,NULL,NULL,0,0,NULL,4,'No of malaria mobile clinics conducted per annum','0','',1,NULL,NULL,'',1),('-','2021-01-11 11:43:11','-','2021-01-11 11:43:11',0,1424,'Number of Dysentery cases identified per year*','',0,0,0,0,3,1,61,3,1,NULL,NULL,NULL,NULL,0,0,NULL,4,'Number of Dysentery cases identified per year*','0','',1,NULL,NULL,'',1),('-','2021-01-11 11:43:11','-','2021-01-11 11:43:11',0,1425,'Number of Typhoid cases by MOH area by year','',0,0,0,0,3,1,61,3,1,NULL,NULL,NULL,NULL,0,0,NULL,4,'Typhoid desentry by MOH area','0','',1,NULL,NULL,'',1),('-','2021-01-11 11:43:11','-','2021-01-11 11:43:11',0,1426,'Number of Dysentery cases identified per year by district*','',0,0,0,0,3,1,61,3,1,NULL,NULL,NULL,NULL,0,0,NULL,4,'Number of Dysentery cases identified per year by district*','0','',1,NULL,NULL,'',1),('-','2021-01-11 11:43:11','-','2021-01-11 11:43:11',0,1427,'Maternal mortality ratio (100000 live births)','29.2',0,0,0,0,3,1,61,3,1,NULL,NULL,NULL,NULL,0,0,NULL,4,'Maternal mortality ratio (100000 live births)','0','40',1,NULL,NULL,'',1),('-','2021-01-11 11:43:11','-','2021-01-11 11:43:11',0,1428,'Infant mortality rate per 1000 live births by year','8.9',0,0,0,0,3,1,61,3,1,NULL,NULL,NULL,NULL,0,0,NULL,4,'Infant mortality rate per 1000 live births by year','0','10',1,NULL,NULL,'',1),('-','2021-01-11 11:43:11','-','2021-01-11 11:43:11',0,1429,'Neonatal mortality rate per 1000 live births by year','6.8',0,0,0,0,3,1,61,3,1,NULL,NULL,NULL,NULL,0,0,NULL,4,'Neonatal mortality rate per 1000 live births by year','0','7',1,NULL,NULL,'',1),('-','2021-01-11 11:43:11','-','2021-01-11 11:43:11',0,1431,'Number of persons injured  due to  strong winds by year**','89',0,0,0,0,3,1,61,3,1,NULL,NULL,NULL,NULL,0,0,NULL,4,'Number of persons injured  due to  strong winds*','0','1000',1,NULL,NULL,'',1),('-','2021-01-11 11:43:11','-','2021-01-11 11:43:11',0,1432,'Number of persons injured  due to  slope failures by year**','12',0,0,0,0,3,1,61,3,1,NULL,NULL,NULL,NULL,0,0,NULL,4,'Number of persons injured  due to  slope cutting failures, 2018','0','1000',1,NULL,NULL,'',1),('-','2021-01-11 11:43:11','-','2021-01-11 11:43:11',0,1433,'Number of persons injured  due to  landslides by year**','14',0,0,0,0,3,1,61,3,1,NULL,NULL,NULL,NULL,0,0,NULL,4,'Number of persons injured  due to  landslides, 2017','0','1000',1,NULL,NULL,'',1),('-','2021-01-11 11:43:11','-','2021-01-11 11:43:11',0,1434,'Number of missing persons due to strong winds by year**','4',0,0,0,0,3,1,61,3,1,NULL,NULL,NULL,NULL,0,0,NULL,4,'Number of missing persons due to strong winds, 2019','0','1000',1,NULL,NULL,'',1),('-','2021-01-11 11:43:11','-','2021-01-11 11:43:11',0,1435,'Number of missing persons due to floods by year**','1',0,0,0,0,3,1,61,3,1,NULL,NULL,NULL,NULL,0,0,NULL,4,'Number of missing persons due to floods, 2018','0','1000',1,NULL,NULL,'',1),('-','2021-01-11 11:43:11','-','2021-01-11 11:43:11',0,1436,'Number of missing persons due to  slope failures per year*','',0,0,0,0,3,1,61,3,1,NULL,NULL,NULL,NULL,0,0,NULL,4,'Number of missing persons due to  slope cutting failures, 2018','0','1000',1,NULL,NULL,'',1),('-','2021-01-11 11:43:11','-','2021-01-11 11:43:11',0,1437,'Number of missing persons due to  landslides per year*','55',0,0,0,0,3,1,61,3,1,NULL,NULL,NULL,NULL,0,0,NULL,4,'Number of missing persons due to  landslides, 2017','0','1000',1,NULL,NULL,'',1),('-','2021-01-11 11:43:11','-','2021-01-11 11:43:11',0,1438,'Number of deaths due to strong winds by year**','26',0,0,0,0,3,1,61,3,1,NULL,NULL,NULL,NULL,0,0,NULL,4,'Number of deaths due to strong winds, 2019','0','1000',1,NULL,NULL,'',1),('-','2021-01-11 11:43:11','-','2021-01-11 11:43:11',0,1439,'Number of deaths due to slope failures by year*','1',0,0,0,0,3,1,61,3,1,NULL,NULL,NULL,NULL,0,0,NULL,4,'Number of deaths due to slope cutting failures, 2018','0','1000',1,NULL,NULL,'',1),('-','2021-01-11 11:43:11','-','2021-01-11 11:43:11',0,1440,'No of air quality monitoring staions in Sri Lanka by year','',0,0,0,0,3,1,61,3,1,NULL,NULL,NULL,NULL,0,0,NULL,4,'No of air quality monitoring staions in Sri Lanka by year','0','',1,NULL,NULL,'',1),('-','2021-01-11 11:43:11','-','2021-01-11 11:43:11',0,1441,'Budget allocation of the CEA on establishing and maintaining air quality monitoring facilities in strategic locations per year*','',0,0,0,0,3,1,85,3,1,NULL,NULL,NULL,NULL,0,0,NULL,4,'Budget allocation for CEA on establishing air quality monitoring facilities in strategic locations*','0','',1,NULL,NULL,'',1),('-','2021-01-11 11:43:11','-','2021-01-11 11:43:11',0,1442,'Incidence of hepatitis A per year by district','',0,0,0,0,3,1,61,3,1,NULL,NULL,NULL,NULL,0,0,NULL,4,'Incidence of hepatitis A per year by district','0','',1,NULL,NULL,'',1),('-','2021-01-11 11:43:11','-','2021-01-11 11:43:11',0,1443,'No vaccinated for JE per year','',0,0,0,0,3,1,61,3,1,NULL,NULL,NULL,NULL,0,0,NULL,4,'Number of vaccinations done as per the immuniztion schedule in Sri Lanka','0','',1,NULL,NULL,'',1),('-','2021-01-11 11:43:11','-','2021-01-11 11:43:11',0,1444,'Number of beds in gvt. Hospitals by year *','',0,0,0,0,3,1,61,3,1,NULL,NULL,NULL,NULL,0,0,NULL,4,'Number of beds in gvt. hospitals*','0','',1,NULL,NULL,'',1),('-','2021-01-11 11:43:11','-','2021-01-11 11:43:11',0,1445,'Number of  ambulances in the Ministry of Health by year*','',0,0,0,0,3,1,61,3,1,NULL,NULL,NULL,NULL,0,0,NULL,4,'Number of ambulances*','0','',1,NULL,NULL,'',1),('-','2021-01-11 11:43:11','-','2021-01-11 11:43:11',0,1446,'Number of Japanese encephalitis (JE) deaths per year','27 cases, rate 0.1, CFR (Case Fatality rate 11.3)',0,0,0,0,3,1,61,3,1,NULL,NULL,NULL,NULL,0,0,NULL,4,'Number of Japanese encephalitis deaths per year','0','',1,NULL,NULL,'',1),('-','2021-01-11 11:43:11','-','2021-01-11 11:43:11',0,1447,'Number of research studies conducted per year on  climate change related health impacts*','',0,0,0,0,3,1,61,3,1,NULL,NULL,NULL,NULL,0,0,NULL,4,'Number of research studies conducted on  climate induced diseases*','0','',1,NULL,NULL,'',1),('-','2021-01-11 11:43:11','-','2021-01-11 11:43:11',0,1448,'Number of research studies conducted/facilitated by NSF to assess health impacts of climate altering pollutants by year*','',0,0,0,0,3,1,61,3,1,NULL,NULL,NULL,NULL,0,0,NULL,4,'Number of research studies conducted/facilitated by NSF to assess health impacts of climate altering pollutants*','0','',1,NULL,NULL,'',1),('-','2021-01-11 11:43:11','-','2021-01-11 11:43:11',0,1449,'No. of government MOH offices by year','',0,0,0,0,3,1,61,3,1,NULL,NULL,NULL,NULL,0,0,NULL,4,'No. of government MOH offices by year','0','',1,NULL,NULL,'',1),('-','2021-01-11 11:43:11','-','2021-01-11 11:43:11',0,1450,'No. of government divisional hospitals by year','',0,0,0,0,3,1,61,3,1,NULL,NULL,NULL,NULL,0,0,NULL,4,'No. of government divisional hospitals by year','0','',1,NULL,NULL,'',1),('-','2021-01-11 11:43:11','-','2021-01-11 11:43:11',0,1451,'No. of government base hospitals by year','',0,0,0,0,3,1,61,3,1,NULL,NULL,NULL,NULL,0,0,NULL,4,'No. of government base hospitals by year','0','',1,NULL,NULL,'',1),('-','2021-01-11 11:43:11','-','2021-01-11 11:43:11',0,1452,'No. of government district general hospitals by year','',0,0,0,0,3,1,61,3,1,NULL,NULL,NULL,NULL,0,0,NULL,4,'No. of government district general hospitals by year','0','',1,NULL,NULL,'',1),('-','2021-01-11 11:43:11','-','2021-01-11 11:43:11',0,1453,'No. of government provincial general hospitals by year','',0,0,0,0,3,1,61,3,1,NULL,NULL,NULL,NULL,0,0,NULL,4,'No. of government provincial general hospitals by year','0','',1,NULL,NULL,'',1),('-','2021-01-11 11:43:11','-','2021-01-11 11:43:11',0,1454,'No. of government teaching hospitals by year','',0,0,0,0,3,1,61,3,1,NULL,NULL,NULL,NULL,0,0,NULL,4,'No. of government teaching hospitals by year','0','',1,NULL,NULL,'',1),('-','2021-01-11 11:43:11','-','2021-01-11 11:43:11',0,1455,'No. of government national hospitals by year','',0,0,0,0,3,1,61,3,1,NULL,NULL,NULL,NULL,0,0,NULL,4,'No. of government national hospitals by year','0','',1,NULL,NULL,'',1),('-','2021-01-11 11:43:11','-','2021-01-11 11:43:11',0,1456,'No of PHFOs in service in the government sector per year','',0,0,0,0,3,1,61,3,1,NULL,NULL,NULL,NULL,0,0,NULL,4,'No of PHFOs in service in the government sector per annum ','0','',1,NULL,NULL,'',1),('-','2021-01-11 11:43:11','-','2021-01-11 11:43:11',0,1457,'No of green and healthy hospitals in Sri Lanka by year','',0,0,0,0,3,1,61,3,1,NULL,NULL,NULL,NULL,0,0,NULL,4,'No of green and healthy hospitals in Sri Lanka by year','0','',1,NULL,NULL,'',1),('-','2021-01-11 11:43:11','-','2021-01-11 11:43:11',0,1458,'Availability of generators in hospitals by year*','',0,0,0,0,3,1,61,3,1,NULL,NULL,NULL,NULL,0,0,NULL,4,'No of generators','0','',1,NULL,NULL,'',1),('-','2021-01-11 11:43:11','-','2021-01-11 11:43:11',0,1459,'No of PHLTs (Public Health Laboratory Technicians) in service per year in government sector  ','',0,0,0,0,3,1,61,3,1,NULL,NULL,NULL,NULL,0,0,NULL,4,'No of PHLTs (Public Health Laboratory Technicians) in service per year in government sector  ','0','',1,NULL,NULL,'',1),('-','2021-01-11 11:43:11','-','2021-01-11 11:43:11',0,1460,'No of healthstaff trained on climate change and health per year by the EOH unit of the Ministry of Health*','',0,0,0,0,3,1,61,3,1,NULL,NULL,NULL,NULL,0,0,NULL,4,'No of healthstaff trained on climate change and health per year by the EOH unit of the Ministry of Health*','0','',1,NULL,NULL,'',1),('-','2021-01-11 11:43:11','-','2021-01-11 11:43:11',0,1461,'Number of drinking water samples with unsatisfactory quality level (District level) by year*','',0,0,0,0,3,1,61,3,1,NULL,NULL,NULL,NULL,0,0,NULL,4,'Number of drinking water samples with unsatisfactory quality level (District level) by year*','0','',1,NULL,NULL,'',1),('-','2021-01-11 11:43:11','-','2021-01-11 11:43:11',0,1462,'Number of dufferently abled population by year*','',0,0,0,0,3,1,61,3,1,NULL,NULL,NULL,NULL,0,0,NULL,4,'Number of dufferently abled population by year*','0','',1,NULL,NULL,'',1),('-','2021-01-11 11:43:11','-','2021-01-11 11:43:11',0,1463,'Number of research studies conducted/facilitated by NRC to assess health impacts of climate altering pollutants* by year','',0,0,0,0,3,1,61,3,1,NULL,NULL,NULL,NULL,0,0,NULL,4,'Number of research studies conducted/facilitated by NRC to assess health impacts of climate altering pollutants* by year','0','',1,NULL,NULL,'',1),('-','2021-01-11 11:43:11','-','2021-01-11 11:43:11',0,1464,'Budget allocation for NRC on research regarding assessing health impacts of climate change per year','',0,0,0,0,3,1,85,3,1,NULL,NULL,NULL,NULL,0,0,NULL,4,'Budget allocation for NRC on research regarding assessing health impacts of climate altering pollutants*','0','',1,NULL,NULL,'',1),('-','2021-01-11 11:43:11','-','2021-01-11 11:43:11',0,1465,'Total  budget allocated to NRC for doing research on  climate induced diseases *by year','',0,0,0,0,3,1,85,3,1,NULL,NULL,NULL,NULL,0,0,NULL,4,'Total  budget allocated to NRC for doing research on  climate induced diseases *by year','0','',1,NULL,NULL,'',1),('-','2021-01-11 11:43:11','-','2021-01-11 11:43:11',0,1466,'Total  budget allocated to NSF for doing research on  climate induced diseases*by year','',0,0,0,0,3,1,85,3,1,NULL,NULL,NULL,NULL,0,0,NULL,4,'Total  budget allocated to NSF for doing research on  climate induced diseases*by year','0','',1,NULL,NULL,'',1),('-','2021-01-11 11:43:11','-','2021-01-11 11:43:11',0,1467,'Budget allocation for NSF on research regarding assessing health impacts of climate altering pollutants*by year','',0,0,0,0,3,1,85,3,1,NULL,NULL,NULL,NULL,0,0,NULL,4,'Budget allocation for NSF on research regarding assessing health impacts of climate altering pollutants*by year','0','',1,NULL,NULL,'',1),('-','2021-01-11 11:43:11','-','2021-01-11 11:43:11',0,1468,'Budget allocation for NSF on strengthening the alertness of health system against climate-induced disease incidents*by year','',0,0,0,0,3,1,85,3,1,NULL,NULL,NULL,NULL,0,0,NULL,4,'Budget allocation for NSF on strengthening the alertness of health system against climate-induced disease incidents*by year','0','',1,NULL,NULL,'',1),('-','2021-01-11 11:43:11','-','2021-01-11 11:43:11',0,1469,'Total annual budget of the Anti Filariasis Campaign by year','',0,0,0,0,3,1,85,3,1,NULL,NULL,NULL,NULL,0,0,NULL,4,'Total annual budget of the Anti Filariasis Campaign by year','0','',1,NULL,NULL,'',1),('-','2021-01-11 11:43:11','-','2021-01-11 11:43:11',0,1470,'Total Annual budget of Anti malaria campaign by year','',0,0,0,0,3,1,85,3,1,NULL,NULL,NULL,NULL,0,0,NULL,4,'Total Annual budget of Anti malaria campaign','0','',1,NULL,NULL,'',1),('-','2021-01-11 11:43:11','-','2021-01-11 11:43:11',0,1471,'Budget allocation for MoH on the activities on the early warning systems relevant to natural hazards per year*','',0,0,0,0,3,1,85,3,1,NULL,NULL,NULL,NULL,0,0,NULL,4,'Budget allocation for MoH on the activities on the early warning systems relevant to natural hazards per year*','0','',1,NULL,NULL,'',1),('-','2021-01-11 11:43:11','-','2021-01-11 11:43:11',0,1472,'Number of persons injured  due to floods by year**','16',0,0,0,0,3,1,61,3,1,NULL,NULL,NULL,NULL,0,0,NULL,4,'Number of persons injured  due to floods, 2018','0','1000',1,NULL,NULL,'',1),('-','2021-01-11 11:43:11','-','2021-01-11 11:43:11',0,1473,'Number of deaths due to landslides by year*','96',0,0,0,0,3,1,61,3,1,NULL,NULL,NULL,NULL,0,0,NULL,4,'Number of deaths due to landslides, 2017','0','1000',1,NULL,NULL,'',1),('-','2021-01-11 11:43:11','-','2021-01-11 11:43:11',0,1474,'Number of deaths due to floods by year*','27',0,0,0,0,3,1,61,3,1,NULL,NULL,NULL,NULL,0,0,NULL,4,'Number of deaths due to floods, 2018','0','1000',1,NULL,NULL,'',1),('-','2021-01-11 11:43:11','-','2021-01-11 11:43:11',0,1475,'Number of deaths due to droughts by year*','0',0,0,0,0,3,1,61,3,1,NULL,NULL,NULL,NULL,0,0,NULL,4,'Number of deaths due to droughts, 2019','0','1000',1,NULL,NULL,'',1),('-','2021-01-11 11:43:11','-','2021-01-11 11:43:11',0,1476,'No of female CKD/CKDu cases reported by sentinel sites in Sri Lanka per year','3211',0,0,0,0,3,1,61,3,1,NULL,NULL,NULL,NULL,0,0,NULL,4,'No of female CKD/CKDu cases reported by sentinel sites in Sri Lanka per year','0','10000',1,NULL,NULL,'',1),('-','2021-01-11 11:43:11','-','2021-01-11 11:43:11',0,1477,'Total number of CKDU patients by year','6981',0,0,0,0,3,1,61,3,1,NULL,NULL,NULL,NULL,0,0,NULL,4,'No of male CKD/CKDu cases reported by sentinel sites in Sri Lanka per year','0','100000',1,NULL,NULL,'',1),('-','2021-01-11 11:43:11','-','2021-01-11 11:43:11',0,1478,'No of blood donors in Sri Lanka per year','14814',0,0,0,0,3,1,61,3,1,NULL,NULL,NULL,NULL,0,0,NULL,4,'No of blood donors in Badulla, 2018','0','100000',1,NULL,NULL,'',1),('-','2021-01-11 11:43:11','-','2021-01-11 11:43:11',0,1479,'No of long lasting insecticide impregnated nets distributed per year by the Anti Malaria Campaign','2064.8',0,0,0,0,3,1,61,3,1,NULL,NULL,NULL,NULL,0,0,NULL,4,'No of long lasting insecticide impregnated nets distributed per annum by the Anti Malaria Campaign, 2016','0','100000',1,NULL,NULL,'',1),('-','2021-01-11 11:43:11','-','2021-01-11 11:43:11',0,1480,'No of introduced malaria cases per year','1',0,0,0,0,3,1,61,3,1,NULL,NULL,NULL,NULL,0,0,NULL,4,'No of introduced malaria cases per annum','0','1000',1,NULL,NULL,'',1),('-','2021-01-11 11:43:11','-','2021-01-11 11:43:11',0,1481,'No of imported malaria cases per year','47',0,0,0,0,3,1,61,3,1,NULL,NULL,NULL,NULL,0,0,NULL,4,'No of imported malaria cases per annum','0','1000',1,NULL,NULL,'',1),('-','2021-01-11 11:43:11','-','2021-01-11 11:43:11',0,1482,'Incidence of malaria per year *','50',0,0,0,0,3,1,61,3,1,NULL,NULL,NULL,NULL,0,0,NULL,4,'Incidence of vector borne diseases per year - Malaria*','0','1000000',1,NULL,NULL,'',1),('-','2021-01-11 11:43:11','-','2021-01-11 11:43:11',0,1483,'Total number of first clinic visits of lymphoedema patients at Anti Filariasis Campaign and regional Anti Filariasis Units  per year','705',0,0,0,0,3,1,61,3,1,NULL,NULL,NULL,NULL,0,0,NULL,4,'Total number of first clinic visits','0','21000000',1,NULL,NULL,'',1),('-','2021-01-11 11:43:11','-','2021-01-11 11:43:11',0,1484,'Total number of clinic visits of lymphoedema patients at Anti Filariasis Campaign and regional Anti Filariasis Units per year','8383',0,0,0,0,3,1,61,3,1,NULL,NULL,NULL,NULL,0,0,NULL,4,'Total number of clinic visits of lymphoedema patients at Anti Filariasis Campaign and regional Anti Filariasis Units per annum','0','21000000',1,NULL,NULL,'',1),('-','2021-01-11 11:43:11','-','2021-01-11 11:43:11',0,1485,'Incidence of vector borne diseases per year - Filariasis*','50',0,0,0,0,3,1,61,3,1,NULL,NULL,NULL,NULL,0,0,NULL,4,'Incidence of vector borne diseases per year - Filariasis*','0','1000000',1,NULL,NULL,'',1),('-','2021-01-11 11:43:11','-','2021-01-11 11:43:11',0,1486,'Number of deaths due to Dengue fever per year*','19',0,0,0,0,3,1,61,3,1,NULL,NULL,NULL,NULL,0,0,NULL,4,'Number of deaths due to Dengue fever, 2018','0','100',1,NULL,NULL,'',1),('-','2021-01-11 11:43:11','-','2021-01-11 11:43:11',0,1487,'No of dengue incident cases by sex by year','22071',0,0,0,0,3,1,61,3,1,NULL,NULL,NULL,NULL,0,0,NULL,4,'No of dengue incident cases of females, 2018 ','0','1000000',1,NULL,NULL,'',1),('-','2021-01-11 11:43:11','-','2021-01-11 11:43:11',0,1488,'Incidence of Dengue by year*','50',0,0,0,0,3,1,61,3,1,NULL,NULL,NULL,NULL,0,0,NULL,4,'Incidence of vector borne diseases per year - Dengue*','0','1000000',1,NULL,NULL,'',1),('-','2021-01-11 11:43:11','-','2021-01-11 11:43:11',0,1489,'No of dengue incident cases by age by year','8002',0,0,0,0,3,1,61,3,1,NULL,NULL,NULL,NULL,0,0,NULL,4,'No of dengue incident cases of 50-69 aged patients, 2018','0','100000',1,NULL,NULL,'',1),('-','2021-01-11 11:43:11','-','2021-01-11 11:43:11',0,1490,'Number of Leptospirosis  cases identified per year by district*','11586',0,0,0,0,3,1,61,3,1,NULL,NULL,NULL,NULL,0,0,NULL,4,'Number of Leptospirosis  cases identified per year by district*','0','100000',1,NULL,NULL,'',1),('-','2021-01-11 11:43:11','-','2021-01-11 11:43:11',0,1491,'Number of Leptospirosis  cases identified per year*','11586',0,0,0,0,3,1,61,3,1,NULL,NULL,NULL,NULL,0,0,NULL,4,'Number of Leptospirosis  cases identified, 2018','0','100000',1,NULL,NULL,'',1),('-','2021-01-11 11:43:11','-','2021-01-11 11:43:11',0,1492,'Number of asthma patients treated per year*','175365',0,0,0,0,3,1,61,3,1,NULL,NULL,NULL,NULL,0,0,NULL,4,'Number of patients identified with respiratory diseases; Asthma - lively discharged, 2018 ','0','1000000',1,NULL,NULL,'',1),('-','2021-01-11 11:43:11','-','2021-01-11 11:43:11',0,1493,'Number of Asthma patients   live discharged in hospital records by year','175365',0,0,0,0,3,1,61,3,1,NULL,NULL,NULL,NULL,0,0,NULL,4,'Number of Asthma patients  hospital records*','0','1000000',1,NULL,NULL,'',1),('-','2021-01-11 11:43:11','-','2021-01-11 11:43:11',0,1494,'Incidence of water borne diseases - Cholera per year','0',0,0,0,0,3,1,61,3,1,NULL,NULL,NULL,NULL,0,0,NULL,4,'Incidence of water borne diseases: Cholera','0','10000',1,NULL,NULL,'',1),('-','2021-01-11 11:43:11','-','2021-01-11 11:43:11',0,1495,'Incidence of influenza in Sri Lanka per year*','4379',0,0,0,0,3,1,61,3,1,NULL,NULL,NULL,NULL,0,0,NULL,4,'Incidence of influenza in Sri Lanka per year*','0','100000',1,NULL,NULL,'',1),('-','2021-01-11 11:43:11','-','2021-01-11 11:43:11',0,1496,'Number of Typhoid cases identified per year by district','161',0,0,0,0,3,1,61,3,1,NULL,NULL,NULL,NULL,0,0,NULL,4,'Number of Typhoid cases identified per year by district','0','100000',1,NULL,NULL,'',1),('-','2021-01-11 11:43:11','-','2021-01-11 11:43:11',0,1497,'Number of Typhoid cases identified per year','161',0,0,0,0,3,1,61,3,1,NULL,NULL,NULL,NULL,0,0,NULL,4,'Number of Typhoid cases identified per year','0','100000',1,NULL,NULL,'',1),('-','2021-01-11 11:43:11','-','2021-01-11 11:43:11',0,1498,'Incidence of typhoid per year by district (100,000 population)','98.27',0,0,0,0,3,1,61,3,1,NULL,NULL,NULL,NULL,0,0,NULL,4,'Number of incidencen of Typoid patients in 2019 in Jaffna','0','100000',1,NULL,NULL,'',1),('-','2021-01-11 11:43:11','-','2021-01-11 11:43:11',0,1499,'Hepatitis A cases identified per year','2146',0,0,0,0,3,1,61,3,1,NULL,NULL,NULL,NULL,0,0,NULL,4,'Hepatitis A cases identified per year','0','100000',1,NULL,NULL,'',1),('-','2021-01-11 11:43:11','-','2021-01-11 11:43:11',0,1500,'Incidence of vector borne diseases per year - Leptospirosis*','50',0,0,0,0,3,1,61,3,1,NULL,NULL,NULL,NULL,0,0,NULL,4,'Incidence of vector borne diseases per year - Leptospirosis*','0','1000000',1,NULL,NULL,'',1),('-','2021-01-11 11:43:11','-','2021-01-11 11:43:11',0,1501,'Distribution of reported encephalitis cases per year by districts','17',0,0,0,0,3,1,61,3,1,NULL,NULL,NULL,NULL,0,0,NULL,4,'District level distribution of encephalitis cases by district','0','1000000',1,NULL,NULL,'',1),('-','2021-01-11 11:43:11','-','2021-01-11 11:43:11',0,1502,'Distribution of laboratory confirmed JE cases in Sri Lanka by age per year','6',0,0,0,0,3,1,61,3,1,NULL,NULL,NULL,NULL,0,0,NULL,4,'This can be obtained for age categories cases for 1-4 years','0','1000000',1,NULL,NULL,'',1),('-','2021-01-11 11:43:11','-','2021-01-11 11:43:11',0,1503,'Distribution of laboratory confirmed JE cases by JE Immunization status per year','0',0,0,0,0,3,1,61,3,1,NULL,NULL,NULL,NULL,0,0,NULL,4,'This number of cases can be obtained as age groups by immunized number, non immunized and unknown','0','1000000',1,NULL,NULL,'',1),('-','2021-01-11 11:43:11','-','2021-01-11 11:43:11',0,1504,'Distribution of laboratory confirmed JE cases by districts per year','2',0,0,0,0,3,1,61,3,1,NULL,NULL,NULL,NULL,0,0,NULL,4,'Laboratory confirmed cases','0','1000000',1,NULL,NULL,'',1),('-','2021-01-11 11:43:11','-','2021-01-11 11:43:11',0,1505,'Incidence of typhoid by year','11.48',0,0,0,0,3,1,61,3,1,NULL,NULL,NULL,NULL,0,0,NULL,4,'Number of incidencen of Typoid patients in 2009','0','10000',1,NULL,NULL,'',1),('-','2021-01-11 11:43:11','-','2021-01-11 11:43:11',0,1506,'Incidence of hepatitis A by year','292',0,0,0,0,3,1,61,3,1,NULL,NULL,NULL,NULL,0,0,NULL,4,'Incidence of hepatitis A in 2018','0','10000',1,NULL,NULL,'',1),('-','2021-01-11 11:43:11','-','2021-01-11 11:43:11',0,1507,'No of entomologists in service in the government sector per year','25',0,0,0,0,3,1,61,3,1,NULL,NULL,NULL,NULL,0,0,NULL,4,'No of entomologist, 2017','0','1000',1,NULL,NULL,'',1),('-','2021-01-11 11:43:11','-','2021-01-11 11:43:11',0,1508,'Nurses per 100,000 population by year','212',0,0,0,0,3,1,61,3,1,NULL,NULL,NULL,NULL,0,0,NULL,4,'Nurses per 100,000 population, 2017','0','10000',1,NULL,NULL,'',1),('-','2021-01-11 11:43:11','-','2021-01-11 11:43:11',0,1509,'Supervising Public Health Midwives/Public Health Midwives per 100,000 population by year','28.4',0,0,0,0,3,1,61,3,1,NULL,NULL,NULL,NULL,0,0,NULL,4,'Supervising Public Health Midwives/Public Health Midwives per 100,000 population, 2017','0','10000',1,NULL,NULL,'',1),('-','2021-01-11 11:43:11','-','2021-01-11 11:43:11',0,1510,'Supervising Public Health Inspectors/Public Health Inspectors per 100,000 population by year','1720',0,0,0,0,3,1,61,3,1,NULL,NULL,NULL,NULL,0,0,NULL,4,'Supervising Public Health Inspectors/Public Health Inspectors per 100,000 population, 2017','0','100000',1,NULL,NULL,'',1),('-','2021-01-11 11:43:11','-','2021-01-11 11:43:11',0,1511,'Population per medical officer by year','1083',0,0,0,0,3,1,61,3,1,NULL,NULL,NULL,NULL,0,0,NULL,4,'Population per medical officer, 2017','0','100000',1,NULL,NULL,'',1),('-','2021-01-11 11:43:11','-','2021-01-11 11:43:11',0,1512,'Number of Medical Officer of Health (MOH) Divisions by year','347',0,0,0,0,3,1,61,3,1,NULL,NULL,NULL,NULL,0,0,NULL,4,'Number of Medical Officer of Health (MOH) Divisions, 2017','0','1000',1,NULL,NULL,'',1),('-','2021-01-11 11:43:11','-','2021-01-11 11:43:11',0,1513,'Number of total hospitals for a given year','628',0,0,0,0,3,1,61,3,1,NULL,NULL,NULL,NULL,0,0,NULL,4,'Number of hospitals established in the government sector','0','100000',1,NULL,NULL,'',1),('-','2021-01-11 11:43:11','-','2021-01-11 11:43:11',0,1514,'Number of government hospital beds per year','83275',0,0,0,0,3,1,61,3,1,NULL,NULL,NULL,NULL,0,0,NULL,4,'Number of beds available at hospitals in the government sector','0','1000000',1,NULL,NULL,'',1),('-','2021-01-11 11:43:11','-','2021-01-11 11:43:11',0,1515,'Number of Public Health Midwives by year','5746',0,0,0,0,3,1,61,3,1,NULL,NULL,NULL,NULL,0,0,NULL,4,'Number of Public Health Midwife 2017','0','100000',1,NULL,NULL,'',1),('-','2021-01-11 11:43:11','-','2021-01-11 11:43:11',0,1516,'Number of health vulnerability assessment reports produced on  climate change in Sri Lanka per year','1',0,0,0,0,3,1,61,3,1,NULL,NULL,NULL,NULL,0,0,NULL,4,'Number of vulnerability maps produced on  climate induced diseases* ','0','100',1,NULL,NULL,'',1),('-','2021-01-11 11:43:11','-','2021-01-11 11:43:11',0,1517,'Number of under-nutrition cases identified by year*','25',0,0,0,0,3,1,52,3,1,NULL,NULL,NULL,NULL,0,0,NULL,4,'Percentage of under (stunted) weight children under age 5 ','0','100',1,NULL,NULL,'',1),('-','2021-01-11 11:43:11','-','2021-01-11 11:43:11',0,1518,'Under Five Mortality Rate (1000 live births) by year*','11',0,0,0,0,3,1,52,3,1,NULL,NULL,NULL,NULL,0,0,NULL,4,'Under five mortality rate','0','100',1,NULL,NULL,'',1),('-','2021-01-11 11:43:11','-','2021-01-11 11:43:11',0,1519,'Percentage of young children (1-2 years) who are underweight by year*','12.4',0,0,0,0,3,1,52,3,1,NULL,NULL,NULL,NULL,0,0,NULL,4,'Percentage of young children (1-2 years) who are underweight','0','100',1,NULL,NULL,'',1),('-','2021-01-11 11:43:11','-','2021-01-11 11:43:11',0,1520,'Percentage of preschoolers (2 - 5 year) who are underweight by year*','19.7',0,0,0,0,3,1,52,3,1,NULL,NULL,NULL,NULL,0,0,NULL,4,'Percentage of preschoolers (2 - 5 year) who are underweight','0','100',1,NULL,NULL,'',1),('-','2021-01-11 11:43:11','-','2021-01-11 11:43:11',0,1521,'% of children with defects by year*','31',0,0,0,0,3,1,52,3,1,NULL,NULL,NULL,NULL,0,0,NULL,4,'% of children with defects','0','35',1,NULL,NULL,'',1),('-','2021-01-11 11:43:11','-','2021-01-11 11:43:11',0,1522,'% of low birth weight by year*','12.3',0,0,0,0,3,1,52,3,1,NULL,NULL,NULL,NULL,0,0,NULL,4,'% of low birth weight','0','15',1,NULL,NULL,'',1),('-','2021-01-11 11:43:11','-','2021-01-11 11:43:11',0,1523,'% of under 5 children who are overweight by year*','0.8',0,0,0,0,3,1,52,3,1,NULL,NULL,NULL,NULL,0,0,NULL,4,'% of under 5 children who are overweight','0','1',1,NULL,NULL,'',1),('-','2021-01-11 11:43:11','-','2021-01-11 11:43:11',0,1524,'% of under 5 children with moderate wasting by year*','7.5',0,0,0,0,3,1,52,3,1,NULL,NULL,NULL,NULL,0,0,NULL,4,'% of under 5 children with moderate wasting','0','10',1,NULL,NULL,'',1),('-','2021-01-11 11:43:11','-','2021-01-11 11:43:11',0,1525,'% of under 5 children with severe wasting by year*','1.2',0,0,0,0,3,1,52,3,1,NULL,NULL,NULL,NULL,0,0,NULL,4,'% of under 5 children with severe wasting','0','2',1,NULL,NULL,'',1),('-','2021-01-11 11:43:11','-','2021-01-11 11:43:11',0,1526,'% of under 5 children with wasting by year','8.6',0,0,0,0,3,1,52,3,1,NULL,NULL,NULL,NULL,0,0,NULL,4,'% of under 5 children with wasting','0','12',1,NULL,NULL,'',1),('-','2021-01-11 11:43:11','-','2021-01-11 11:43:11',0,1527,'% of under 5 children with stunting by year','8.2',0,0,0,0,3,1,52,3,1,NULL,NULL,NULL,NULL,0,0,NULL,4,'% of under 5 children with stunting','0','10',1,NULL,NULL,'',1),('-','2021-01-11 11:43:11','-','2021-01-11 11:43:11',0,1528,'% of under 5 children who are underweight by year','13.1',0,0,0,0,3,1,52,3,1,NULL,NULL,NULL,NULL,0,0,NULL,4,'% of under 5 children who are underweight','0','16',1,NULL,NULL,'',1),('-','2021-01-11 11:43:11','-','2021-01-11 11:43:11',0,1529,'% of teenage pregnant mothers registered by year','4.1',0,0,0,0,3,1,52,3,1,NULL,NULL,NULL,NULL,0,0,NULL,4,'% of teenage pregnant mothers registered','0','6',1,NULL,NULL,'',1),('-','2021-01-11 11:43:11','-','2021-01-11 11:43:11',0,1530,'Percentage of pregnant mothers with low BMI as it is on or before 12 weeks of gestation by year','15.5',0,0,0,0,3,1,52,3,1,NULL,NULL,NULL,NULL,0,0,NULL,4,'Percentage of pregnant mothers with low BMI as it is on or before 12 weeks of gestation by','1','100',1,NULL,NULL,'',1),('-','2021-01-11 11:43:11','-','2021-01-11 11:43:11',0,1531,'Percentage of mothers reported with antenatal morbidities per year','42',0,0,0,0,3,1,52,3,1,NULL,NULL,NULL,NULL,0,0,NULL,4,'Percentage of mothers reported with antenatal morbidities','1','100',1,NULL,NULL,'',1),('-','2021-01-11 11:43:11','-','2021-01-11 11:43:11',0,1532,'Percentage of infants who are underweight per year','6.4',0,0,0,0,3,1,52,3,1,NULL,NULL,NULL,NULL,0,0,NULL,4,'Percentage of infants who are underweight per year','1','100',1,NULL,NULL,'',1),('-','2021-01-11 11:43:11','-','2021-01-11 11:43:11',0,1533,'Birth Rate (per 1000 population) by year','15.2',0,0,0,0,3,1,52,3,1,NULL,NULL,NULL,NULL,0,0,NULL,4,'Birth Rate (per 1000 population)','1','100',1,NULL,NULL,'',1),('-','2021-01-11 11:43:11','-','2021-01-11 11:43:11',0,1534,'Percentage of human biting preferences of Anopheles species caught during partial night human landing catches by year','',0,0,0,0,3,1,52,3,1,NULL,NULL,NULL,NULL,0,0,NULL,4,'Percentage of human biting preferences of Anopheles species caught during partial night human landing catches','0','100',1,NULL,NULL,'',1),('-','2021-01-11 11:43:11','-','2021-01-11 11:43:11',0,1535,'Infected rate of filariasis in endemic districts in Sri Lanka per year','0.99',0,0,0,0,3,1,52,3,1,NULL,NULL,NULL,NULL,0,0,NULL,4,'Infected rate of filariasis in endemic districts in Sri Lanka','0','100',1,NULL,NULL,'',1),('-','2021-01-11 11:43:11','-','2021-01-11 11:43:11',0,1536,'Microfilaria rate in endemic districts in Sri Lanka per year','0.02',0,0,0,0,3,1,52,3,1,NULL,NULL,NULL,NULL,0,0,NULL,4,'Microfilaria rate in endemic districts in Sri Lanka','0','100',1,NULL,NULL,'',1),('-','2021-01-11 11:43:11','-','2021-01-11 11:43:11',0,1537,'Annual Case Fatality Rate (CFR) of Japanese encephalitis (JE)','17',0,0,0,0,3,1,52,3,1,NULL,NULL,NULL,NULL,0,0,NULL,4,'Annual Case Fatality Rate (CFR) of Japanese encephalitis ','5','30',1,NULL,NULL,'',1),('-','2021-01-11 11:43:11','-','2021-01-11 11:43:11',0,1538,'Availability of adequate supply of water in hospitals by year*','81.1',0,0,0,0,3,1,52,3,1,NULL,NULL,NULL,NULL,0,0,NULL,4,'Population with access to safe water (%)','0','100',1,NULL,NULL,'',1),('-','2021-01-11 11:43:11','-','2021-01-11 11:43:11',0,1539,'Medical Officers per 100,000 by year','92.3',0,0,0,0,3,1,52,3,1,NULL,NULL,NULL,NULL,0,0,NULL,4,'Rate  of Medical Officers (No. of officers per 100,000 population), 2017','0','100',1,NULL,NULL,'',1),('-','2021-01-11 11:43:11','-','2021-01-11 11:43:11',0,1540,'Percentage of people above poverty line by year*','4.1',0,0,0,0,3,1,52,3,1,NULL,NULL,NULL,NULL,0,0,NULL,4,'Poverty Head Count Index, 2016','0','100',1,NULL,NULL,'',1),('-','2021-01-11 11:43:11','-','2021-01-11 11:43:11',0,1541,'Percentage of people completed the secondary education by year*','37.2',0,0,0,0,3,1,52,3,1,NULL,NULL,NULL,NULL,0,0,NULL,4,'Students (male and female) who completed secondary education as a % in year 2000','0','100',1,NULL,NULL,'',1),('-','2021-01-11 11:43:11','-','2021-01-11 11:43:11',0,1542,'% of population with malnutrition  - Stunting (Chronic malnutrition or height-for-age) by year','17.3',0,0,0,0,3,1,52,3,1,NULL,NULL,NULL,NULL,0,0,NULL,4,'Stunting (Height for age <-2SD)','0','100',1,NULL,NULL,'',1),('-','2021-01-11 11:43:11','-','2021-01-11 11:43:11',0,1543,'% of population with malnutrition - Wasting (Acute undernutrition or weight-for-height) by year','15.1',0,0,0,0,3,1,52,3,1,NULL,NULL,NULL,NULL,0,0,NULL,4,'Wasting (Weight for height <-2SD)','0','100',1,NULL,NULL,'',1),('-','2021-01-11 11:43:11','-','2021-01-11 11:43:11',0,1544,'% of population with malnutrition -underweight (weight-for-age) by year','20.5',0,0,0,0,3,1,52,3,1,NULL,NULL,NULL,NULL,0,0,NULL,4,'Underweight (Weight for age <-2SD)','0','100',1,NULL,NULL,'',1),('-','2021-01-11 11:43:11','-','2021-01-11 11:43:11',0,1545,'Percentage of households with improved not shared sanitation facilities by year','90',0,0,0,0,3,1,52,3,1,NULL,NULL,NULL,NULL,0,0,NULL,4,'Percentage of household with improved not shared sanitation facilities by year','0','100',1,NULL,NULL,'',1),('-','2021-01-11 11:43:11','-','2021-01-11 11:43:11',0,1546,'Percentage of households with improved not shared sanitation facilities by year by sector - Urban','91',0,0,0,0,3,1,52,3,1,NULL,NULL,NULL,NULL,0,0,NULL,4,'Percentage of household with improved not shared sanitation facilities by sector - Urban','0','100',1,NULL,NULL,'',1),('-','2021-01-11 11:43:11','-','2021-01-11 11:43:11',0,1547,'Percentage of households with improved not shared sanitation facilities by year by sector - Rural','90',0,0,0,0,3,1,52,3,1,NULL,NULL,NULL,NULL,0,0,NULL,4,'Percentage of household with improved not shared sanitation facilities by sector - Rural','0','100',1,NULL,NULL,'',1),('-','2021-01-11 11:43:11','-','2021-01-11 11:43:11',0,1548,'Percentage of households with improved not shared sanitation facilities by year by sector - Estate','79',0,0,0,0,3,1,52,3,1,NULL,NULL,NULL,NULL,0,0,NULL,4,'Percentage of household with improved not shared sanitation facilities by sector - Estate','0','100',1,NULL,NULL,'',1),('-','2021-01-11 11:43:11','-','2021-01-11 11:43:11',0,1549,'Percentage of households using solid fuel for cooking by year','79',0,0,0,0,3,1,52,3,1,NULL,NULL,NULL,NULL,0,0,NULL,4,'Percentage of households using solid fuel for cooking','0','100',1,NULL,NULL,'',1),('-','2021-01-11 11:43:11','-','2021-01-11 11:43:11',0,1550,'Availability of a heat health action plan for Sri Lanka','',0,0,0,0,3,1,NULL,3,1,NULL,NULL,NULL,NULL,0,0,NULL,4,'Availability of a heat health action plan for Sri Lanka','','',1,NULL,NULL,'',1),('-','2021-01-11 11:43:11','-','2021-01-11 11:43:11',0,1563,'A. aegypti mosquito density per district per month','',0,0,0,0,3,1,NULL,3,1,NULL,NULL,NULL,NULL,0,0,NULL,4,'A. aegypti mosquito density per district per month','','',1,NULL,NULL,'',1),('-','2021-01-11 11:43:11','-','2021-01-11 11:43:11',0,1564,'Total number of blood smears examined during an year by district','',0,0,0,0,3,1,NULL,3,1,NULL,NULL,NULL,NULL,0,0,NULL,4,'Total number of blood smears examined during an year by district','','',1,NULL,NULL,'',1),('-','2021-01-11 11:43:11','-','2021-01-11 11:43:11',0,1565,'Mean density of malaria vector females caught in cattle baited trap collections in different districts per year in Sri Lanka ','',0,0,0,0,3,1,NULL,3,1,NULL,NULL,NULL,NULL,0,0,NULL,4,'Mean density of malaria vectors in 2012 in RMO regions (Cattle baited hut collections)','','',1,NULL,NULL,'',1),('-','2021-01-11 11:43:11','-','2021-01-11 11:43:11',0,1566,'Mean density of malaria vector larvae in Larval surveys in different districts per year in Sri Lanka','',0,0,0,0,3,1,NULL,3,1,NULL,NULL,NULL,NULL,0,0,NULL,4,'Mean density of malaria vector larvae in Larval surveys in different districts per annum in Sri Lanka','','',1,NULL,NULL,'',1),('-','2021-01-11 11:43:11','-','2021-01-11 11:43:11',0,1567,'Mean density of An. culicifacies and An. subpictus indoor resting densities in Sri Lanka per year','',0,0,0,0,3,1,NULL,3,1,NULL,NULL,NULL,NULL,0,0,NULL,4,'Mean density of An. culicifacies and An. subpictus indoor resting densities in Sri Lanka per annum','','',1,NULL,NULL,'',1),('-','2021-01-11 11:43:11','-','2021-01-11 11:43:11',0,1568,'Relative density of major malaria vector larvae and secondary vector larvae in different breeding habitats for a given year in Sri Lanka','',0,0,0,0,3,1,NULL,3,1,NULL,NULL,NULL,NULL,0,0,NULL,4,'Relative density of major malaria vector larvae and secondary vector larvae in different breeding habitats for a given year in Sri Lanka','','',1,NULL,NULL,'',1),('-','2021-01-11 11:43:11','-','2021-01-11 11:43:11',0,1569,'Hospital safety index*','',0,0,0,0,3,1,NULL,3,1,NULL,NULL,NULL,NULL,0,0,NULL,4,'Hospital safety index*','','',1,NULL,NULL,'',1),('-','2021-01-11 11:43:11','-','2021-01-11 11:43:11',0,1570,'No of increased heat events declared by Meterology Department per year by district','',0,0,0,0,3,1,NULL,3,1,NULL,NULL,NULL,NULL,0,0,NULL,4,'Weather Forcast for heat events','','',1,NULL,NULL,'',1),('-','2021-01-11 11:43:11','-','2021-01-11 11:43:11',0,1571,'Mining and quarrying *','',0,0,0,0,3,1,38,2,5,NULL,NULL,NULL,NULL,0,0,NULL,4,'Quantity of products extracted from Mining and Quarrying','0','',1,NULL,NULL,'',1),('-','2021-01-11 11:43:11','-','2021-01-11 11:43:11',0,1572,'Quantity of Fluorochemical Production*','',0,0,0,0,3,1,38,2,5,NULL,NULL,NULL,NULL,0,0,NULL,4,'Quantity of Fluorochemical Production*','0','',1,NULL,NULL,'',1),('-','2021-01-11 11:43:11','-','2021-01-11 11:43:11',0,1573,'Quantity of Ferroalloys Production*','',0,0,0,0,3,1,38,2,5,NULL,NULL,NULL,NULL,0,0,NULL,4,'Quantity of Ferroalloys Production*','0','',1,NULL,NULL,'',1),('-','2021-01-11 11:43:11','-','2021-01-11 11:43:11',0,1574,'Quantity of Ethylene Oxide produced by Oxygen Process*','',0,0,0,0,3,1,38,2,5,NULL,NULL,NULL,NULL,0,0,NULL,4,'Quantity of Ethylene Oxide produced by Oxygen Process*','0','',1,NULL,NULL,'',1),('-','2021-01-11 11:43:11','-','2021-01-11 11:43:11',0,1575,'Quantity of Ethylene Oxide produced by Air Process*','',0,0,0,0,3,1,38,2,5,NULL,NULL,NULL,NULL,0,0,NULL,4,'Quantity of Ethylene Oxide produced by Air Process*','0','',1,NULL,NULL,'',1),('-','2021-01-11 11:43:11','-','2021-01-11 11:43:11',0,1576,'Quantity of Ethylene Dichloride and Vinyl Chloride Monomer produced by Balanced Process (default)*','',0,0,0,0,3,1,38,2,5,NULL,NULL,NULL,NULL,0,0,NULL,4,'Quantity of Ethylene Dichloride and Vinyl Chloride Monomer produced by Balanced Process (default)*','0','',1,NULL,NULL,'',1),('-','2021-01-11 11:43:11','-','2021-01-11 11:43:11',0,1577,'Quantity of Dolomite (CaMg(CO3)2)*','',0,0,0,0,3,1,38,2,5,NULL,NULL,NULL,NULL,0,0,NULL,4,'Quantity of Dolomite (CaMg(CO3)2)*','0','',1,NULL,NULL,'',1),('-','2021-01-11 11:43:11','-','2021-01-11 11:43:11',0,1578,'Quantity of container production (flint)*','',0,0,0,0,3,1,38,2,5,NULL,NULL,NULL,NULL,0,0,NULL,4,'Quantity of container production (flint)*','0','',1,NULL,NULL,'',1),('-','2021-01-11 11:43:11','-','2021-01-11 11:43:11',0,1579,'Quantity of container (Amber/Green)*','',0,0,0,0,3,1,38,2,5,NULL,NULL,NULL,NULL,0,0,NULL,4,'Quantity of container (Amber/Green)*','0','',1,NULL,NULL,'',1),('-','2021-01-11 11:43:11','-','2021-01-11 11:43:11',0,1580,'Quantity of CHF3 used in Integrated Circuit or Semiconductor*','',0,0,0,0,3,1,38,2,5,NULL,NULL,NULL,NULL,0,0,NULL,4,'Quantity of CHF3 used in Integrated Circuit or Semiconductor*','0','',1,NULL,NULL,'',1),('-','2021-01-11 11:43:11','-','2021-01-11 11:43:11',0,1581,'Quantity of CF4 used in TFT Flat Panel Display*','',0,0,0,0,3,1,38,2,5,NULL,NULL,NULL,NULL,0,0,NULL,4,'Quantity of CF4 used in TFT Flat Panel Display*','0','',1,NULL,NULL,'',1),('-','2021-01-11 11:43:11','-','2021-01-11 11:43:11',0,1582,'Quantity of CF4 used in Photovoltaics*','',0,0,0,0,3,1,38,2,5,NULL,NULL,NULL,NULL,0,0,NULL,4,'Quantity of CF4 used in Photovoltaics*','0','',1,NULL,NULL,'',1),('-','2021-01-11 11:43:11','-','2021-01-11 11:43:11',0,1583,'Quantity of CF4 used in Integrated Circuit or Semiconductor*','',0,0,0,0,3,1,38,2,5,NULL,NULL,NULL,NULL,0,0,NULL,4,'Quantity of CF4 used in Integrated Circuit or Semiconductor*','0','',1,NULL,NULL,'',1),('-','2021-01-11 11:43:11','-','2021-01-11 11:43:11',0,1584,'Quantity of carbon black produced by Thermal Black Process*','',0,0,0,0,3,1,38,2,5,NULL,NULL,NULL,NULL,0,0,NULL,4,'Quantity of carbon black produced by Thermal Black Process*','0','',1,NULL,NULL,'',1),('-','2021-01-11 11:43:11','-','2021-01-11 11:43:11',0,1585,'','',0,0,0,0,3,1,38,2,5,NULL,NULL,NULL,NULL,0,0,NULL,4,'','0','',1,NULL,NULL,'',1),('-','2021-01-11 11:43:11','-','2021-01-11 11:43:11',0,1586,'Quantity of carbon black produced by Furnace Black Process (default)*','',0,0,0,0,3,1,38,2,5,NULL,NULL,NULL,NULL,0,0,NULL,4,'Quantity of carbon black produced by Furnace Black Process (default)*','0','',1,NULL,NULL,'',1),('-','2021-01-11 11:43:11','-','2021-01-11 11:43:11',0,1587,'Quantity of carbon black produced by Acetylene Black Process*','',0,0,0,0,3,1,38,2,5,NULL,NULL,NULL,NULL,0,0,NULL,4,'Quantity of carbon black produced by Acetylene Black Process*','0','',1,NULL,NULL,'',1),('-','2021-01-11 11:43:11','-','2021-01-11 11:43:11',0,1588,'Quantity of Caprolactam Acid Produced*','',0,0,0,0,3,1,38,2,5,NULL,NULL,NULL,NULL,0,0,NULL,4,'Quantity of Caprolactam Acid Produced*','0','',1,NULL,NULL,'',1),('-','2021-01-11 11:43:11','-','2021-01-11 11:43:11',0,1589,'Quantity of C6F14 used as Heat Transfer Fluid*','',0,0,0,0,3,1,38,2,5,NULL,NULL,NULL,NULL,0,0,NULL,4,'Quantity of C6F14 used as Heat Transfer Fluid*','0','',1,NULL,NULL,'',1),('-','2021-01-11 11:43:11','-','2021-01-11 11:43:11',0,1590,'Quantity of C3F8 used in Integrated Circuit or Semiconductor*','',0,0,0,0,3,1,38,2,5,NULL,NULL,NULL,NULL,0,0,NULL,4,'Quantity of C3F8 used in Integrated Circuit or Semiconductor*','0','',1,NULL,NULL,'',1),('-','2021-01-11 11:43:11','-','2021-01-11 11:43:11',0,1591,'Quantity of C2F6 used in Photovoltaics*','',0,0,0,0,3,1,38,2,5,NULL,NULL,NULL,NULL,0,0,NULL,4,'Quantity of C2F6 used in Photovoltaics*','0','',1,NULL,NULL,'',1),('-','2021-01-11 11:43:11','-','2021-01-11 11:43:11',0,1592,'Quantity of C2F6 used in Integrated Circuit or Semiconductor*','',0,0,0,0,3,1,38,2,5,NULL,NULL,NULL,NULL,0,0,NULL,4,'Quantity of C2F6 used in Integrated Circuit or Semiconductor*','0','',1,NULL,NULL,'',1),('-','2021-01-11 11:43:11','-','2021-01-11 11:43:11',0,1593,'Quantity of Ammonia Production*','',0,0,0,0,3,1,38,2,5,NULL,NULL,NULL,NULL,0,0,NULL,4,'Quantity of Ammonia Production*','0','',1,NULL,NULL,'',1),('-','2021-01-11 11:43:11','-','2021-01-11 11:43:11',0,1594,'Quantity of Aluminium Production (metal industry)*','',0,0,0,0,3,1,38,2,5,NULL,NULL,NULL,NULL,0,0,NULL,4,'Quantity of Aluminium Production (metal industry)*','0','',1,NULL,NULL,'',1),('-','2021-01-11 11:43:11','-','2021-01-11 11:43:11',0,1595,'Quantity of Adipic Acid Production(Clarification required)*','',0,0,0,0,3,1,38,2,5,NULL,NULL,NULL,NULL,0,0,NULL,4,'Quantity of Adipic Acid Production(Clarification required)*','0','',1,NULL,NULL,'',1),('-','2021-01-11 11:43:11','-','2021-01-11 11:43:11',0,1596,'Quantity of Acetonitrile Burned for Energy Recovery/Flared*','',0,0,0,0,3,1,38,2,5,NULL,NULL,NULL,NULL,0,0,NULL,4,'Quantity of Acetonitrile Burned for Energy Recovery/Flared*','0','',1,NULL,NULL,'',1),('-','2021-01-11 11:43:11','-','2021-01-11 11:43:11',0,1597,'Quantity of Acetonitrile and Hydrogen Cyanide Recovered as Product*','',0,0,0,0,3,1,38,2,5,NULL,NULL,NULL,NULL,0,0,NULL,4,'Quantity of Acetonitrile and Hydrogen Cyanide Recovered as Product*','0','',1,NULL,NULL,'',1),('-','2021-01-11 11:43:11','-','2021-01-11 11:43:11',0,1598,'Quantity of  Magnesite produced (MgCO3)*','',0,0,0,0,3,1,38,2,5,NULL,NULL,NULL,NULL,0,0,NULL,4,'Quantity of  Magnesite produced (MgCO3)*','0','',1,NULL,NULL,'',1),('-','2021-01-11 11:43:11','-','2021-01-11 11:43:11',0,1599,'Quantity of  CaC2 - Calcium used in Carbide production*','',0,0,0,0,3,1,38,2,5,NULL,NULL,NULL,NULL,0,0,NULL,4,'Quantity of  CaC2 - Calcium used in Carbide production*','0','',1,NULL,NULL,'',1),('-','2021-01-11 11:43:11','-','2021-01-11 11:43:11',0,1600,'Mass of melted glass - fibre glass*','',0,0,0,0,3,1,38,2,5,NULL,NULL,NULL,NULL,0,0,NULL,4,'Mass of melted glass - fibre glass*','0','',1,NULL,NULL,'',1),('-','2021-01-11 11:43:11','-','2021-01-11 11:43:11',0,1601,'Mass of melted glass - container*','',0,0,0,0,3,1,38,2,5,NULL,NULL,NULL,NULL,0,0,NULL,4,'Mass of melted glass - container*','0','',1,NULL,NULL,'',1),('-','2021-01-11 11:43:11','-','2021-01-11 11:43:11',0,1602,'Mass of melted glass - float*','',0,0,0,0,3,1,38,2,5,NULL,NULL,NULL,NULL,0,0,NULL,4,'Mass of melted glass - float*','0','',1,NULL,NULL,'',1),('-','2021-01-11 11:43:11','-','2021-01-11 11:43:11',0,1603,'Leakage of SF6 due to disposal of electric equipment*','',0,0,0,0,3,1,38,2,5,NULL,NULL,NULL,NULL,0,0,NULL,4,'Leakage of SF6 due to disposal of electric equipment*','0','',1,NULL,NULL,'',1),('-','2021-01-11 11:43:11','-','2021-01-11 11:43:11',0,1604,'Leakage of PCF due to disposal of electric equipment*','',0,0,0,0,3,1,38,2,5,NULL,NULL,NULL,NULL,0,0,NULL,4,'Leakage of PCF due to disposal of electric equipment*','0','',1,NULL,NULL,'',1),('-','2021-01-11 11:43:11','-','2021-01-11 11:43:11',0,1605,'Fuel Requirement for Ammonia production*','',0,0,0,0,3,1,38,2,5,NULL,NULL,NULL,NULL,0,0,NULL,4,'Fuel Requirement for Ammonia production*','0','',1,NULL,NULL,'',1),('-','2021-01-11 11:43:11','-','2021-01-11 11:43:11',0,1606,'Consumption of solvent based paints for surface coating *','',0,0,0,0,3,1,38,2,5,NULL,NULL,NULL,NULL,0,0,NULL,4,'Consumption of solvent based paints for surface coating *','0','',1,NULL,NULL,'',1),('-','2021-01-11 11:43:11','-','2021-01-11 11:43:11',0,1607,'Consumption of thinner for surface coating*','',0,0,0,0,3,1,38,2,5,NULL,NULL,NULL,NULL,0,0,NULL,4,'Consumption of thinner for surface coating*','0','',1,NULL,NULL,'',1),('-','2021-01-11 11:43:11','-','2021-01-11 11:43:11',0,1608,'Consumption of wood preservative*','',0,0,0,0,3,1,38,2,5,NULL,NULL,NULL,NULL,0,0,NULL,4,'Consumption of wood preservative*','0','',1,NULL,NULL,'',1),('-','2021-01-11 11:43:11','-','2021-01-11 11:43:11',0,1609,'Annual Production of Rolled metal*','',0,0,0,0,3,1,38,2,5,NULL,NULL,NULL,NULL,0,0,NULL,4,'Annual Production of Rolled metal*','0','',1,NULL,NULL,'',1),('-','2021-01-11 11:43:11','-','2021-01-11 11:43:11',0,1610,'Annual  glass production - fibre glass*','',0,0,0,0,3,1,38,2,5,NULL,NULL,NULL,NULL,0,0,NULL,4,'Annual  glass production - fibre glass*','0','',1,NULL,NULL,'',1),('-','2021-01-11 11:43:11','-','2021-01-11 11:43:11',0,1611,'Annual  glass production - container*','',0,0,0,0,3,1,38,2,5,NULL,NULL,NULL,NULL,0,0,NULL,4,'Annual  glass production - container*','0','',1,NULL,NULL,'',1),('-','2021-01-11 11:43:11','-','2021-01-11 11:43:11',0,1612,'Annual  glass production - float*','',0,0,0,0,3,1,38,2,5,NULL,NULL,NULL,NULL,0,0,NULL,4,'Annual  glass production - float*','0','',1,NULL,NULL,'',1),('-','2021-01-11 11:43:11','-','2021-01-11 11:43:11',0,1613,'Quantity of  Siderite produced (FeCO3)*','',0,0,0,0,3,1,38,2,5,NULL,NULL,NULL,NULL,0,0,NULL,4,'Quantity of  Siderite produced (FeCO3)*','0','',1,NULL,NULL,'',1),('-','2021-01-11 11:43:11','-','2021-01-11 11:43:11',0,1614,'Quantity of  Ethylene produced (feedstock: Ethane)*','',0,0,0,0,3,1,38,2,5,NULL,NULL,NULL,NULL,0,0,NULL,4,'Quantity of  Ethylene produced (feedstock: Ethane)*','0','',1,NULL,NULL,'',1),('-','2021-01-11 11:43:11','-','2021-01-11 11:43:11',0,1615,'Quantity of  Ethylene produced (feedstock: Propane)*','',0,0,0,0,3,1,38,2,5,NULL,NULL,NULL,NULL,0,0,NULL,4,'Quantity of  Ethylene produced (feedstock: Propane)*','0','',1,NULL,NULL,'',1),('-','2021-01-11 11:43:11','-','2021-01-11 11:43:11',0,1616,'Quantity of  Magnesite (MgCO3) consumed in ceramics industry*','',0,0,0,0,3,1,38,2,5,NULL,NULL,NULL,NULL,0,0,NULL,4,'Quantity of  Magnesite (MgCO3) consumed in ceramics industry*','0','',1,NULL,NULL,'',1),('-','2021-01-11 11:43:11','-','2021-01-11 11:43:11',0,1617,'Import quantity of White cement','',0,0,0,0,3,1,38,2,5,NULL,NULL,NULL,NULL,0,0,NULL,4,'Import quantity of White cement','0','',1,NULL,NULL,'',1),('-','2021-01-11 11:43:11','-','2021-01-11 11:43:11',0,1618,'Import quantity of Waterproof Cement','',0,0,0,0,3,1,38,2,5,NULL,NULL,NULL,NULL,0,0,NULL,4,'Import quantity of Waterproof Cement','0','',1,NULL,NULL,'',1),('-','2021-01-11 11:43:11','-','2021-01-11 11:43:11',0,1619,'Import quantity of White cement','',0,0,0,0,3,1,38,2,5,NULL,NULL,NULL,NULL,0,0,NULL,4,'Import quantity of White cement','0','',1,NULL,NULL,'',1),('-','2021-01-11 11:43:11','-','2021-01-11 11:43:11',0,1620,'Import quantity of Hydraulic Cement','',0,0,0,0,3,1,38,2,5,NULL,NULL,NULL,NULL,0,0,NULL,4,'Import quantity of Hydraulic Cement','0','',1,NULL,NULL,'',1),('-','2021-01-11 11:43:11','-','2021-01-11 11:43:11',0,1621,'Import quantity of Aluminous Cement','',0,0,0,0,3,1,38,2,5,NULL,NULL,NULL,NULL,0,0,NULL,4,'Import quantity of Aluminous Cement','0','',1,NULL,NULL,'',1),('-','2021-01-11 11:43:11','-','2021-01-11 11:43:11',0,1622,'Import quantity of Alum Portland Cement','',0,0,0,0,3,1,38,2,5,NULL,NULL,NULL,NULL,0,0,NULL,4,'Import quantity of Alum Portland Cement','0','',1,NULL,NULL,'',1),('-','2021-01-11 11:43:11','-','2021-01-11 11:43:11',0,1623,'Import quantity of [minerals]','',0,0,0,0,3,1,38,2,5,NULL,NULL,NULL,NULL,0,0,NULL,4,'Import quantity of [minerals]','0','',1,NULL,NULL,'',1),('-','2021-01-11 11:43:11','-','2021-01-11 11:43:11',0,1624,'Exports quantity Of Other Minerals - Gemstones','',0,0,0,0,3,1,38,2,5,NULL,NULL,NULL,NULL,0,0,NULL,4,'Exports quantity Of Other Minerals - Gemstones','0','',1,NULL,NULL,'',1),('-','2021-01-11 11:43:11','-','2021-01-11 11:43:11',0,1625,'Exports quantity Of Other Minerals - Mica','',0,0,0,0,3,1,38,2,5,NULL,NULL,NULL,NULL,0,0,NULL,4,'Exports quantity Of Other Minerals - Mica','0','',1,NULL,NULL,'',1),('-','2021-01-11 11:43:11','-','2021-01-11 11:43:11',0,1626,'Exports quantity Of Other Minerals - Graphite','',0,0,0,0,3,1,38,2,5,NULL,NULL,NULL,NULL,0,0,NULL,4,'Exports quantity Of Other Minerals - Graphite','0','',1,NULL,NULL,'',1),('-','2021-01-11 11:43:11','-','2021-01-11 11:43:11',0,1627,'Exports quantity Of Other Minerals - Quartz','',0,0,0,0,3,1,38,2,5,NULL,NULL,NULL,NULL,0,0,NULL,4,'Exports quantity Of Other Minerals - Quartz','0','',1,NULL,NULL,'',1),('-','2021-01-11 11:43:11','-','2021-01-11 11:43:11',0,1628,'Exports quantity Of Mica','',0,0,0,0,3,1,38,2,5,NULL,NULL,NULL,NULL,0,0,NULL,4,'Exports quantity Of Mica','0','',1,NULL,NULL,'',1),('-','2021-01-11 11:43:11','-','2021-01-11 11:43:11',0,1629,'Exports quantity Of Graphite','',0,0,0,0,3,1,38,2,5,NULL,NULL,NULL,NULL,0,0,NULL,4,'Exports quantity Of Graphite','0','',1,NULL,NULL,'',1),('-','2021-01-11 11:43:11','-','2021-01-11 11:43:11',0,1630,'Exports quantity Of Construction minerals (Dimension stones)','',0,0,0,0,3,1,38,2,5,NULL,NULL,NULL,NULL,0,0,NULL,4,'Exports quantity Of Construction minerals (Dimension stones)','0','',1,NULL,NULL,'',1),('-','2021-01-11 11:43:11','-','2021-01-11 11:43:11',0,1631,'Exports quantity Of Vein Quartz','',0,0,0,0,3,1,38,2,5,NULL,NULL,NULL,NULL,0,0,NULL,4,'Exports quantity Of Vein Quartz','0','',1,NULL,NULL,'',1),('-','2021-01-11 11:43:11','-','2021-01-11 11:43:11',0,1632,'Exports quantity Of  Mineral Sands - Ilmenite','',0,0,0,0,3,1,38,2,5,NULL,NULL,NULL,NULL,0,0,NULL,4,'Exports quantity Of  Mineral Sands - Ilmenite','0','',1,NULL,NULL,'',1),('-','2021-01-11 11:43:11','-','2021-01-11 11:43:11',0,1633,'Exports quantity Of  Mineral Sands - Rutile','',0,0,0,0,3,1,38,2,5,NULL,NULL,NULL,NULL,0,0,NULL,4,'Exports quantity Of  Mineral Sands - Rutile','0','',1,NULL,NULL,'',1),('-','2021-01-11 11:43:11','-','2021-01-11 11:43:11',0,1634,'Exports quantity Of  Mineral Sands - Zircon','',0,0,0,0,3,1,38,2,5,NULL,NULL,NULL,NULL,0,0,NULL,4,'Exports quantity Of  Mineral Sands - Zircon','0','',1,NULL,NULL,'',1),('-','2021-01-11 11:43:11','-','2021-01-11 11:43:11',0,1635,'Daily raw material consumption for the manufacturing process under purview of CEA *','',0,0,0,0,3,1,38,2,5,NULL,NULL,NULL,NULL,0,0,NULL,4,'Daily raw material consumption for the manufacturing process under purview of CEA *','0','',1,NULL,NULL,'',1),('-','2021-01-11 11:43:11','-','2021-01-11 11:43:11',0,1636,'Daily raw material consumption for the manufacturing process under purview of BOI *','',0,0,0,0,3,1,38,2,5,NULL,NULL,NULL,NULL,0,0,NULL,4,'Daily raw material consumption for the manufacturing process under purview of BOI *','0','',1,NULL,NULL,'',1),('-','2021-01-11 11:43:11','-','2021-01-11 11:43:11',0,1637,'Calcium carbide Production *','',0,0,0,0,3,1,38,2,5,NULL,NULL,NULL,NULL,0,0,NULL,4,'Calcium carbide Production *','0','',1,NULL,NULL,'',1),('-','2021-01-11 11:43:11','-','2021-01-11 11:43:11',0,1638,'Annual import of polyol for PU production','',0,0,0,0,3,1,38,2,5,NULL,NULL,NULL,NULL,0,0,NULL,4,'Annual import of polyol for PU production','0','',1,NULL,NULL,'',1),('-','2021-01-11 11:43:11','-','2021-01-11 11:43:11',0,1639,'Total quantity of lubricants consumption*','',0,0,0,0,3,1,38,2,5,NULL,NULL,NULL,NULL,0,0,NULL,4,'Total quantity of lubricants consumption*','0','',1,NULL,NULL,'',1),('-','2021-01-11 11:43:11','-','2021-01-11 11:43:11',0,1640,'Total Paraffin Wax Consumption*','',0,0,0,0,3,1,38,2,5,NULL,NULL,NULL,NULL,0,0,NULL,4,'Total Paraffin Wax Consumption*','0','',1,NULL,NULL,'',1),('-','2021-01-11 11:43:11','-','2021-01-11 11:43:11',0,1641,'Secondary Products Burned for Energy Recovery/Flared (default)*','',0,0,0,0,3,1,38,2,5,NULL,NULL,NULL,NULL,0,0,NULL,4,'Secondary Products Burned for Energy Recovery/Flared (default)*','0','',1,NULL,NULL,'',1),('-','2021-01-11 11:43:11','-','2021-01-11 11:43:11',0,1642,'Quantity of Zinc Produced*','',0,0,0,0,3,1,38,2,5,NULL,NULL,NULL,NULL,0,0,NULL,4,'Quantity of Zinc Produced*','0','',1,NULL,NULL,'',1),('-','2021-01-11 11:43:11','-','2021-01-11 11:43:11',0,1643,'Quantity of Wheat flour used for bakery products (esp. bread)*','',0,0,0,0,3,1,38,2,5,NULL,NULL,NULL,NULL,0,0,NULL,4,'Quantity of Wheat flour used for bakery products (esp. bread)*','0','',1,NULL,NULL,'',1),('-','2021-01-11 11:43:11','-','2021-01-11 11:43:11',0,1644,'Quantity of Trona used for soda ash production*','',0,0,0,0,3,1,38,2,5,NULL,NULL,NULL,NULL,0,0,NULL,4,'Quantity of Trona used for soda ash production*','0','',1,NULL,NULL,'',1),('-','2021-01-11 11:43:11','-','2021-01-11 11:43:11',0,1645,'Quantity of Titanium Slag used for Titanium Dioxide production*','',0,0,0,0,3,1,38,2,5,NULL,NULL,NULL,NULL,0,0,NULL,4,'Quantity of Titanium Slag used for Titanium Dioxide production*','0','',1,NULL,NULL,'',1),('-','2021-01-11 11:43:11','-','2021-01-11 11:43:11',0,1646,'Quantity of Synthetic Rutile used for Titanium Dioxide production*','',0,0,0,0,3,1,38,2,5,NULL,NULL,NULL,NULL,0,0,NULL,4,'Quantity of Synthetic Rutile used for Titanium Dioxide production*','0','',1,NULL,NULL,'',1),('-','2021-01-11 11:43:11','-','2021-01-11 11:43:11',0,1647,'Quantity of Speciality (tableware) produced*','',0,0,0,0,3,1,38,2,5,NULL,NULL,NULL,NULL,0,0,NULL,4,'Quantity of Speciality (tableware) produced*','0','',1,NULL,NULL,'',1),('-','2021-01-11 11:43:11','-','2021-01-11 11:43:11',0,1648,'Quantity of Solvent used*','',0,0,0,0,3,1,38,2,5,NULL,NULL,NULL,NULL,0,0,NULL,4,'Quantity of Solvent used*','0','',1,NULL,NULL,'',1),('-','2021-01-11 11:43:11','-','2021-01-11 11:43:11',0,1649,'Quantity of SiC - Silicon used in Carbide production*','',0,0,0,0,3,1,38,2,5,NULL,NULL,NULL,NULL,0,0,NULL,4,'Quantity of SiC - Silicon used in Carbide production*','0','',1,NULL,NULL,'',1),('-','2021-01-11 11:43:11','-','2021-01-11 11:43:11',0,1650,'Quantity of SF6 used in use of electric equipment*','',0,0,0,0,3,1,38,2,5,NULL,NULL,NULL,NULL,0,0,NULL,4,'Quantity of SF6 used in use of electric equipment*','0','',1,NULL,NULL,'',1),('-','2021-01-11 11:43:11','-','2021-01-11 11:43:11',0,1651,'Quantity of SF6 used in TFT Flat Panel Display*','',0,0,0,0,3,1,38,2,5,NULL,NULL,NULL,NULL,0,0,NULL,4,'Quantity of SF6 used in TFT Flat Panel Display*','0','',1,NULL,NULL,'',1),('-','2021-01-11 11:43:11','-','2021-01-11 11:43:11',0,1652,'Quantity of SF6 used in military applications*','',0,0,0,0,3,1,38,2,5,NULL,NULL,NULL,NULL,0,0,NULL,4,'Quantity of SF6 used in military applications*','0','',1,NULL,NULL,'',1),('-','2021-01-11 11:43:11','-','2021-01-11 11:43:11',0,1653,'Quantity of SF6 used in manufacturing electric equipment*','',0,0,0,0,3,1,38,2,5,NULL,NULL,NULL,NULL,0,0,NULL,4,'Quantity of SF6 used in manufacturing electric equipment*','0','',1,NULL,NULL,'',1),('-','2021-01-11 11:43:11','-','2021-01-11 11:43:11',0,1654,'Quantity of SF6 used in Integrated Circuit or Semiconductor*','',0,0,0,0,3,1,38,2,5,NULL,NULL,NULL,NULL,0,0,NULL,4,'Quantity of SF6 used in Integrated Circuit or Semiconductor*','0','',1,NULL,NULL,'',1),('-','2021-01-11 11:43:11','-','2021-01-11 11:43:11',0,1655,'Quantity of SF6 used in Accelerators*','',0,0,0,0,3,1,38,2,5,NULL,NULL,NULL,NULL,0,0,NULL,4,'Quantity of SF6 used in Accelerators*','0','',1,NULL,NULL,'',1),('-','2021-01-11 11:43:11','-','2021-01-11 11:43:11',0,1656,'Quantity of Rutile TiO2 used for Titanium Dioxide production*','',0,0,0,0,3,1,38,2,5,NULL,NULL,NULL,NULL,0,0,NULL,4,'Quantity of Rutile TiO2 used for Titanium Dioxide production*','0','',1,NULL,NULL,'',1),('-','2021-01-11 11:43:11','-','2021-01-11 11:43:11',0,1657,'Quantity of PFC used in use of electric equipment*','',0,0,0,0,3,1,38,2,5,NULL,NULL,NULL,NULL,0,0,NULL,4,'Quantity of PFC used in use of electric equipment*','0','',1,NULL,NULL,'',1),('-','2021-01-11 11:43:11','-','2021-01-11 11:43:11',0,1658,'Quantity of PFC used in military applications*','',0,0,0,0,3,1,38,2,5,NULL,NULL,NULL,NULL,0,0,NULL,4,'Quantity of PFC used in military applications*','0','',1,NULL,NULL,'',1),('-','2021-01-11 11:43:11','-','2021-01-11 11:43:11',0,1659,'Quantity of PFC used in manufacturing electric equipment*','',0,0,0,0,3,1,38,2,5,NULL,NULL,NULL,NULL,0,0,NULL,4,'Quantity of PFC used in manufacturing electric equipment*','0','',1,NULL,NULL,'',1),('-','2021-01-11 11:43:11','-','2021-01-11 11:43:11',0,1660,'Quantity of PFC used in Accelerators*','',0,0,0,0,3,1,38,2,5,NULL,NULL,NULL,NULL,0,0,NULL,4,'Quantity of PFC used in Accelerators*','0','',1,NULL,NULL,'',1),('-','2021-01-11 11:43:11','-','2021-01-11 11:43:11',0,1661,'Quantity of Paraffin Wax use*','',0,0,0,0,3,1,38,2,5,NULL,NULL,NULL,NULL,0,0,NULL,4,'Quantity of Paraffin Wax use*','0','',1,NULL,NULL,'',1),('-','2021-01-11 11:43:11','-','2021-01-11 11:43:11',0,1662,'Quantity of NF3 used in TFT Flat Panel Display*','',0,0,0,0,3,1,38,2,5,NULL,NULL,NULL,NULL,0,0,NULL,4,'Quantity of NF3 used in TFT Flat Panel Display*','0','',1,NULL,NULL,'',1),('-','2021-01-11 11:43:11','-','2021-01-11 11:43:11',0,1663,'Quantity of NF3 used in Integrated Circuit or Semiconductor*','',0,0,0,0,3,1,38,2,5,NULL,NULL,NULL,NULL,0,0,NULL,4,'Quantity of NF3 used in Integrated Circuit or Semiconductor*','0','',1,NULL,NULL,'',1),('-','2021-01-11 11:43:11','-','2021-01-11 11:43:11',0,1664,'Quantity of N2O emissions due to Propellant for pressure and aerosol products*','',0,0,0,0,3,1,38,2,5,NULL,NULL,NULL,NULL,0,0,NULL,4,'Quantity of N2O emissions due to Propellant for pressure and aerosol products*','0','',1,NULL,NULL,'',1),('-','2021-01-11 11:43:11','-','2021-01-11 11:43:11',0,1665,'Quantity of NO emissions due to Medical Applications*','',0,0,0,0,3,1,38,2,5,NULL,NULL,NULL,NULL,0,0,NULL,4,'Quantity of NO emissions due to Medical Applications*','0','',1,NULL,NULL,'',1),('-','2021-01-11 11:43:11','-','2021-01-11 11:43:11',0,1666,'Quantity of Methanol Produced*','',0,0,0,0,3,1,38,2,5,NULL,NULL,NULL,NULL,0,0,NULL,4,'Quantity of Methanol Produced*','0','',1,NULL,NULL,'',1),('-','2021-01-11 11:43:11','-','2021-01-11 11:43:11',0,1667,'Quantity of Magnesium Production*','',0,0,0,0,3,1,38,2,5,NULL,NULL,NULL,NULL,0,0,NULL,4,'Quantity of Magnesium Production*','0','',1,NULL,NULL,'',1),('-','2021-01-11 11:43:11','-','2021-01-11 11:43:11',0,1668,'Quantity of Lubricating Oil*','',0,0,0,0,3,1,38,2,5,NULL,NULL,NULL,NULL,0,0,NULL,4,'Quantity of Lubricating Oil*','0','',1,NULL,NULL,'',1),('-','2021-01-11 11:43:11','-','2021-01-11 11:43:11',0,1669,'Quantity of Iron and steel Production*','',0,0,0,0,3,1,38,2,5,NULL,NULL,NULL,NULL,0,0,NULL,4,'Quantity of Iron and steel Production*','0','',1,NULL,NULL,'',1),('-','2021-01-11 11:43:11','-','2021-01-11 11:43:11',0,1670,'Quantity of Hydrofluorocarbons used in Solvents*','',0,0,0,0,3,1,38,2,5,NULL,NULL,NULL,NULL,0,0,NULL,4,'Quantity of Hydrofluorocarbons used in Solvents*','0','',1,NULL,NULL,'',1),('-','2021-01-11 11:43:11','-','2021-01-11 11:43:11',0,1671,'Quantity of Hydrofluorocarbons used in Refrigeration and Air Conditioning*','',0,0,0,0,3,1,38,2,5,NULL,NULL,NULL,NULL,0,0,NULL,4,'Quantity of Hydrofluorocarbons used in Refrigeration and Air Conditioning*','0','',1,NULL,NULL,'',1),('-','2021-01-11 11:43:11','-','2021-01-11 11:43:11',0,1672,'Quantity of Hydrofluorocarbons used in Mobile Air Conditioning*','',0,0,0,0,3,1,38,2,5,NULL,NULL,NULL,NULL,0,0,NULL,4,'Quantity of Hydrofluorocarbons used in Mobile Air Conditioning*','0','',1,NULL,NULL,'',1),('-','2021-01-11 11:43:11','-','2021-01-11 11:43:11',0,1673,'Quantity of Hydrofluorocarbons used in Fire Protection*','',0,0,0,0,3,1,38,2,5,NULL,NULL,NULL,NULL,0,0,NULL,4,'Quantity of Hydrofluorocarbons used in Fire Protection*','0','',1,NULL,NULL,'',1),('-','2021-01-11 11:43:11','-','2021-01-11 11:43:11',0,1674,'Quantity of Hydrofluorocarbons used in Aerosols*','',0,0,0,0,3,1,38,2,5,NULL,NULL,NULL,NULL,0,0,NULL,4,'Quantity of Hydrofluorocarbons used in Aerosols*','0','',1,NULL,NULL,'',1),('-','2021-01-11 11:43:11','-','2021-01-11 11:43:11',0,1675,'Quantity of Grease use*','',0,0,0,0,3,1,38,2,5,NULL,NULL,NULL,NULL,0,0,NULL,4,'Quantity of Grease use*','0','',1,NULL,NULL,'',1),('-','2021-01-11 11:43:11','-','2021-01-11 11:43:11',0,1676,'Quantity of Graphite production*','',0,0,0,0,3,1,38,2,5,NULL,NULL,NULL,NULL,0,0,NULL,4,'Quantity of Graphite production*','0','',1,NULL,NULL,'',1),('-','2021-01-11 11:43:11','-','2021-01-11 11:43:11',0,1677,'Quantity of Glyoxal Acid Production*','',0,0,0,0,3,1,38,2,5,NULL,NULL,NULL,NULL,0,0,NULL,4,'Quantity of Glyoxal Acid Production*','0','',1,NULL,NULL,'',1),('-','2021-01-11 11:43:11','-','2021-01-11 11:43:11',0,1678,'Total Dolomite (CaMg(CO3)2) use in mineral industry*','',0,0,0,0,3,1,38,2,5,NULL,NULL,NULL,NULL,0,0,NULL,4,'Total Dolomite (CaMg(CO3)2) use in mineral industry*','0','',1,NULL,NULL,'',1),('-','2021-01-11 11:43:11','-','2021-01-11 11:43:11',0,1679,'Quantity of Vein Quartz consumed in ceramic industry*','',0,0,0,0,3,1,38,2,5,NULL,NULL,NULL,NULL,0,0,NULL,4,'Quantity of Vein Quartz consumed in ceramic industry*','0','',1,NULL,NULL,'',1),('-','2021-01-11 11:43:11','-','2021-01-11 11:43:11',0,1680,'Quantity of Silica sand consumed in glass industry*','',0,0,0,0,3,1,38,2,5,NULL,NULL,NULL,NULL,0,0,NULL,4,'Quantity of Silica sand consumed in glass industry*','0','',1,NULL,NULL,'',1),('-','2021-01-11 11:43:11','-','2021-01-11 11:43:11',0,1681,'Quantity of Rhodochrosite (MnCO3) consumed in ceramics industry','',0,0,0,0,3,1,38,2,5,NULL,NULL,NULL,NULL,0,0,NULL,4,'Quantity of Rhodochrosite (MnCO3) consumed in ceramics industry','0','',1,NULL,NULL,'',1),('-','2021-01-11 11:43:11','-','2021-01-11 11:43:11',0,1682,'Quantity of inland corals used for the production of lime*','',0,0,0,0,3,1,38,2,5,NULL,NULL,NULL,NULL,0,0,NULL,4,'Quantity of inland corals used for the production of lime*','0','',1,NULL,NULL,'',1),('-','2021-01-11 11:43:11','-','2021-01-11 11:43:11',0,1683,'Quantity of hydraulic lime used for the production of lime*','',0,0,0,0,3,1,38,2,5,NULL,NULL,NULL,NULL,0,0,NULL,4,'Quantity of hydraulic lime used for the production of lime*','0','',1,NULL,NULL,'',1),('-','2021-01-11 11:43:11','-','2021-01-11 11:43:11',0,1684,'Quantity of Feldspar consumption  in glass industry*','',0,0,0,0,3,1,38,2,5,NULL,NULL,NULL,NULL,0,0,NULL,4,'Quantity of Feldspar consumption  in glass industry*','0','',1,NULL,NULL,'',1),('-','2021-01-11 11:43:11','-','2021-01-11 11:43:11',0,1685,'Quantity of Feldspar consumption in ceramic industry *','',0,0,0,0,3,1,38,2,5,NULL,NULL,NULL,NULL,0,0,NULL,4,'Quantity of Feldspar consumption in ceramic industry *','0','',1,NULL,NULL,'',1),('-','2021-01-11 11:43:11','-','2021-01-11 11:43:11',0,1686,'Quantity of Ethylene produced (feedstock: Naphtha)*','',0,0,0,0,3,1,38,2,5,NULL,NULL,NULL,NULL,0,0,NULL,4,'Quantity of Ethylene produced (feedstock: Naphtha)*','0','',1,NULL,NULL,'',1),('-','2021-01-11 11:43:11','-','2021-01-11 11:43:11',0,1687,'Quantity of Ethylene produced (feedstock: Gas oil)*','',0,0,0,0,3,1,38,2,5,NULL,NULL,NULL,NULL,0,0,NULL,4,'Quantity of Ethylene produced (feedstock: Gas oil)*','0','',1,NULL,NULL,'',1),('-','2021-01-11 11:43:11','-','2021-01-11 11:43:11',0,1688,'Quantity of Ethylene produced (feedstock: Butane)*','',0,0,0,0,3,1,38,2,5,NULL,NULL,NULL,NULL,0,0,NULL,4,'Quantity of Ethylene produced (feedstock: Butane)*','0','',1,NULL,NULL,'',1),('-','2021-01-11 11:43:11','-','2021-01-11 11:43:11',0,1689,'Quantity of clinker produced by the manufacturer*','',0,0,0,0,3,1,38,2,5,NULL,NULL,NULL,NULL,0,0,NULL,4,'Quantity of clinker produced by the manufacturer*','0','',1,NULL,NULL,'',1),('-','2021-01-11 11:43:11','-','2021-01-11 11:43:11',0,1690,'Quantity of Calcite consumed  in the glass industry*','',0,0,0,0,3,1,38,2,5,NULL,NULL,NULL,NULL,0,0,NULL,4,'Quantity of Calcite consumed  in the glass industry*','0','',1,NULL,NULL,'',1),('-','2021-01-11 11:43:11','-','2021-01-11 11:43:11',0,1691,'Quantity of [HFC134a] used for Fluorochemical Production*','',0,0,0,0,3,1,38,2,5,NULL,NULL,NULL,NULL,0,0,NULL,4,'Quantity of [HFC134a] used for Fluorochemical Production*','0','',1,NULL,NULL,'',1),('-','2021-01-11 11:43:11','-','2021-01-11 11:43:11',0,1692,'Quantity of - Ankerite (Ca(Fe, Mg, Mn)(..)) produced*','',0,0,0,0,3,1,38,2,5,NULL,NULL,NULL,NULL,0,0,NULL,4,'Quantity of - Ankerite (Ca(Fe, Mg, Mn)(..)) produced*','0','',1,NULL,NULL,'',1),('-','2021-01-11 11:43:11','-','2021-01-11 11:43:11',0,1693,'Annual import of Other HFCs','',0,0,0,0,3,1,38,2,5,NULL,NULL,NULL,NULL,0,0,NULL,4,'Annual import of Other HFCs','0','',1,NULL,NULL,'',1),('-','2021-01-11 11:43:11','-','2021-01-11 11:43:11',0,1694,'Quantity of  Other HFCs used for Fluorochemical Production*','',0,0,0,0,3,1,38,2,5,NULL,NULL,NULL,NULL,0,0,NULL,4,'Quantity of  Other HFCs used for Fluorochemical Production*','0','',1,NULL,NULL,'',1),('-','2021-01-11 11:43:11','-','2021-01-11 11:43:11',0,1695,'Annual import of HFCHCFC-141b','',0,0,0,0,3,1,38,2,5,NULL,NULL,NULL,NULL,0,0,NULL,4,'Annual import of HFCHCFC-141b','0','',1,NULL,NULL,'',1),('-','2021-01-11 11:43:11','-','2021-01-11 11:43:11',0,1696,'Quantity of  [HFCHCFC-141b] used for Fluorochemical Production*','',0,0,0,0,3,1,38,2,5,NULL,NULL,NULL,NULL,0,0,NULL,4,'Quantity of  [HFCHCFC-141b] used for Fluorochemical Production*','0','',1,NULL,NULL,'',1),('-','2021-01-11 11:43:11','-','2021-01-11 11:43:11',0,1697,'Annual import of HFCHCFC-22','',0,0,0,0,3,1,38,2,5,NULL,NULL,NULL,NULL,0,0,NULL,4,'Annual import of HFCHCFC-22','0','',1,NULL,NULL,'',1),('-','2021-01-11 11:43:11','-','2021-01-11 11:43:11',0,1698,'Quantity of  [HFCHCFC-22] used for Fluorochemical Production*','',0,0,0,0,3,1,38,2,5,NULL,NULL,NULL,NULL,0,0,NULL,4,'Quantity of  [HFCHCFC-22] used for Fluorochemical Production*','0','',1,NULL,NULL,'',1),('-','2021-01-11 11:43:11','-','2021-01-11 11:43:11',0,1699,'Annual import of HFC507A','',0,0,0,0,3,1,38,2,5,NULL,NULL,NULL,NULL,0,0,NULL,4,'Annual import of HFC507A','0','',1,NULL,NULL,'',1),('-','2021-01-11 11:43:11','-','2021-01-11 11:43:11',0,1700,'Quantity of  [HFC507A] used for Fluorochemical Production*','',0,0,0,0,3,1,38,2,5,NULL,NULL,NULL,NULL,0,0,NULL,4,'Quantity of  [HFC507A] used for Fluorochemical Production*','0','',1,NULL,NULL,'',1),('-','2021-01-11 11:43:11','-','2021-01-11 11:43:11',0,1701,'Annual import of HFC152A','',0,0,0,0,3,1,38,2,5,NULL,NULL,NULL,NULL,0,0,NULL,4,'Annual import of HFC152A','0','',1,NULL,NULL,'',1),('-','2021-01-11 11:43:11','-','2021-01-11 11:43:11',0,1702,'Quantity of  [HFC152A] used for Fluorochemical Production*','',0,0,0,0,3,1,38,2,5,NULL,NULL,NULL,NULL,0,0,NULL,4,'Quantity of  [HFC152A] used for Fluorochemical Production*','0','',1,NULL,NULL,'',1),('-','2021-01-11 11:43:11','-','2021-01-11 11:43:11',0,1703,'Annual import of HFC409A','',0,0,0,0,3,1,38,2,5,NULL,NULL,NULL,NULL,0,0,NULL,4,'Annual import of HFC409A','0','',1,NULL,NULL,'',1),('-','2021-01-11 11:43:11','-','2021-01-11 11:43:11',0,1704,'Consumption of apatite in the fertilizer production*','',0,0,0,0,3,1,38,2,5,NULL,NULL,NULL,NULL,0,0,NULL,4,'Consumption of apatite in the fertilizer production*','0','',1,NULL,NULL,'',1),('-','2021-01-11 11:43:11','-','2021-01-11 11:43:11',0,1705,'Quantity of [ HFC404A] used for Fluorochemical Production*','',0,0,0,0,3,1,38,2,5,NULL,NULL,NULL,NULL,0,0,NULL,4,'Quantity of [ HFC404A] used for Fluorochemical Production*','0','',1,NULL,NULL,'',1),('-','2021-01-11 11:43:11','-','2021-01-11 11:43:11',0,1706,'Quantity of  [HFC407C] used for Fluorochemical Production*','',0,0,0,0,3,1,37,2,5,NULL,NULL,NULL,NULL,0,0,NULL,4,'Quantity of  [HFC407C] used for Fluorochemical Production*','0','',1,NULL,NULL,'',1),('-','2021-01-11 11:43:11','-','2021-01-11 11:43:11',0,1707,'Quantity of  [HFC410A] used for Fluorochemical Production*','',0,0,0,0,3,1,37,2,5,NULL,NULL,NULL,NULL,0,0,NULL,4,'Quantity of  [HFC410A] used for Fluorochemical Production*','0','',1,NULL,NULL,'',1),('-','2021-01-11 11:43:11','-','2021-01-11 11:43:11',0,1708,'Quantity of  [HFC409A] used for Fluorochemical Production*','',0,0,0,0,3,1,37,2,5,NULL,NULL,NULL,NULL,0,0,NULL,4,'Quantity of  [HFC409A] used for Fluorochemical Production*','0','',1,NULL,NULL,'',1),('-','2021-01-11 11:43:11','-','2021-01-11 11:43:11',0,1709,'Annual import quantity of PFC','',0,0,0,0,3,1,37,2,5,NULL,NULL,NULL,NULL,0,0,NULL,4,'Annual import quantity of PFC','0','',1,NULL,NULL,'',1),('-','2021-01-11 11:43:11','-','2021-01-11 11:43:11',0,1710,'Annual import quantity of SF6','',0,0,0,0,3,1,37,2,5,NULL,NULL,NULL,NULL,0,0,NULL,4,'Annual import quantity of SF6','0','',1,NULL,NULL,'',1),('-','2021-01-11 11:43:11','-','2021-01-11 11:43:11',0,1711,'Mass of clinker in the Portland cement*','',0,0,0,0,3,1,37,2,5,NULL,NULL,NULL,NULL,0,0,NULL,4,'Mass of clinker in the Portland cement*','0','',1,NULL,NULL,'',1),('-','2021-01-11 11:43:11','-','2021-01-11 11:43:11',0,1712,'Annual consumption of HFC404A, 2009','872',0,0,0,0,3,1,37,2,5,NULL,NULL,NULL,NULL,0,0,NULL,4,'Annual consumption of HFC404A, 2009','0','10000',1,NULL,NULL,'',1),('-','2021-01-11 11:43:11','-','2021-01-11 11:43:11',0,1713,'Annual consumption of HFC407C, 2007','226',0,0,0,0,3,1,37,2,5,NULL,NULL,NULL,NULL,0,0,NULL,4,'Annual consumption of HFC407C, 2007','0','10000',1,NULL,NULL,'',1),('-','2021-01-11 11:43:11','-','2021-01-11 11:43:11',0,1714,'Annual consumption of HFC410A, 2009','226',0,0,0,0,3,1,37,2,5,NULL,NULL,NULL,NULL,0,0,NULL,4,'Annual consumption of HFC410A, 2009','0','10000',1,NULL,NULL,'',1),('-','2021-01-11 11:43:11','-','2021-01-11 11:43:11',0,1715,'Quantity of fuel consumed for manufacturing process by industries under purview of BOI *','',0,0,0,0,3,1,47,2,5,NULL,NULL,NULL,NULL,0,0,NULL,4,'Quantity of fuel consumed for manufacturing process by industries under purview of BOI *','0','',1,NULL,NULL,'',1),('-','2021-01-11 11:43:11','-','2021-01-11 11:43:11',0,1716,'Quantity of fuel consumed for manufacturing process by industries under purview of CEA *','',0,0,0,0,3,1,47,2,5,NULL,NULL,NULL,NULL,0,0,NULL,4,'Quantity of fuel consumed for manufacturing process by industries under purview of CEA *','0','',1,NULL,NULL,'',1),('-','2021-01-11 11:43:11','-','2021-01-11 11:43:11',0,1717,'Total Daily water consumption for  domestic purpose by industries under purview of BOI','',0,0,0,0,3,1,46,2,5,NULL,NULL,NULL,NULL,0,0,NULL,4,'Total Daily water consumption for  domestic purpose by industries under purview of BOI','0','',1,NULL,NULL,'',1),('-','2021-01-11 11:43:11','-','2021-01-11 11:43:11',0,1718,'Total Daily water consumption for  cooling purpose by industries under purview of BOI','',0,0,0,0,3,1,46,2,5,NULL,NULL,NULL,NULL,0,0,NULL,4,'Total Daily water consumption for  cooling purpose by industries under purview of BOI','0','',1,NULL,NULL,'',1),('-','2021-01-11 11:43:11','-','2021-01-11 11:43:11',0,1719,'Total Daily water consumption for  processing purpose by industries under purview of BOI','',0,0,0,0,3,1,46,2,5,NULL,NULL,NULL,NULL,0,0,NULL,4,'Total Daily water consumption for  processing purpose by industries under purview of BOI','0','',1,NULL,NULL,'',1),('-','2021-01-11 11:43:11','-','2021-01-11 11:43:11',0,1720,'Total Daily water consumption for  processing purpose by industries under purview of BOI','',0,0,0,0,3,1,46,2,5,NULL,NULL,NULL,NULL,0,0,NULL,4,'Total Daily water consumption for  processing purpose by industries under purview of BOI','0','',1,NULL,NULL,'',1),('-','2021-01-11 11:43:11','-','2021-01-11 11:43:11',0,1721,'Total Daily water consumption for  any other purpose by industries under purview of BOI','',0,0,0,0,3,1,46,2,5,NULL,NULL,NULL,NULL,0,0,NULL,4,'Total Daily water consumption for  any other purpose by industries under purview of BOI','0','',1,NULL,NULL,'',1),('-','2021-01-11 11:43:11','-','2021-01-11 11:43:11',0,1722,'Total Daily water consumption for  domestic purpose by industries under purview of CEA ','',0,0,0,0,3,1,46,2,5,NULL,NULL,NULL,NULL,0,0,NULL,4,'Total Daily water consumption for  domestic purpose by industries under purview of CEA ','0','',1,NULL,NULL,'',1),('-','2021-01-11 11:43:11','-','2021-01-11 11:43:11',0,1723,'Total Daily water consumption for  cooling purpose by industries under purview of CEA ','',0,0,0,0,3,1,46,2,5,NULL,NULL,NULL,NULL,0,0,NULL,4,'Total Daily water consumption for  cooling purpose by industries under purview of CEA ','0','',1,NULL,NULL,'',1),('-','2021-01-11 11:43:11','-','2021-01-11 11:43:11',0,1724,'Total Daily water consumption for  processing purpose by industries under purview of CEA ','',0,0,0,0,3,1,46,2,5,NULL,NULL,NULL,NULL,0,0,NULL,4,'Total Daily water consumption for  processing purpose by industries under purview of CEA ','0','',1,NULL,NULL,'',1),('-','2021-01-11 11:43:11','-','2021-01-11 11:43:11',0,1725,'Total Daily water consumption for  any other purpose by industries under purview of CEA ','',0,0,0,0,3,1,46,2,5,NULL,NULL,NULL,NULL,0,0,NULL,4,'Total Daily water consumption for  any other purpose by industries under purview of CEA ','0','',1,NULL,NULL,'',1),('-','2021-01-11 11:43:11','-','2021-01-11 11:43:11',0,1726,'Consumption of other general purpose solvent as solvent application*','',0,0,0,0,3,1,46,2,5,NULL,NULL,NULL,NULL,0,0,NULL,4,'Consumption of other general purpose solvent as solvent application*','0','',1,NULL,NULL,'',1),('-','2021-01-11 11:43:11','-','2021-01-11 11:43:11',0,1727,'Daily fuel consumption of the plants under purview of BOI *','',0,0,0,0,3,1,46,2,5,NULL,NULL,NULL,NULL,0,0,NULL,4,'Daily fuel consumption of the plants under purview of BOI *','0','',1,NULL,NULL,'',1),('-','2021-01-11 11:43:11','-','2021-01-11 11:43:11',0,1728,'Daily fuel consumption of the plants under purview of CEA *','',0,0,0,0,3,1,46,2,5,NULL,NULL,NULL,NULL,0,0,NULL,4,'Daily fuel consumption of the plants under purview of CEA *','0','',1,NULL,NULL,'',1),('-','2021-01-11 11:43:11','-','2021-01-11 11:43:11',0,1729,'Production of spirits using coconut for spirit manufacturing industry *','',0,0,0,0,3,1,46,2,5,NULL,NULL,NULL,NULL,0,0,NULL,4,'Production of spirits using coconut for spirit manufacturing industry *','0','',1,NULL,NULL,'',1),('-','2021-01-11 11:43:11','-','2021-01-11 11:43:11',0,1730,'Quality of waste water *','',0,0,0,0,3,1,46,2,5,NULL,NULL,NULL,NULL,0,0,NULL,4,'Quality of waste water *','0','',1,NULL,NULL,'',1),('-','2021-01-11 11:43:11','-','2021-01-11 11:43:11',0,1731,'Average Annual Cullet Ratio (Amber/Green)*','',0,0,0,0,3,1,61,2,5,NULL,NULL,NULL,NULL,0,0,NULL,4,'Average Annual Cullet Ratio (Amber/Green)*','0','',1,NULL,NULL,'',1),('-','2021-01-11 11:43:11','-','2021-01-11 11:43:11',0,1732,'Average Annual Cullet Ratio (Flint)*','',0,0,0,0,3,1,61,2,5,NULL,NULL,NULL,NULL,0,0,NULL,4,'Average Annual Cullet Ratio (Flint)*','0','',1,NULL,NULL,'',1),('-','2021-01-11 11:43:11','-','2021-01-11 11:43:11',0,1733,'Average Annual Cullet Ratio (tableware)*','',0,0,0,0,3,1,61,2,5,NULL,NULL,NULL,NULL,0,0,NULL,4,'Average Annual Cullet Ratio (tableware)*','0','',1,NULL,NULL,'',1),('-','2021-01-11 11:43:11','-','2021-01-11 11:43:11',0,1734,'Default FC Emission Factor (electronic Industry)','',0,0,0,0,3,1,61,2,5,NULL,NULL,NULL,NULL,0,0,NULL,4,'Default FC Emission Factor (electronic Industry)','0','',1,NULL,NULL,'',1),('-','2021-01-11 11:43:11','-','2021-01-11 11:43:11',0,1735,'Carbon oxidation factor of Petrol','',0,0,0,0,3,1,61,2,5,NULL,NULL,NULL,NULL,0,0,NULL,4,'Carbon oxidation factor of Petrol','0','',1,NULL,NULL,'',1),('-','2021-01-11 11:43:11','-','2021-01-11 11:43:11',0,1736,'Carbon oxidation factor of  Diesel','',0,0,0,0,3,1,61,2,5,NULL,NULL,NULL,NULL,0,0,NULL,4,'Carbon oxidation factor of  Diesel','0','',1,NULL,NULL,'',1),('-','2021-01-11 11:43:11','-','2021-01-11 11:43:11',0,1737,'Carbon oxidation factor of  bio fuel','',0,0,0,0,3,1,61,2,5,NULL,NULL,NULL,NULL,0,0,NULL,4,'Carbon oxidation factor of  bio fuel','0','',1,NULL,NULL,'',1),('-','2021-01-11 11:43:11','-','2021-01-11 11:43:11',0,1738,'Carbon oxidation factor of jet fuel','',0,0,0,0,3,1,61,2,5,NULL,NULL,NULL,NULL,0,0,NULL,4,'Carbon oxidation factor of jet fuel','0','',1,NULL,NULL,'',1),('-','2021-01-11 11:43:11','-','2021-01-11 11:43:11',0,1739,'Carbon oxidation factor of  gasoline','',0,0,0,0,3,1,61,2,5,NULL,NULL,NULL,NULL,0,0,NULL,4,'Carbon oxidation factor of  gasoline','0','',1,NULL,NULL,'',1),('-','2021-01-11 11:43:11','-','2021-01-11 11:43:11',0,1740,'Carbon oxidation factor of  LPG','',0,0,0,0,3,1,61,2,5,NULL,NULL,NULL,NULL,0,0,NULL,4,'Carbon oxidation factor of  LPG','0','',1,NULL,NULL,'',1),('-','2021-01-11 11:43:11','-','2021-01-11 11:43:11',0,1741,'Quantity of GHG emissions of the process under purview of BOI *','',0,0,0,0,3,1,62,2,5,NULL,NULL,NULL,NULL,0,0,NULL,4,'Quantity of GHG emissions of the process under purview of BOI *','0','',1,NULL,NULL,'',1),('-','2021-01-11 11:43:11','-','2021-01-11 11:43:11',0,1742,'Quantity of GHG emissions of the process under purview of CEA *','',0,0,0,0,3,1,62,2,5,NULL,NULL,NULL,NULL,0,0,NULL,4,'Quantity of GHG emissions of the process under purview of CEA *','0','',1,NULL,NULL,'',1),('-','2021-01-11 11:43:11','-','2021-01-11 11:43:11',0,1743,'Carbon content of Petrol','',0,0,0,0,3,1,52,2,5,NULL,NULL,NULL,NULL,0,0,NULL,4,'Carbon content of Petrol','0','',1,NULL,NULL,'',1),('-','2021-01-11 11:43:11','-','2021-01-11 11:43:11',0,1744,'Carbon content of Diesel','',0,0,0,0,3,1,52,2,5,NULL,NULL,NULL,NULL,0,0,NULL,4,'Carbon content of Diesel','0','',1,NULL,NULL,'',1),('-','2021-01-11 11:43:11','-','2021-01-11 11:43:11',0,1745,'Carbon content of bio fuel','',0,0,0,0,3,1,52,2,5,NULL,NULL,NULL,NULL,0,0,NULL,4,'Carbon content of bio fuel','0','',1,NULL,NULL,'',1),('-','2021-01-11 11:43:11','-','2021-01-11 11:43:11',0,1746,'Carbon content of jet fuel','',0,0,0,0,3,1,52,2,5,NULL,NULL,NULL,NULL,0,0,NULL,4,'Carbon content of jet fuel','0','',1,NULL,NULL,'',1),('-','2021-01-11 11:43:11','-','2021-01-11 11:43:11',0,1747,'Carbon content of gasoline','',0,0,0,0,3,1,52,2,5,NULL,NULL,NULL,NULL,0,0,NULL,4,'Carbon content of gasoline','0','',1,NULL,NULL,'',1),('-','2021-01-11 11:43:11','-','2021-01-11 11:43:11',0,1748,'Carbon content of LPG','',0,0,0,0,3,1,52,2,5,NULL,NULL,NULL,NULL,0,0,NULL,4,'Carbon content of LPG','0','',1,NULL,NULL,'',1),('-','2021-01-11 11:43:11','-','2021-01-11 11:43:11',0,1749,'Carbon content of lubricant','',0,0,0,0,3,1,52,2,5,NULL,NULL,NULL,NULL,0,0,NULL,4,'Carbon content of lubricant','0','',1,NULL,NULL,'',1),('-','2023-02-02 11:49:03','-','2023-02-02 11:49:03',0,1750,'Density of diesel - 1','12',0,0,0,0,3,2,62,3,12,NULL,NULL,NULL,NULL,1,0,NULL,4,'vg','0','100',1,9,NULL,'',1),('-','2021-01-11 11:43:11','-','2021-01-11 11:43:11',0,1763,' Mass of Cement Produced in the country',' 2841000',0,0,0,0,3,1,38,2,5,NULL,NULL,NULL,NULL,NULL,0,NULL,4,' Mass of Cement Produced in the country',' 531625',' 3409200',NULL,NULL,NULL,' ',1),('-','2021-01-11 11:43:11','-','2021-01-11 11:43:11',0,1764,' Quantity of soda ash consumed in the glass industry*',' 5730',0,0,0,0,3,1,38,2,5,NULL,NULL,NULL,NULL,NULL,0,NULL,4,' Quantity of soda ash consumed in the glass industry*',' 4393',' 11345',NULL,NULL,NULL,' ',1),('-','2021-01-11 11:43:11','-','2021-01-11 11:43:11',0,1765,' Quantity of bread produced*',' 49458',0,0,0,0,3,1,38,2,5,NULL,NULL,NULL,NULL,NULL,0,NULL,4,' Weight of the total number of bread produced in Sri Lanka','','',NULL,NULL,NULL,' ',1),('-','2021-01-11 11:43:11','-','2021-01-11 11:43:11',0,1766,' Quantity of rolled steel produced',' 48537',0,0,0,0,3,1,38,2,5,NULL,NULL,NULL,NULL,NULL,0,NULL,4,' Quantity of rolled steel produced','0',' 97074',NULL,NULL,NULL,' ',1),('-','2021-01-11 11:43:11','-','2021-01-11 11:43:11',0,1767,' Quantity of Ball Clay consumption in ceramic industry *',' 60000',0,0,0,0,3,1,38,2,5,NULL,NULL,NULL,NULL,NULL,0,NULL,4,' Quantity of Ball Clay consumption in ceramic industry *','0','500000',NULL,NULL,NULL,' ',1),('-','2021-01-11 11:43:11','-','2021-01-11 11:43:11',0,1769,' Quantity of Graphite production*',' 18000',0,0,0,0,3,1,38,2,5,NULL,NULL,NULL,NULL,NULL,0,NULL,4,' Quantity of Graphite production*','0',' 54000',NULL,NULL,NULL,' ',1),('-','2021-01-11 11:43:11','-','2021-01-11 11:43:11',0,1770,' Quantity of gypsum consumed by the cement manufacturer*',' 27884',0,0,0,0,3,1,38,2,5,NULL,NULL,NULL,NULL,NULL,0,NULL,4,' Quantity of gypsum consumed by the cement manufacturer','0',' 60509',NULL,NULL,NULL,' ',1),('-','2021-01-11 11:43:11','-','2021-01-11 11:43:11',0,1771,' Quantity of imported clinker*',' 531625',0,0,0,0,3,1,38,2,5,NULL,NULL,NULL,NULL,NULL,0,NULL,4,' Quantity of imported clinker for cement production','0',' 1304213',NULL,NULL,NULL,' ',1),('-','2021-01-11 11:43:11','-','2021-01-11 11:43:11',0,1772,' Quantity of Salt production*',' 107307.2',0,0,0,0,3,1,38,2,5,NULL,NULL,NULL,NULL,NULL,0,NULL,4,' Quantity of Salt production','0',' 214614.4',NULL,NULL,NULL,' ',1),('-','2021-01-11 11:43:11','-','2021-01-11 11:43:11',0,1773,' Quantity of Mica production',' 1500',0,0,0,0,3,1,38,2,5,NULL,NULL,NULL,NULL,NULL,0,NULL,4,' Quantity of Mica production*','0',' 4500',NULL,NULL,NULL,' ',1),('-','2021-01-11 11:43:11','-','2021-01-11 11:43:11',0,1774,' Quantity of Limestone produced (CaCO3)*',' 256.6',0,0,0,0,3,1,38,2,5,NULL,NULL,NULL,NULL,NULL,0,NULL,4,' Quantity of Limestone produced (CaCO3)','0',' 318.3',NULL,NULL,NULL,' ',1),('-','2021-01-11 11:43:11','-','2021-01-11 11:43:11',0,1775,' Quantity of Kaolin consumption in ceramic industry*',' 7000',0,0,0,0,3,1,38,2,5,NULL,NULL,NULL,NULL,NULL,0,NULL,4,' Quantity of Kaolin consumption in ceramic industry*','0','14000',NULL,NULL,NULL,' ',1),('-','2021-01-11 11:43:11','-','2021-01-11 11:43:11',0,1776,' Quantity of soda ash imported',' 91162',0,0,0,0,3,1,38,2,5,NULL,NULL,NULL,NULL,NULL,0,NULL,4,' Quantity of soda ash imported','0',' 182324',NULL,NULL,NULL,' ',1),('-','2021-01-11 11:43:11','-','2021-01-11 11:43:11',0,1777,' Quantity of Sodium Carbonate (Na2CO3)* consumed in glass industry',' 5430',0,0,0,0,3,1,38,2,5,NULL,NULL,NULL,NULL,NULL,0,NULL,4,' Quantity of Sodium Carbonate (Na2CO3)* consumed in glass industry','0',' 11345',NULL,NULL,NULL,' ',1),('-','2021-01-11 11:43:11','-','2021-01-11 11:43:11',0,1778,' Quantity of total Cl production in Paranthan*',' 2500',0,0,0,0,3,1,38,2,5,NULL,NULL,NULL,NULL,NULL,0,NULL,4,' Quantity of total Cl production in Paranthan factory','0','3000',NULL,NULL,NULL,' ',1),('-','2021-01-11 11:43:11','-','2021-01-11 11:43:11',0,1779,' GWP potentials of HFCs ',' 2500',0,0,0,0,3,1,61,2,5,NULL,NULL,NULL,NULL,NULL,0,NULL,4,' GWP potentials of HFCs','3000','11700',NULL,NULL,NULL,' ',1),('-','2021-01-11 11:43:11','-','2021-01-11 11:43:11',0,1780,' Mass of clinker in the blended cement*','85',0,0,0,0,3,1,52,2,5,NULL,NULL,NULL,NULL,NULL,0,NULL,4,' Mass of clinker in the blended cement*','65','94',NULL,NULL,NULL,' ',1),('-','2021-01-11 11:43:11','-','2021-01-11 11:43:11',0,1781,'Annual volume of fuelwood removal as tree parts (m3 yr-1) ','101172',0,0,0,0,3,1,46,2,7,NULL,NULL,NULL,NULL,NULL,0,NULL,4,'Annual volume of fuelwood removal as tree parts',NULL,NULL,NULL,NULL,NULL,' ',1),('-','2021-01-11 11:43:11','-','2021-01-11 11:43:11',0,1782,'Annual volume of fuelwood removal of whole trees (m3 yr-1) ',' ',0,0,0,0,3,1,46,2,7,NULL,NULL,NULL,NULL,NULL,0,NULL,4,'Annual volume of fuelwood removal of whole trees',NULL,NULL,NULL,NULL,NULL,' ',1),('-','2021-01-11 11:43:11','-','2021-01-11 11:43:11',0,1783,'Extend of crop distribution ','4797004',0,0,0,0,3,1,57,2,7,NULL,NULL,NULL,NULL,NULL,0,NULL,4,'Extent under Agriculture production, 2002 ',NULL,NULL,NULL,NULL,NULL,' ',1),('-','2021-01-11 11:43:11','-','2021-01-11 11:43:11',0,1784,'Average home garden size per district (annually updated)',' ',0,0,0,0,3,1,57,3,8,NULL,NULL,NULL,NULL,NULL,0,NULL,4,'Average extent of  home garden in Colombo',NULL,NULL,NULL,NULL,NULL,' ',1),('-','2021-01-11 11:43:11','-','2021-01-11 11:43:11',0,1785,'Land use data under purview of DoA*',' ',0,0,0,0,3,1,NULL,2,7,NULL,NULL,NULL,NULL,NULL,0,NULL,4,'Land use data under purview of DoA*',NULL,NULL,NULL,NULL,NULL,' ',1),('-','2021-01-11 11:43:11','-','2021-01-11 11:43:11',0,1786,'Initial land use before land use change R happen',' ',0,0,0,0,3,1,NULL,2,7,NULL,NULL,NULL,NULL,NULL,0,NULL,4,'Initial land use before land use change R happen',NULL,NULL,NULL,NULL,NULL,' ',1),('-','2021-01-11 11:43:11','-','2021-01-11 11:43:11',0,1787,'Soil map',' ',0,0,0,0,3,1,NULL,2,7,NULL,NULL,NULL,NULL,NULL,0,NULL,4,'Soil map, 1979',NULL,NULL,NULL,NULL,NULL,' ',1),('-','2021-01-11 11:43:11','-','2021-01-11 11:43:11',0,1788,'Species/Livestock category ',' ',0,0,0,0,3,1,NULL,2,7,NULL,NULL,NULL,NULL,NULL,0,NULL,4,'List of Livestock types farmed  ',NULL,NULL,NULL,NULL,NULL,' ',1),('-','2021-01-11 11:43:11','-','2021-01-11 11:43:11',0,1789,'Type of crop',' ',0,0,0,0,3,1,NULL,2,7,NULL,NULL,NULL,NULL,NULL,0,NULL,4,'Type of crops  under the purview of HARTI',NULL,NULL,NULL,NULL,NULL,' ',1),('-','2021-01-11 11:43:11','-','2021-01-11 11:43:11',0,1790,'Forest cover map (Entire Sri Lanka)',' ',0,0,0,0,3,1,NULL,2,7,NULL,NULL,NULL,NULL,NULL,0,NULL,4,'Forest cover map (Entire Sri Lanka)',NULL,NULL,NULL,NULL,NULL,' ',1),('-','2021-01-11 11:43:11','-','2021-01-11 11:43:11',0,1791,'Landuse shape file',' ',0,0,0,0,3,1,NULL,2,7,NULL,NULL,NULL,NULL,NULL,0,NULL,4,'Landuse shape file',NULL,NULL,NULL,NULL,NULL,' ',1),('-','2021-01-11 11:43:11','-','2021-01-11 11:43:11',0,1792,'List of migratory species in  Marshlands',' ',0,0,0,0,3,1,NULL,3,8,NULL,NULL,NULL,NULL,NULL,0,NULL,4,'List of migratory species in  Marshlands',NULL,NULL,NULL,NULL,NULL,' ',1),('-','2021-01-11 11:43:11','-','2021-01-11 11:43:11',0,1793,'Number of agro-biodiversity models identified suitable for different agroclimatic zones',' ',0,0,0,0,3,1,NULL,3,8,NULL,NULL,NULL,NULL,NULL,0,NULL,4,'Agro-ecological regions in identified climate zones of Sri Lanka ',NULL,NULL,NULL,NULL,NULL,' ',1),('-','2021-01-11 11:43:11','-','2021-01-11 11:43:11',0,1794,'Number of biogeographical areas identified that are most vulnerable to flood and drought hazards',' ',0,0,0,0,3,1,NULL,3,8,NULL,NULL,NULL,NULL,NULL,0,NULL,4,'Disaster hazard maps projecting disaster frequency of Sri Lanka',NULL,NULL,NULL,NULL,NULL,' ',1),('-','2021-01-11 11:43:11','-','2021-01-11 11:43:11',0,1795,'Monthly average Sea Surface (SS) temperature at study area',' ',0,0,0,0,3,1,104,3,12,NULL,NULL,NULL,NULL,NULL,0,NULL,4,'Monthly average Sea Surface (SS) temperature at study area',NULL,NULL,NULL,NULL,NULL,' ',1),('-','2021-01-11 11:43:11','-','2021-01-11 11:43:11',0,1796,'Agricultural land supported by major irrigation','13665',0,0,0,0,3,1,57,3,4,NULL,NULL,NULL,NULL,NULL,0,NULL,4,'Agricultural land supported by major irrigation','0','100000',NULL,NULL,NULL,' ',1),('-','2021-01-11 11:43:11','-','2021-01-11 11:43:11',0,1797,'Amount of money spent on research to assess the impacts of rising atmospheric CO2 on productivity crops and weed populations',' ',0,0,0,0,3,1,61,3,12,NULL,NULL,NULL,NULL,NULL,0,NULL,4,'Amount of money spent on research to assess the impacts of rising atmospheric CO2 on productivity crops and weed populations',NULL,NULL,NULL,NULL,NULL,' ',1),('-','2021-01-11 11:43:11','-','2021-01-11 11:43:11',0,1798,'Mean monthly temperature',' ',0,0,0,0,3,1,104,3,21,NULL,NULL,NULL,NULL,NULL,0,NULL,4,'Mean monthly temperature of sea surface water',NULL,NULL,NULL,NULL,NULL,' ',1),('-','2021-01-11 11:43:11','-','2021-01-11 11:43:11',0,1799,'Per Capita supply of fish and fishery Products',' ',0,0,0,0,3,1,37,3,12,NULL,NULL,NULL,NULL,NULL,0,NULL,4,'Per Capita supply of fish and fishery Products',NULL,NULL,NULL,NULL,NULL,' ',1),('-','2021-01-11 11:43:11','-','2021-01-11 11:43:11',0,1800,'Institutional plans/ research data available at Fisheries Department',' ',0,0,0,0,3,1,NULL,3,21,NULL,NULL,NULL,NULL,NULL,0,NULL,4,'shape files/related data',NULL,NULL,NULL,NULL,NULL,' ',1),('-','2021-01-11 11:43:11','-','2021-01-11 11:43:11',0,1801,'Annual Livestock productivity rate',' ',0,0,0,0,3,1,NULL,3,21,NULL,NULL,NULL,NULL,NULL,0,NULL,4,'Annual Livestock productivity rate',NULL,NULL,NULL,NULL,NULL,' ',1),('-','2021-01-11 11:43:11','-','2021-01-11 11:43:11',0,1802,'Average cost of unit production of fresh milk','51.11',0,0,0,0,3,1,100,3,10,NULL,NULL,NULL,NULL,NULL,0,NULL,4,'Average cost of unit production of fresh milk',NULL,'10000',NULL,NULL,NULL,' ',1),('-','2021-01-11 11:43:11','-','2021-01-11 11:43:11',0,1803,'Average unit retail Price of Fresh Milk','120',0,0,0,0,3,1,100,3,10,NULL,NULL,NULL,NULL,NULL,0,NULL,4,'Average unit retail Price of Fresh Milk, 2019',NULL,NULL,NULL,NULL,NULL,' ',1),('-','2021-01-11 11:43:11','-','2021-01-11 11:43:11',0,1804,'Money allocated for strengthening the early warning system under purview of DAPH*',' ',0,0,0,0,3,1,NULL,3,21,NULL,NULL,NULL,NULL,NULL,0,NULL,4,'Money allocated for strengthening the early warning system under purview of DAPH*',NULL,NULL,NULL,NULL,NULL,' ',1),('-','2021-01-11 11:43:11','-','2021-01-11 11:43:11',0,1805,'Per-capita Availability of Milk and Milk Products','52.16',0,0,0,0,3,1,47,3,10,NULL,NULL,NULL,NULL,NULL,0,NULL,4,'Per-capita Availability of Milk and Milk Products',NULL,'1000',NULL,NULL,NULL,' ',1),('-','2021-01-11 11:43:11','-','2021-01-11 11:43:11',0,1806,'1-hour mean of NO2 in Sri Lanka','',0,0,0,0,3,1,101,3,1,NULL,NULL,NULL,NULL,NULL,0,NULL,4,'1-hour mean of NO2 in Sri Lanka',NULL,' ',NULL,NULL,NULL,' ',1),('-','2021-01-11 11:43:11','-','2021-01-11 11:43:11',0,1807,'Annual mean of NO2 in Sri Lanka','',0,0,0,0,3,1,101,3,1,NULL,NULL,NULL,NULL,NULL,0,NULL,4,'Annual mean of NO2 in Sri Lanka',NULL,' ',NULL,NULL,NULL,' ',1),('-','2021-01-11 11:43:11','-','2021-01-11 11:43:11',0,1808,'24-hour mean of PM 10 in Sri Lanka','',0,0,0,0,3,1,101,3,1,NULL,NULL,NULL,NULL,NULL,0,NULL,4,'24-hour mean of PM 10 in Sri Lanka',NULL,' ',NULL,NULL,NULL,' ',1),('-','2021-01-11 11:43:11','-','2021-01-11 11:43:11',0,1809,'Annual mean of PM 10 in Sri Lanka ','',0,0,0,0,3,1,101,3,1,NULL,NULL,NULL,NULL,NULL,0,NULL,4,'Annual mean of PM 10 in Sri Lanka ',NULL,' ',NULL,NULL,NULL,' ',1),('-','2021-01-11 11:43:11','-','2021-01-11 11:43:11',0,1810,'24-hour mean of PM 10 in Sri Lanka by district','',0,0,0,0,3,1,101,3,1,NULL,NULL,NULL,NULL,NULL,0,NULL,4,'24-hour mean of PM 10 in Sri Lanka by district',NULL,' ',NULL,NULL,NULL,' ',1),('-','2021-01-11 11:43:11','-','2021-01-11 11:43:11',0,1811,'Annual mean of PM 10 by district in Sri Lanka','',0,0,0,0,3,1,101,3,1,NULL,NULL,NULL,NULL,NULL,0,NULL,4,'Annual mean of PM 10 by district in Sri Lanka',NULL,' ',NULL,NULL,NULL,' ',1),('-','2021-01-11 11:43:11','-','2021-01-11 11:43:11',0,1812,'24-hour mean of PM 2.5 in Sri Lanka ','',0,0,0,0,3,1,101,3,1,NULL,NULL,NULL,NULL,NULL,0,NULL,4,'24-hour mean of PM 2.5 in Sri Lanka ',NULL,' ',NULL,NULL,NULL,' ',1),('-','2021-01-11 11:43:11','-','2021-01-11 11:43:11',0,1813,'24-hour mean of PM 2.5 in Sri Lanka by district','',0,0,0,0,3,1,101,3,1,NULL,NULL,NULL,NULL,NULL,0,NULL,4,'24-hour mean of PM 2.5 in Sri Lanka by district',NULL,' ',NULL,NULL,NULL,' ',1),('-','2021-01-11 11:43:11','-','2021-01-11 11:43:11',0,1814,'Annual mean of PM 2.5 in Sri Lanka','',0,0,0,0,3,1,101,3,1,NULL,NULL,NULL,NULL,NULL,0,NULL,4,'Annual mean of PM 2.5 in Sri Lanka',NULL,' ',NULL,NULL,NULL,' ',1),('-','2021-01-11 11:43:11','-','2021-01-11 11:43:11',0,1815,'Annual mean of PM 2.5 by district in Sri Lanka','',0,0,0,0,3,1,101,3,1,NULL,NULL,NULL,NULL,NULL,0,NULL,4,'Annual mean of PM 2.5 by district in Sri Lanka',NULL,' ',NULL,NULL,NULL,' ',1),('-','2021-01-11 11:43:11','-','2021-01-11 11:43:11',0,1816,'Average SO2 concentration in the air (daily)*','',0,0,0,0,3,1,101,3,1,NULL,NULL,NULL,NULL,NULL,0,NULL,4,'Average SO2 concentration in the air (daily)*',NULL,' ',NULL,NULL,NULL,' ',1),('-','2021-01-11 11:43:11','-','2021-01-11 11:43:11',0,1817,'24-hour mean SO2 concentration in the air (daily)','',0,0,0,0,3,1,101,3,1,NULL,NULL,NULL,NULL,NULL,0,NULL,4,'24-hour mean SO2 concentration in the air (daily)',NULL,' ',NULL,NULL,NULL,' ',1),('-','2021-01-11 11:43:11','-','2021-01-11 11:43:11',0,1818,'No of increased heat events declared by Meterology Department per year',' ',0,0,0,0,3,1,104,3,1,NULL,NULL,NULL,NULL,NULL,0,NULL,4,'Usually increased heat events are forecasted by the Department of Meteorology',NULL,NULL,NULL,NULL,NULL,' ',1),('-','2021-01-11 11:43:11','-','2021-01-11 11:43:11',0,1819,'Number of persons injured  due to droughts by year**','',0,0,0,0,3,1,61,3,1,NULL,NULL,NULL,NULL,NULL,0,NULL,4,'Number of persons injured  due to droughts, 2018',NULL,' ',NULL,NULL,NULL,' ',1),('-','2021-01-11 11:43:11','-','2021-01-11 11:43:11',0,1820,'CH4 Emission Factor for raw material used for Silicon Carbide production','10.2',0,0,0,0,3,1,102,2,5,NULL,NULL,NULL,NULL,NULL,0,NULL,4,'CH4 Emission Factor for raw material used for Silicon Carbide production',NULL,NULL,NULL,NULL,NULL,' ',1),('-','2021-01-11 11:43:11','-','2021-01-11 11:43:11',0,1821,'CH4 Emission Factor for Silicon Carbide production','11.6',0,0,0,0,3,1,102,2,5,NULL,NULL,NULL,NULL,NULL,0,NULL,4,'CH4 Emission Factor for Silicon Carbide production',NULL,NULL,NULL,NULL,NULL,' ',1),('-','2021-01-11 11:43:11','-','2021-01-11 11:43:11',0,1822,'CO2 Emission Factor for Calcium Carbide production','1.1',0,0,0,0,3,1,103,2,5,NULL,NULL,NULL,NULL,NULL,0,NULL,4,'CO2 Emission Factor for Calcium Carbide production',NULL,NULL,NULL,NULL,NULL,' ',1),('-','2021-01-11 11:43:11','-','2021-01-11 11:43:11',0,1823,'CO2 Emission Factor for Dolomite ','0.47732',0,0,0,0,3,1,103,2,5,NULL,NULL,NULL,NULL,NULL,0,NULL,4,'CO2 Emission Factor for Dolomite ',NULL,NULL,NULL,NULL,NULL,' ',1),('-','2021-01-11 11:43:11','-','2021-01-11 11:43:11',0,1824,'CO2 Emission Factor for glass production [float, container, fibre glass]','0.2',0,0,0,0,3,1,103,2,5,NULL,NULL,NULL,NULL,NULL,0,NULL,4,'CO2 Emission Factor for glass production [float, container, fibre glass]',NULL,NULL,NULL,NULL,NULL,' ',1),('-','2021-01-11 11:43:11','-','2021-01-11 11:43:11',0,1825,'CO2 Emission Factor for lime production','0.75',0,0,0,0,3,1,103,2,5,NULL,NULL,NULL,NULL,NULL,0,NULL,4,'Amount of CO2 generated due to the burning of calcite, coral or dolamite to produce the lime',NULL,NULL,NULL,NULL,NULL,' ',1),('-','2021-01-11 11:43:11','-','2021-01-11 11:43:11',0,1826,'CO2 Emission Factor for Silicon Carbide production','2.62',0,0,0,0,3,1,102,2,5,NULL,NULL,NULL,NULL,NULL,0,NULL,4,'CO2 Emission Factor for Silicon Carbide production',NULL,NULL,NULL,NULL,NULL,' ',1),('-','2021-01-11 11:43:11','-','2021-01-11 11:43:11',0,1827,'CO2 Emission Factor of Aluminium production','1.6',0,0,0,0,3,1,103,2,5,NULL,NULL,NULL,NULL,NULL,0,NULL,4,'CO2 Emission Factor of Aluminium production',NULL,NULL,NULL,NULL,NULL,' ',1),('-','2021-01-11 11:43:11','-','2021-01-11 11:43:11',0,1828,'CO2 Emission Factor of Calcite ','0.43971',0,0,0,0,3,1,103,2,5,NULL,NULL,NULL,NULL,NULL,0,NULL,4,'CO2 Emission Factor of Calcite ',NULL,NULL,NULL,NULL,NULL,' ',1),('-','2021-01-11 11:43:11','-','2021-01-11 11:43:11',0,1829,'CO2 Emission Factor of Clinker production','0.52',0,0,0,0,3,1,103,2,5,NULL,NULL,NULL,NULL,NULL,0,NULL,4,'CO2 Emission Factor of Clinker production',NULL,NULL,NULL,NULL,NULL,' ',1),('-','2021-01-11 11:43:11','-','2021-01-11 11:43:11',0,1830,'CO2 Emission Factor of Limestone ','0.43971',0,0,0,0,3,1,103,2,5,NULL,NULL,NULL,NULL,NULL,0,NULL,4,'CO2 Emission Factor of Limestone ',NULL,NULL,NULL,NULL,NULL,' ',1),('-','2021-01-11 11:43:11','-','2021-01-11 11:43:11',0,1831,'CO2 Emission Factor of Natural soda ash ','0.41492',0,0,0,0,3,1,103,2,5,NULL,NULL,NULL,NULL,NULL,0,NULL,4,'CO2 Emission Factor of Natural soda ash ',NULL,NULL,NULL,NULL,NULL,' ',1),('-','2021-01-11 11:43:11','-','2021-01-11 11:43:11',0,1832,'Quantity of Calcite consumed in ceramic industry *','0.41492',0,0,0,0,3,1,38,2,5,NULL,NULL,NULL,NULL,NULL,0,NULL,4,'Quantity of Calcite consumed in ceramic industry ',NULL,NULL,NULL,NULL,NULL,' ',1),('-','2021-01-11 11:43:11','-','2021-01-11 11:43:11',0,1833,'Water source used by the industries under purview of BOI (Public supply, Ground water /Surface water)*',' ',0,0,0,0,3,1,NULL,2,5,NULL,NULL,NULL,NULL,NULL,0,NULL,4,'Water source used by the industries under purview of BOI (Public supply, Ground water /Surface water)*',NULL,NULL,NULL,NULL,NULL,' ',1),('-','2021-01-11 11:43:11','-','2021-01-11 11:43:11',0,1834,'Water source used by the industries under purview of CEA  (Public supply, Ground water /Surface water)*',' ',0,0,0,0,3,1,NULL,2,5,NULL,NULL,NULL,NULL,NULL,0,NULL,4,'Water source used by the industries under purview of CEA  (Public supply, Ground water /Surface water)*',NULL,NULL,NULL,NULL,NULL,' ',1),('-','2021-01-11 11:43:11','-','2021-01-11 11:43:11',0,1835,'Type of Lime produced* ',' ',0,0,0,0,3,1,NULL,2,5,NULL,NULL,NULL,NULL,NULL,0,NULL,4,'Names of the different type of lime produced',NULL,NULL,NULL,NULL,NULL,' ',1),('-','2021-01-11 11:43:11','-','2021-01-11 11:43:11',0,1877,'Employment by type of industry - Agriculture','31.2',0,0,0,0,3,1,52,2,5,NULL,NULL,NULL,NULL,NULL,0,NULL,4,'Employment by type of industry - Agriculture','25','32',NULL,NULL,NULL,' ',1),('-','2021-01-11 11:43:11','-','2021-01-11 11:43:11',0,1878,'Employment by type of industry - Manufacturing','17.5',0,0,0,0,3,1,52,2,5,NULL,NULL,NULL,NULL,NULL,0,NULL,4,'Employment by type of industry - Manufacturing','20','20',NULL,NULL,NULL,' ',1),('-','2021-01-11 11:43:11','-','2021-01-11 11:43:11',0,1879,'Employment by type of industry - construction','8.4',0,0,0,0,3,1,52,2,5,NULL,NULL,NULL,NULL,NULL,0,NULL,4,'Employment by type of industry - construction','5','11',NULL,NULL,NULL,' ',1),('-','2021-01-11 11:43:11','-','2021-01-11 11:43:11',0,1880,'Employment by type of industry - Trade & Hotels','15.6',0,0,0,0,3,1,52,2,5,NULL,NULL,NULL,NULL,NULL,0,NULL,4,'Employment by type of industry - Trade & Hotels','10','17',NULL,NULL,NULL,' ',1),('-','2021-01-11 11:43:11','-','2021-01-11 11:43:11',0,1881,'Employment by type of industry - Transport, Storage & Communication','6.5',0,0,0,0,3,1,52,2,5,NULL,NULL,NULL,NULL,NULL,0,NULL,4,'Employment by type of industry - Transport, Storage & Communication','4','7',NULL,NULL,NULL,' ',1),('-','2021-01-11 11:43:11','-','2021-01-11 11:43:11',0,1882,'Employment by type of industry -   Insurance & Real Estate','3.5',0,0,0,0,3,1,52,2,5,NULL,NULL,NULL,NULL,NULL,0,NULL,4,'Employment by type of industry -   Insurance & Real Estate','2','4',NULL,NULL,NULL,' ',1),('-','2021-01-11 11:43:11','-','2021-01-11 11:43:11',0,1883,'Employment by type of industry - Personal Services','17.4',0,0,0,0,3,1,52,2,5,NULL,NULL,NULL,NULL,NULL,0,NULL,4,'Employment by type of industry - Personal Services','15','21',NULL,NULL,NULL,' ',1),('-','2021-01-11 11:43:11','-','2021-01-11 11:43:11',0,1884,'Steam supply by DSD',' ',0,0,0,0,3,1,NULL,2,5,NULL,NULL,NULL,NULL,NULL,0,NULL,4,'Steam supply by DSD',NULL,NULL,NULL,NULL,NULL,' ',1),('-','2021-01-11 11:43:11','-','2021-01-11 11:43:11',0,1885,'Total Value of output  by DSD',' ',0,0,0,0,3,1,85,3,5,NULL,NULL,NULL,NULL,NULL,0,NULL,4,'Total Value of output  by DSD',NULL,NULL,NULL,NULL,NULL,' ',1),('-','2021-01-11 11:43:11','-','2021-01-11 11:43:11',0,1886,'Institutional plans/ research data available at Industry Development board',' ',0,0,0,0,3,1,85,3,5,NULL,NULL,NULL,NULL,NULL,0,NULL,4,'shape files/related data',NULL,NULL,NULL,NULL,NULL,' ',1),('-','2021-01-11 11:43:11','-','2021-01-11 11:43:11',0,1887,'Air conditioning supply by DSD',' ',0,0,0,0,3,1,85,2,5,NULL,NULL,NULL,NULL,NULL,0,NULL,4,'Air conditioning supply by DSD',NULL,NULL,NULL,NULL,NULL,' ',1),('-','2021-01-11 11:43:11','-','2021-01-11 11:43:11',0,1888,'Location of industries EPL issued with their categories',' ',0,0,0,0,3,1,85,3,5,NULL,NULL,NULL,NULL,NULL,0,NULL,4,'Location of industries EPL issued with their categories',NULL,NULL,NULL,NULL,NULL,' ',1),('-','2021-01-11 11:43:11','-','2021-01-11 11:43:11',0,1889,'Manufacture of tobacco products in Value of output *','99522188423',0,0,0,0,3,1,85,2,5,NULL,NULL,NULL,NULL,NULL,0,NULL,4,'Manufacture of tobacco products in Value of output *','80000000000','101000000000',NULL,NULL,NULL,' ',1),('-','2021-01-11 11:43:11','-','2021-01-11 11:43:11',0,1890,'Manufacture of paper and paper products in Value of output *','37990171548',0,0,0,0,3,1,85,2,5,NULL,NULL,NULL,NULL,NULL,0,NULL,4,'Manufacture of paper and paper products in Value of output *','20000000000','50000000000',NULL,NULL,NULL,' ',1),('-','2021-01-11 11:43:11','-','2021-01-11 11:43:11',0,1891,'Manufacture of food products in Value of output *','1319274618023',0,0,0,0,3,1,85,2,5,NULL,NULL,NULL,NULL,NULL,0,NULL,4,'Manufacture of food products in Value of output *','1200000000000','1400000000000',NULL,NULL,NULL,' ',1),('-','2021-01-11 11:43:11','-','2021-01-11 11:43:11',0,1892,'Manufacture of beverages in Value of output *','91216795790',0,0,0,0,3,1,85,2,5,NULL,NULL,NULL,NULL,NULL,0,NULL,4,'Manufacture of beverages in Value of output *','50000000000','120000000000',NULL,NULL,NULL,' ',1),('-','2021-01-11 11:43:11','-','2021-01-11 11:43:11',0,1893,'Manufacture of other Not Available - metallic mineral products *',' ',0,0,0,0,3,1,85,3,5,NULL,NULL,NULL,NULL,NULL,0,NULL,4,'Manufacture of other Not Available - metallic mineral products *',NULL,NULL,NULL,NULL,NULL,' ',1),('-','2021-01-11 11:43:11','-','2021-01-11 11:43:11',0,1894,'Total No. of establishments *','20737',0,0,0,0,3,1,61,2,5,NULL,NULL,NULL,NULL,NULL,0,NULL,4,'Distribution of establishment in which 5 or more persons are engadged. This includes mining and quarrying, manufacturing, Electricity, gas, steam and air conditioning supply and water supply, sewrage, waste management and remediation activities',NULL,'103685',NULL,NULL,NULL,' ',1),('-','2021-01-11 11:43:11','-','2021-01-11 11:43:11',0,1895,'Manufacture of dairy product *','356790117',0,0,0,0,3,1,47,2,5,NULL,NULL,NULL,NULL,NULL,0,NULL,4,'Average annual cow Milk Production, 2019',NULL,'1000000000',NULL,NULL,NULL,' ',1),('-','2021-01-11 11:43:11','-','2021-01-11 11:43:11',0,1896,'No. of Small holders *',' ',0,0,0,0,3,1,36,2,5,NULL,NULL,NULL,NULL,NULL,0,NULL,4,'No. of Small holders *',NULL,NULL,NULL,NULL,NULL,' ',1),('-','2021-01-11 11:43:11','-','2021-01-11 11:43:11',0,1897,'Point or polygon shape file of average annual rainfall',' ',0,0,0,0,3,1,NULL,3,23,NULL,NULL,NULL,NULL,NULL,0,NULL,4,'Point or polygon shape file',NULL,NULL,NULL,NULL,NULL,' ',1),('-','2021-01-11 11:43:11','-','2021-01-11 11:43:11',0,1898,'Point or polygon shape file of wet days (R90p)',' ',0,0,0,0,3,1,NULL,3,23,NULL,NULL,NULL,NULL,NULL,0,NULL,4,'Point or polygon shape file',NULL,NULL,NULL,NULL,NULL,' ',1),('-','2021-01-11 11:43:11','-','2021-01-11 11:43:11',0,1899,'Point or polygon shape file of very wet days (R95p)',' ',0,0,0,0,3,1,NULL,3,23,NULL,NULL,NULL,NULL,NULL,0,NULL,4,'Point or polygon shape file',NULL,NULL,NULL,NULL,NULL,' ',1),('-','2021-01-11 11:43:11','-','2021-01-11 11:43:11',0,1900,'Point or polygon shape file of extremely wet days (R99p)',' ',0,0,0,0,3,1,NULL,3,23,NULL,NULL,NULL,NULL,NULL,0,NULL,4,'Point or polygon shape file',NULL,NULL,NULL,NULL,NULL,' ',1),('-','2021-01-11 11:43:11','-','2021-01-11 11:43:11',0,1901,'Point or polygon shape file of dry days (R10p)',' ',0,0,0,0,3,1,NULL,3,23,NULL,NULL,NULL,NULL,NULL,0,NULL,4,'Point or polygon shape file',NULL,NULL,NULL,NULL,NULL,' ',1),('-','2021-01-11 11:43:11','-','2021-01-11 11:43:11',0,1902,'Point or polygon shape file of maximum 1-day precipitation amount (RX1day)',' ',0,0,0,0,3,1,NULL,3,23,NULL,NULL,NULL,NULL,NULL,0,NULL,4,'Point or polygon shape file',NULL,NULL,NULL,NULL,NULL,' ',1),('-','2021-01-11 11:43:11','-','2021-01-11 11:43:11',0,1903,'Point or polygon shape file of maximum 5-day precipitation amount (RX5day)',' ',0,0,0,0,3,1,NULL,3,23,NULL,NULL,NULL,NULL,NULL,0,NULL,4,'Point or polygon shape file',NULL,NULL,NULL,NULL,NULL,' ',1),('-','2021-01-11 11:43:11','-','2021-01-11 11:43:11',0,1904,'Point or polygon shape file of average annual temperature',' ',0,0,0,0,3,1,NULL,3,23,NULL,NULL,NULL,NULL,NULL,0,NULL,4,'Point or polygon shape file',NULL,NULL,NULL,NULL,NULL,' ',1),('-','2021-01-11 11:43:11','-','2021-01-11 11:43:11',0,1905,'Point or polygon shape file of occurrence of warm night (TN90p)',' ',0,0,0,0,3,1,NULL,3,23,NULL,NULL,NULL,NULL,NULL,0,NULL,4,'Point or polygon shape file',NULL,NULL,NULL,NULL,NULL,' ',1),('-','2021-01-11 11:43:11','-','2021-01-11 11:43:11',0,1906,'Point or polygon shape file of consecutive dry days (CDD)',' ',0,0,0,0,3,1,NULL,3,23,NULL,NULL,NULL,NULL,NULL,0,NULL,4,'Point or polygon shape file',NULL,NULL,NULL,NULL,NULL,' ',1),('-','2021-01-11 11:43:11','-','2021-01-11 11:43:11',0,1907,'Point or polygon shape file of occurrence of warm days (TX90p)',' ',0,0,0,0,3,1,NULL,3,23,NULL,NULL,NULL,NULL,NULL,0,NULL,4,'Point or polygon shape file',NULL,NULL,NULL,NULL,NULL,' ',1),('-','2021-01-11 11:43:11','-','2021-01-11 11:43:11',0,1908,'Point or polygon shape file of diurnal Temperature range (DTR)',' ',0,0,0,0,3,1,NULL,3,23,NULL,NULL,NULL,NULL,NULL,0,NULL,4,'Point or polygon shape file',NULL,NULL,NULL,NULL,NULL,' ',1),('-','2021-01-11 11:43:11','-','2021-01-11 11:43:11',0,1909,'Point or polygon shape file of standard precipitation index',' ',0,0,0,0,3,1,NULL,3,23,NULL,NULL,NULL,NULL,NULL,0,NULL,4,'Point or polygon shape file',NULL,NULL,NULL,NULL,NULL,' ',1),('-','2021-01-11 11:43:11','-','2021-01-11 11:43:11',0,1910,'Point or polygon shape file of average number of days (2001-2017) which exceed daytime maximum temperature of 34oC',' ',0,0,0,0,3,1,NULL,3,23,NULL,NULL,NULL,NULL,NULL,0,NULL,4,'Point or polygon shape file',NULL,NULL,NULL,NULL,NULL,' ',1),('-','2021-01-11 11:43:11','-','2021-01-11 11:43:11',0,1911,'Point or polygon shape file of rainfall Deviation of  90th Percentile Values, Comparison with  1961 - 1990 time series and period of 2006  2015 by station',' ',0,0,0,0,3,1,NULL,3,23,NULL,NULL,NULL,NULL,NULL,0,NULL,4,'Point or polygon shape file',NULL,NULL,NULL,NULL,NULL,' ',1),('-','2021-01-11 11:43:11','-','2021-01-11 11:43:11',0,1912,'Point or polygon shape file of rainfall deviation of  10th percentile values, comparison with  1961 - 1990 time series and period of 2006 - 2015  by station',' ',0,0,0,0,3,1,NULL,3,23,NULL,NULL,NULL,NULL,NULL,0,NULL,4,'Point or polygon shape file',NULL,NULL,NULL,NULL,NULL,' ',1),('-','2021-01-11 11:43:11','-','2021-01-11 11:43:11',0,1913,'Point or polygon shape file of variation of Daytime Maximum Temperature, 2006  2014 by station',' ',0,0,0,0,3,1,NULL,3,23,NULL,NULL,NULL,NULL,NULL,0,NULL,4,'Point or polygon shape file',NULL,NULL,NULL,NULL,NULL,' ',1),('-','2021-01-11 11:43:11','-','2021-01-11 11:43:11',0,1914,'Point or polygon shape file of variation of Nighttime Minimum Temperature, 2006  2015 by station',' ',0,0,0,0,3,1,NULL,3,23,NULL,NULL,NULL,NULL,NULL,0,NULL,4,'Point or polygon shape file',NULL,NULL,NULL,NULL,NULL,' ',1),('-','2021-01-11 11:43:11','-','2021-01-11 11:43:11',0,1915,'Point or polygon shape file of future rainfall scenarios (shape file)',' ',0,0,0,0,3,1,NULL,3,23,NULL,NULL,NULL,NULL,NULL,0,NULL,4,'Point or polygon shape file',NULL,NULL,NULL,NULL,NULL,' ',1),('-','2021-01-11 11:43:11','-','2021-01-11 11:43:11',0,1916,'Point or polygon shape file of future temperature scenarios (shape file)',' ',0,0,0,0,3,1,NULL,3,23,NULL,NULL,NULL,NULL,NULL,0,NULL,4,'Point or polygon shape file',NULL,NULL,NULL,NULL,NULL,' ',1),('-','2021-01-11 11:43:11','-','2021-01-11 11:43:11',0,1917,'Point or polygon shape file of standard precipitation index (SPI) for 4 main rainy seasons (by station or shape file)',' ',0,0,0,0,3,1,NULL,3,23,NULL,NULL,NULL,NULL,NULL,0,NULL,4,'Point or polygon shape file',NULL,NULL,NULL,NULL,NULL,' ',1),('-','2021-01-11 11:43:11','-','2021-01-11 11:43:11',0,1918,'Point or polygon shape file of no of wet days per month, 1985  2017 by station',' ',0,0,0,0,3,1,NULL,3,23,NULL,NULL,NULL,NULL,NULL,0,NULL,4,'Point or polygon shape file',NULL,NULL,NULL,NULL,NULL,' ',1),('-','2021-01-11 11:43:11','-','2021-01-11 11:43:11',0,1919,'Average Heat index value*',' ',0,0,0,0,3,1,NULL,3,23,NULL,NULL,NULL,NULL,NULL,0,NULL,4,'Average Heat index value*',NULL,NULL,NULL,NULL,NULL,' ',1),('-','2021-01-11 11:43:11','-','2021-01-11 11:43:11',0,1920,'Locations of archaeological monuments ',' ',0,0,0,0,3,1,NULL,3,14,NULL,NULL,NULL,NULL,NULL,0,NULL,4,'Locations of archaeological monuments ',NULL,NULL,NULL,NULL,NULL,' ',1),('-','2021-01-11 11:43:11','-','2021-01-11 11:43:11',0,1921,'Tourist Arrivals by Month','250000',0,0,0,0,3,1,61,3,14,NULL,NULL,NULL,NULL,NULL,0,NULL,4,'Tourist Arrivals in February 2019',NULL,'1000000',NULL,NULL,NULL,' ',1),('-','2021-01-11 11:43:11','-','2021-01-11 11:43:11',0,1922,'Total number of guest nights recorded in the accommodation facilities','19902501',0,0,0,0,3,1,61,3,14,NULL,NULL,NULL,NULL,NULL,0,NULL,4,'Total number of guest nights recorded in the accommodation facilities',NULL,'100000000',NULL,NULL,NULL,' ',1),('-','2021-01-11 11:43:11','-','2021-01-11 11:43:11',0,1923,'Reliable and Effective Research studies on climate change impacts on tourism and recreation conducted/published/facilitated/shared by SLTPB*',' ',0,0,0,0,3,1,61,3,14,NULL,NULL,NULL,NULL,NULL,0,NULL,4,'Reliable and Effective Research studies on climate change impacts on tourism and recreation conducted/published/facilitated/shared by SLTPB*',NULL,NULL,NULL,NULL,NULL,' ',1),('-','2021-01-11 11:43:11','-','2021-01-11 11:43:11',0,1924,'Reliable and Effective Research studies on climate change impacts on tourism and recreation conducted/published/facilitated/shared by SLTDA*',' ',0,0,0,0,3,1,61,3,14,NULL,NULL,NULL,NULL,NULL,0,NULL,4,'Reliable and Effective Research studies on climate change impacts on tourism and recreation conducted/published/facilitated/shared by SLTDA*',NULL,NULL,NULL,NULL,NULL,' ',1),('-','2021-01-11 11:43:11','-','2021-01-11 11:43:11',0,1925,'Reliable and Effective Research studies on climate change impacts on tourism and recreation conducted/published/facilitated/shared by DWC*',' ',0,0,0,0,3,1,61,3,14,NULL,NULL,NULL,NULL,NULL,0,NULL,4,'Reliable and Effective Research studies on climate change impacts on tourism and recreation conducted/published/facilitated/shared by DWC*',NULL,NULL,NULL,NULL,NULL,' ',1),('-','2021-01-11 11:43:11','-','2021-01-11 11:43:11',0,1926,'Reliable and Effective Research studies on climate change impacts on tourism and recreation conducted/published/facilitated/shared ',' ',0,0,0,0,3,1,61,3,14,NULL,NULL,NULL,NULL,NULL,0,NULL,4,'Reliable and Effective Research studies on climate change impacts on tourism and recreation conducted/published/facilitated/shared ',NULL,NULL,NULL,NULL,NULL,' ',1),('-','2021-01-11 11:43:11','-','2021-01-11 11:43:11',0,1927,'Policies, guidelines developed on usage of climate resilient construction materials',' ',0,0,0,0,3,1,61,3,14,NULL,NULL,NULL,NULL,NULL,0,NULL,4,'Guideline developed for climate resilient construction ',NULL,NULL,NULL,NULL,NULL,' ',1),('-','2021-01-11 11:43:11','-','2021-01-11 11:43:11',0,1928,'Number of workshop conducted/facilitated by institutions to identify new tourism concepts and themes adjusting the industry to climate change*',' ',0,0,0,0,3,1,61,3,14,NULL,NULL,NULL,NULL,NULL,0,NULL,4,'Number of workshop conducted/facilitated by DWC to identify new tourism concepts and themes adjusting the industry to climate change*',NULL,NULL,NULL,NULL,NULL,' ',1),('-','2021-01-11 11:43:11','-','2021-01-11 11:43:11',0,1929,'Number of workshop conducted/facilitated by institutions to develop collaborative plans  to adjust tourism operations in different locations',' ',0,0,0,0,3,1,61,3,14,NULL,NULL,NULL,NULL,NULL,0,NULL,4,'Number of workshop conducted/facilitated by institutions to develop collaborative plans  to adjust tourism operations in different locations',NULL,NULL,NULL,NULL,NULL,' ',1),('-','2021-01-11 11:43:11','-','2021-01-11 11:43:11',0,1930,'Number of tourism sector plans which incorporated climate planning',' ',0,0,0,0,3,1,61,3,14,NULL,NULL,NULL,NULL,NULL,0,NULL,4,'Number of tourism sector plans which incorporated climate planning',NULL,NULL,NULL,NULL,NULL,' ',1),('-','2021-01-11 11:43:11','-','2021-01-11 11:43:11',0,1931,'Number of tourism infrastructures designed/facilitated by institutions to meet the safety needs of operations',' ',0,0,0,0,3,1,61,3,14,NULL,NULL,NULL,NULL,NULL,0,NULL,4,'Number of tourism infrastructures designed/facilitated by institutions to meet the safety needs of operations',NULL,NULL,NULL,NULL,NULL,' ',1),('-','2021-01-11 11:43:11','-','2021-01-11 11:43:11',0,1932,'Number of tourism facilities identified in vulnerable areas (e.g. low-lying beaches; disaster prone areas)  by DWC*',' ',0,0,0,0,3,1,61,3,14,NULL,NULL,NULL,NULL,NULL,0,NULL,4,'Number of tourism facilities identified in vulnerable areas (e.g. low-lying beaches; disaster prone areas)  by DWC*',NULL,NULL,NULL,NULL,NULL,' ',1),('-','2021-01-11 11:43:11','-','2021-01-11 11:43:11',0,1933,'Number of tourism facilities identified in vulnerable areas (e.g. low-lying beaches; disaster prone areas)  ',' ',0,0,0,0,3,1,61,3,14,NULL,NULL,NULL,NULL,NULL,0,NULL,4,'Number of tourism facilities identified in vulnerable areas (e.g. low-lying beaches; disaster prone areas)  ',NULL,NULL,NULL,NULL,NULL,' ',1),('-','2021-01-11 11:43:11','-','2021-01-11 11:43:11',0,1934,'Number of tour operators trained/facilitated by SLTDA on emergency management strategies*',' ',0,0,0,0,3,1,61,3,14,NULL,NULL,NULL,NULL,NULL,0,NULL,4,'Number of tour operators trained/facilitated by SLTDA on emergency management strategies*','100','800',NULL,NULL,NULL,' ',1),('-','2021-01-11 11:43:11','-','2021-01-11 11:43:11',0,1935,'Number of tour operators trained/facilitated by institutions on emergency management strategies',' ',0,0,0,0,3,1,61,3,14,NULL,NULL,NULL,NULL,NULL,0,NULL,4,'Number of tour operators trained/facilitated by institutions on emergency management strategies','100','600',NULL,NULL,NULL,' ',1),('-','2021-01-11 11:43:11','-','2021-01-11 11:43:11',0,1936,'Number of systems developed/facilitated by SLTDA for timely issuing of short-term weather forecasts*','2',0,0,0,0,3,1,61,3,14,NULL,NULL,NULL,NULL,NULL,0,NULL,4,'Number of systems developed/facilitated by SLTDA for timely issuing of short-term weather forecasts*',NULL,'12',NULL,NULL,NULL,' ',1),('-','2021-01-11 11:43:11','-','2021-01-11 11:43:11',0,1937,'Number of surface water areas subject to declining water quality due to extreme temperatures',' ',0,0,0,0,3,1,61,3,14,NULL,NULL,NULL,NULL,NULL,0,NULL,4,'Number of surface water areas subject to declining water quality due to extreme temperatures',NULL,NULL,NULL,NULL,NULL,' ',1),('-','2021-01-11 11:43:11','-','2021-01-11 11:43:11',0,1938,'Number of initiatives taken/facilitated by SLTPB to strengthen the early warning systems*',' ',0,0,0,0,3,1,61,3,14,NULL,NULL,NULL,NULL,NULL,0,NULL,4,'Number of initiatives taken/facilitated by SLTPB to strengthen the early warning systems*','1','3',NULL,NULL,NULL,' ',1),('-','2021-01-11 11:43:11','-','2021-01-11 11:43:11',0,1939,'Number of initiatives taken/facilitated by SLTPB to Improve the climate preparedness element in organizing and executing tour operations*',' ',0,0,0,0,3,1,61,3,23,NULL,NULL,NULL,NULL,NULL,0,NULL,4,'Number of initiatives taken/facilitated by SLTPB to Improve the climate preparedness element in organizing and executing tour operations*','4','8',NULL,NULL,NULL,' ',1),('-','2021-01-11 11:43:11','-','2021-01-11 11:43:11',0,1940,'Number of initiatives taken/facilitated by SLTDA  to strengthen the early warning systems*',' ',0,0,0,0,3,1,61,3,23,NULL,NULL,NULL,NULL,NULL,0,NULL,4,'Number of initiatives taken/facilitated by SLTDA  to strengthen the early warning systems*','4','6',NULL,NULL,NULL,' ',1),('-','2021-01-11 11:43:11','-','2021-01-11 11:43:11',0,1941,'Number of initiatives taken/facilitated by DWC to Improve the climate preparedness element in organizing and executing tour operations*','2',0,0,0,0,3,1,61,3,23,NULL,NULL,NULL,NULL,NULL,0,NULL,4,'Number of initiatives taken/facilitated by DWC to Improve the climate preparedness element in organizing and executing tour operations*','6','8',NULL,NULL,NULL,' ',1),('-','2021-01-11 11:43:11','-','2021-01-11 11:43:11',0,1942,'Number of initiatives taken/facilitated by DCC to Improve the climate preparedness element in organizing and executing tour operations*',' ',0,0,0,0,3,1,61,3,23,NULL,NULL,NULL,NULL,NULL,0,NULL,4,'Number of initiatives taken/facilitated by DCC to Improve the climate preparedness element in organizing and executing tour operations*','2','4',NULL,NULL,NULL,' ',1),('-','2021-01-11 11:43:11','-','2021-01-11 11:43:11',0,1943,'Number of initiatives taken/facilitated  by DFC to Improve the climate preparedness element in organizing and executing tour operations*',' ',0,0,0,0,3,1,61,3,23,NULL,NULL,NULL,NULL,NULL,0,NULL,4,'Number of initiatives taken/facilitated  by DFC to Improve the climate preparedness element in organizing and executing tour operations*','2','6',NULL,NULL,NULL,' ',1),('-','2021-01-11 11:43:11','-','2021-01-11 11:43:11',0,1944,'Number of initiatives taken to adjust the tourism promotions to suit the different climate scenarios - by SLTPB*',' ',0,0,0,0,3,1,61,3,23,NULL,NULL,NULL,NULL,NULL,0,NULL,4,'Number of initiatives taken to adjust the tourism promotions to suit the different climate scenarios - by SLTPB*','4','5',NULL,NULL,NULL,' ',1),('-','2021-01-11 11:43:11','-','2021-01-11 11:43:11',0,1945,'Number of initiatives taken to adjust the tourism promotions to suit the different climate scenarios - by SLTDA*',' ',0,0,0,0,3,1,61,3,23,NULL,NULL,NULL,NULL,NULL,0,NULL,4,'Number of initiatives taken to adjust the tourism promotions to suit the different climate scenarios - by SLTDA*','5','8',NULL,NULL,NULL,' ',1),('-','2021-01-11 11:43:11','-','2021-01-11 11:43:11',0,1946,'Number of initiatives taken to adjust the tourism promotions to suit the different climate scenarios - by DWC*',' ',0,0,0,0,3,1,61,3,23,NULL,NULL,NULL,NULL,NULL,0,NULL,4,'Number of initiatives taken to adjust the tourism promotions to suit the different climate scenarios - by DWC*','2','6',NULL,NULL,NULL,' ',1),('-','2021-01-11 11:43:11','-','2021-01-11 11:43:11',0,1947,'Number of initiatives taken to adjust the tourism promotions to suit the different climate scenarios - by DFC*',' ',0,0,0,0,3,1,61,3,23,NULL,NULL,NULL,NULL,NULL,0,NULL,4,'Number of initiatives taken to adjust the tourism promotions to suit the different climate scenarios - by DFC*','2','4',NULL,NULL,NULL,' ',1),('-','2021-01-11 11:43:11','-','2021-01-11 11:43:11',0,1948,'Number of initiatives taken to adjust the tourism promotions to suit the different climate scenarios - by DCC*','1',0,0,0,0,3,1,61,3,23,NULL,NULL,NULL,NULL,NULL,0,NULL,4,'Number of initiatives taken to adjust the tourism promotions to suit the different climate scenarios - by DCC*','4','6',NULL,NULL,NULL,' ',1),('-','2021-01-11 11:43:11','-','2021-01-11 11:43:11',0,1949,'Number of initiatives taken by instituions to Improve the climate preparedness element in organizing and executing tour operations',' ',0,0,0,0,3,1,61,3,23,NULL,NULL,NULL,NULL,NULL,0,NULL,4,'Number of initiatives taken by instituions to Improve the climate preparedness element in organizing and executing tour operations','0','7',NULL,NULL,NULL,' ',1),('-','2021-01-11 11:43:11','-','2021-01-11 11:43:11',0,1950,'Number of hot days','6',0,0,0,0,3,1,61,3,23,NULL,NULL,NULL,NULL,NULL,0,NULL,4,'Number of hot days in Nuwara Eliya from 15th -21st Novemeber 2021','0','7',NULL,NULL,NULL,' ',1),('-','2021-01-11 11:43:11','-','2021-01-11 11:43:11',0,1951,'Number of guidelines on managing emergencies in tour operations are developed - SLTPB*',' ',0,0,0,0,3,1,61,3,23,NULL,NULL,NULL,NULL,NULL,0,NULL,4,'Number of guidelines on managing emergencies in tour operations are developed - SLTPB*','5','7',NULL,NULL,NULL,' ',1),('-','2021-01-11 11:43:11','-','2021-01-11 11:43:11',0,1952,'Number of guidelines on managing emergencies in tour operations are developed - by SLTDA*','1',0,0,0,0,3,1,61,3,23,NULL,NULL,NULL,NULL,NULL,0,NULL,4,'Number of guidelines on managing emergencies in tour operations are developed - by SLTDA*','5','12',NULL,NULL,NULL,' ',1),('-','2021-01-11 11:43:11','-','2021-01-11 11:43:11',0,1953,'Number of collaborative plans developed/supported by SLTPB to adjust tourism operations to climate change in different locations*',' ',0,0,0,0,3,1,61,3,23,NULL,NULL,NULL,NULL,NULL,0,NULL,4,'Number of collaborative plans developed/supported by SLTPB to adjust tourism operations to climate change in different locations*','1','4',NULL,NULL,NULL,' ',1),('-','2021-01-11 11:43:11','-','2021-01-11 11:43:11',0,1954,'Number of collaborative plans developed/supported by SLTDA to adjust tourism operations to climate change in different locations*',' ',0,0,0,0,3,1,61,3,23,NULL,NULL,NULL,NULL,NULL,0,NULL,4,'Number of collaborative plans developed/supported by SLTDA to adjust tourism operations to climate change in different locations*','1','6',NULL,NULL,NULL,' ',1),('-','2021-01-11 11:43:11','-','2021-01-11 11:43:11',0,1955,'Number of collaborative plans developed/supported by DWC to adjust tourism operations to climate change in different locations*',' ',0,0,0,0,3,1,61,3,23,NULL,NULL,NULL,NULL,NULL,0,NULL,4,'Number of collaborative plans developed/supported by DWC to adjust tourism operations to climate change in different locations*','1','1',NULL,NULL,NULL,' ',1),('-','2021-01-11 11:43:11','-','2021-01-11 11:43:11',0,1956,'Number of collaborative plans developed/supported by DFC to adjust tourism operations to climate change in different locations*',' ',0,0,0,0,3,1,61,3,23,NULL,NULL,NULL,NULL,NULL,0,NULL,4,'Number of collaborative plans developed/supported by DFC to adjust tourism operations to climate change in different locations*','1','1',NULL,NULL,NULL,' ',1),('-','2021-01-11 11:43:11','-','2021-01-11 11:43:11',0,1957,'Number of collaborative plans developed/supported by DCC to adjust tourism operations to climate change in different locations*',' ',0,0,0,0,3,1,61,3,23,NULL,NULL,NULL,NULL,NULL,0,NULL,4,'Number of collaborative plans developed/supported by DCC to adjust tourism operations to climate change in different locations*','1','1',NULL,NULL,NULL,' ',1),('-','2021-01-11 11:43:11','-','2021-01-11 11:43:11',0,1958,'Number of awareness session conducted/supported by UDA to the people in tourism supply chain*',' ',0,0,0,0,3,1,61,3,14,NULL,NULL,NULL,NULL,NULL,0,NULL,4,'Number of awareness session conducted/supported by UDA to the people in tourism supply chain*','1','4',NULL,NULL,NULL,' ',1),('-','2021-01-11 11:43:11','-','2021-01-11 11:43:11',0,1959,'Number of awareness session conducted/supported by SLTDA to the people in tourism supply chain*',' ',0,0,0,0,3,1,61,3,23,NULL,NULL,NULL,NULL,NULL,0,NULL,4,'Number of awareness session conducted/supported by SLTDA to the people in tourism supply chain*','1','10',NULL,NULL,NULL,' ',1),('-','2021-01-11 11:43:11','-','2021-01-11 11:43:11',0,1960,'Number of awareness programmes conducted/facilitated by SLTPB for tour industry operators on climate change and its impacts*',' ',0,0,0,0,3,1,61,3,23,NULL,NULL,NULL,NULL,NULL,0,NULL,4,'Number of awareness programmes conducted/facilitated by SLTPB for tour industry operators on climate change and its impacts*','1','4',NULL,NULL,NULL,' ',1),('-','2021-01-11 11:43:11','-','2021-01-11 11:43:11',0,1961,'Number of awareness programmes conducted/facilitated by SLTDA for tour industry operators on climate change and its impacts*',' ',0,0,0,0,3,1,61,3,23,NULL,NULL,NULL,NULL,NULL,0,NULL,4,'Number of awareness programmes conducted/facilitated by SLTDA for tour industry operators on climate change and its impacts*','1','4',NULL,NULL,NULL,' ',1),('-','2021-01-11 11:43:11','-','2021-01-11 11:43:11',0,1962,'Number of awareness programmes conducted/facilitated by DWC for tour industry operators on climate change and its impacts*',' ',0,0,0,0,3,1,61,3,23,NULL,NULL,NULL,NULL,NULL,0,NULL,4,'Number of awareness programmes conducted/facilitated by DWC for tour industry operators on climate change and its impacts*','1','4',NULL,NULL,NULL,' ',1),('-','2021-01-11 11:43:11','-','2021-01-11 11:43:11',0,1963,'Number of awareness programmes conducted/facilitated by DFC for tour industry operators on climate change and its impacts*',' ',0,0,0,0,3,1,61,3,23,NULL,NULL,NULL,NULL,NULL,0,NULL,4,'Number of awareness programmes conducted/facilitated by DFC for tour industry operators on climate change and its impacts*','1','4',NULL,NULL,NULL,' ',1),('-','2021-01-11 11:43:11','-','2021-01-11 11:43:11',0,1964,'Number of awareness programmes conducted/facilitated by DCC for tour industry operators on climate change and its impacts*',' ',0,0,0,0,3,1,61,3,23,NULL,NULL,NULL,NULL,NULL,0,NULL,4,'Number of awareness programmes conducted/facilitated by DCC for tour industry operators on climate change and its impacts*','1','4',NULL,NULL,NULL,' ',1),('-','2021-01-11 11:43:11','-','2021-01-11 11:43:11',0,1965,'Number of assessment reports developed/published/shared/maintained by SLTPB on current promotional strategies with connection to emerging scenarios of climate change is published*',' ',0,0,0,0,3,1,61,3,23,NULL,NULL,NULL,NULL,NULL,0,NULL,4,'Number of assessment reports developed/published/shared/maintained by SLTPB on current promotional strategies with connection to emerging scenarios of climate change is published*','1','3',NULL,NULL,NULL,' ',1),('-','2021-01-11 11:43:11','-','2021-01-11 11:43:11',0,1966,'Number of assessment reports developed/published/shared/maintained by SLTDA on current promotional strategies with connection to emerging scenarios of climate change is published*',' ',0,0,0,0,3,1,61,3,23,NULL,NULL,NULL,NULL,NULL,0,NULL,4,'Number of assessment reports developed/published/shared/maintained by SLTDA on current promotional strategies with connection to emerging scenarios of climate change is published*','1','3',NULL,NULL,NULL,' ',1),('-','2021-01-11 11:43:11','-','2021-01-11 11:43:11',0,1967,'Number of assessment reports developed/published/shared/maintained by DWC on current promotional strategies with connection to emerging scenarios of climate change is published*',' ',0,0,0,0,3,1,61,3,23,NULL,NULL,NULL,NULL,NULL,0,NULL,4,'Number of assessment reports developed/published/shared/maintained by DWC on current promotional strategies with connection to emerging scenarios of climate change is published*','1','3',NULL,NULL,NULL,' ',1),('-','2021-01-11 11:43:11','-','2021-01-11 11:43:11',0,1968,'Number of assessment reports developed/published/shared/maintained by DFC on current promotional strategies with connection to emerging scenarios of climate change is published*',' ',0,0,0,0,3,1,61,3,23,NULL,NULL,NULL,NULL,NULL,0,NULL,4,'Number of assessment reports developed/published/shared/maintained by DFC on current promotional strategies with connection to emerging scenarios of climate change is published*','1','3',NULL,NULL,NULL,' ',1),('-','2021-01-11 11:43:11','-','2021-01-11 11:43:11',0,1969,'Number of assessment reports developed/published/shared/maintained by D/CCCRM on current promotional strategies with connection to emerging scenarios of climate change is published*',' ',0,0,0,0,3,1,61,3,23,NULL,NULL,NULL,NULL,NULL,0,NULL,4,'Number of assessment reports developed/published/shared/maintained by D/CCCRM on current promotional strategies with connection to emerging scenarios of climate change is published*','1','3',NULL,NULL,NULL,' ',1),('-','2021-01-11 11:43:11','-','2021-01-11 11:43:11',0,1970,'No. of tourist arrivals per year*','855975',0,0,0,0,3,1,61,3,23,NULL,NULL,NULL,NULL,NULL,0,NULL,4,'No. of tourist arrivals per year*',NULL,'1000000',NULL,NULL,NULL,' ',1),('-','2021-01-11 11:43:11','-','2021-01-11 11:43:11',0,1971,'No. of tourism sector plans which incorporated climate planning',' ',0,0,0,0,3,1,61,3,23,NULL,NULL,NULL,NULL,NULL,0,NULL,4,'No. of tourism sector plans which incorporated climate planning',NULL,NULL,NULL,NULL,NULL,' ',1),('-','2021-01-11 11:43:11','-','2021-01-11 11:43:11',0,1972,'No. of Foreign Visitors to Wildlife Parks*','198536',0,0,0,0,3,1,61,3,23,NULL,NULL,NULL,NULL,NULL,0,NULL,4,'No. of Foreign Visitors to Wildlife Parks*',NULL,NULL,NULL,NULL,NULL,' ',1),('-','2021-01-11 11:43:11','-','2021-01-11 11:43:11',0,1973,'No. of foreign Visitors to Cultural Triangle*','239923',0,0,0,0,3,1,61,3,23,NULL,NULL,NULL,NULL,NULL,0,NULL,4,'No. of foreign Visitors to Cultural Triangle*','0','239923',NULL,NULL,NULL,' ',1),('-','2021-01-11 11:43:11','-','2021-01-11 11:43:11',0,1974,'No. of foreign Visitors to Conservation Forests*',' ',0,0,0,0,3,1,61,3,23,NULL,NULL,NULL,NULL,NULL,0,NULL,4,'No. of foreign Visitors to Conservation Forests*',NULL,NULL,NULL,NULL,NULL,' ',1),('-','2021-01-11 11:43:11','-','2021-01-11 11:43:11',0,1975,'No. of foreign Visitors to Botanical Gardens*',' ',0,0,0,0,3,1,61,3,23,NULL,NULL,NULL,NULL,NULL,0,NULL,4,'No. of foreign Visitors to Botanical Gardens*',NULL,NULL,NULL,NULL,NULL,' ',1),('-','2021-01-11 11:43:11','-','2021-01-11 11:43:11',0,1976,'No. of excursionist arrivals per year*','1913702',0,0,0,0,3,1,61,3,23,NULL,NULL,NULL,NULL,NULL,0,NULL,4,'No. of excursionist arrivals per year*','0','10000000',NULL,NULL,NULL,' ',1),('-','2021-01-11 11:43:11','-','2021-01-11 11:43:11',0,1977,'Guestrooms in hotels/guesthouses, Resorts under purview of DCS*','24831',0,0,0,0,3,1,61,3,23,NULL,NULL,NULL,NULL,NULL,0,NULL,4,'Guestrooms in hotels/guesthouses and Resorts (accomodation capacity) 2019','0','100000',NULL,NULL,NULL,' ',1),('-','2021-01-11 11:43:11','-','2021-01-11 11:43:11',0,1978,'Extreme precipitation events*',' ',0,0,0,0,3,1,61,3,23,NULL,NULL,NULL,NULL,NULL,0,NULL,4,'Extreme precipitation events*',NULL,NULL,NULL,NULL,NULL,' ',1),('-','2021-01-11 11:43:11','-','2021-01-11 11:43:11',0,1979,'Climate Change sensitive Development approval standards for TR projects under UDA*','1',0,0,0,0,3,1,61,3,23,NULL,NULL,NULL,NULL,NULL,0,NULL,4,'Climate Change sensitive Development approval standards for TR projects under UDA*','0','100',NULL,NULL,NULL,' ',1),('-','2021-01-11 11:43:11','-','2021-01-11 11:43:11',0,1980,'Climate Change sensitive Development approval standards for TR projects under SLTDA*','1',0,0,0,0,3,1,61,3,23,NULL,NULL,NULL,NULL,NULL,0,NULL,4,'Climate Change sensitive Development approval standards for TR projects under SLTDA*',NULL,'100',NULL,NULL,NULL,' ',1),('-','2021-01-11 11:43:11','-','2021-01-11 11:43:11',0,1981,'Climate Change sensitive Development approval standards for TR projects under CEA','1',0,0,0,0,3,1,61,3,23,NULL,NULL,NULL,NULL,NULL,0,NULL,4,'Climate Change sensitive Development approval standards for TR projects under CEA',NULL,'100',NULL,NULL,NULL,' ',1),('-','2021-01-11 11:43:11','-','2021-01-11 11:43:11',0,1982,'Annual indirect employments*','229015',0,0,0,0,3,1,61,3,23,NULL,NULL,NULL,NULL,NULL,0,NULL,4,'Number of annual indirect employments*','0','100000000',NULL,NULL,NULL,' ',1),('-','2021-01-11 11:43:11','-','2021-01-11 11:43:11',0,1983,'Annual direct employments*','173592',0,0,0,0,3,1,61,3,23,NULL,NULL,NULL,NULL,NULL,0,NULL,4,'Number of annual direct employments, 2019','0','100000000',NULL,NULL,NULL,' ',1),('-','2021-01-11 11:43:11','-','2021-01-11 11:43:11',0,1984,'% of foreign exchange earnings by tourism sector*','13.7',0,0,0,0,3,1,52,3,23,NULL,NULL,NULL,NULL,NULL,0,NULL,4,'foreign exchange earnings by tourism sector as a % total Foreign exchange earnings, 2019  ','0','100',NULL,NULL,NULL,' ',1),('-','2021-01-11 11:43:11','-','2021-01-11 11:43:11',0,1985,'Amount of money allocated on developing systems capacity for smooth switching to alternate plans to adapt to the impact of climate change ',' ',0,0,0,0,3,1,55,3,23,NULL,NULL,NULL,NULL,NULL,0,NULL,4,'Amount of money allocated on developing systems capacity for smooth switching to alternate plans to adapt to the impact of climate change ',NULL,NULL,NULL,NULL,NULL,' ',1),('-','2021-01-11 11:43:11','-','2021-01-11 11:43:11',0,1986,'Amount of money allocated on establishing emergency communication channels for tourists and operators ',' ',0,0,0,0,3,1,55,3,23,NULL,NULL,NULL,NULL,NULL,0,NULL,4,'Amount of money allocated on establishing emergency communication channels for tourists and operators ',NULL,NULL,NULL,NULL,NULL,' ',1),('-','2021-01-11 11:43:11','-','2021-01-11 11:43:11',0,1987,'Amount of money allocated/spent for research on climate change impacts on tourism and recreation*',' ',0,0,0,0,3,1,55,3,23,NULL,NULL,NULL,NULL,NULL,0,NULL,4,'Amount of money allocated/spent for research on climate change impacts on tourism and recreation*',NULL,NULL,NULL,NULL,NULL,' ',1),('-','2021-01-11 11:43:11','-','2021-01-11 11:43:11',0,1988,'Amount of money allocated/spent on climate change impacts on tourism and recreation ',' ',0,0,0,0,3,1,55,3,23,NULL,NULL,NULL,NULL,NULL,0,NULL,4,'Amount of money allocated/spent on climate change impacts on tourism and recreation ',NULL,NULL,NULL,NULL,NULL,' ',1),('-','2021-01-11 11:43:11','-','2021-01-11 11:43:11',0,1989,'Annual Room Occupancy Rate (Graded)*','785735',0,0,0,0,3,1,55,3,23,NULL,NULL,NULL,NULL,NULL,0,NULL,4,'Annual Room Occupancy Rate (Graded)*','0','1000000',NULL,NULL,NULL,' ',1),('-','2021-01-11 11:43:11','-','2021-01-11 11:43:11',0,1990,'Direct contribution of tourism sector to GDP','9586.8',0,0,0,0,3,1,55,3,23,NULL,NULL,NULL,NULL,NULL,0,NULL,4,'Public Sector Revenue from Tourism','0','100000',NULL,NULL,NULL,' ',1),('-','2021-01-11 11:43:11','-','2021-01-11 11:43:11',0,1991,'Annual occupancy Rates by Resort Region - Ancient Cities*','56.96',0,0,0,0,3,1,52,3,23,NULL,NULL,NULL,NULL,NULL,0,NULL,4,'Annual occupancy Rates by Resort Region - Ancient Cities*','0','100',NULL,NULL,NULL,' ',1),('-','2021-01-11 11:43:11','-','2021-01-11 11:43:11',0,1992,'Annual occupancy Rates by Resort Region - Colombo City*','58.74',0,0,0,0,3,1,52,3,23,NULL,NULL,NULL,NULL,NULL,0,NULL,4,'Annual occupancy Rates by Resort Region - Colombo City*','0','100',NULL,NULL,NULL,' ',1),('-','2021-01-11 11:43:11','-','2021-01-11 11:43:11',0,1993,'Annual occupancy Rates by Resort Region - East Coast*','57.31',0,0,0,0,3,1,52,3,23,NULL,NULL,NULL,NULL,NULL,0,NULL,4,'Annual occupancy Rates by Resort Region - East Coast*','0','100',NULL,NULL,NULL,' ',1),('-','2021-01-11 11:43:11','-','2021-01-11 11:43:11',0,1994,'Annual occupancy Rates by Resort Region - Greater Colombo*','57.9',0,0,0,0,3,1,52,3,23,NULL,NULL,NULL,NULL,NULL,0,NULL,4,'Annual occupancy Rates by Resort Region - Greater Colombo*','0','100',NULL,NULL,NULL,' ',1),('-','2021-01-11 11:43:11','-','2021-01-11 11:43:11',0,1995,'Annual occupancy Rates by Resort Region - Hill Country*','57.45',0,0,0,0,3,1,52,3,23,NULL,NULL,NULL,NULL,NULL,0,NULL,4,'Annual occupancy Rates by Resort Region - Hill Country*','0','100',NULL,NULL,NULL,' ',1),('-','2021-01-11 11:43:11','-','2021-01-11 11:43:11',0,1996,'Annual occupancy Rates by Resort Region - Northern Region*','48.55',0,0,0,0,3,1,52,3,23,NULL,NULL,NULL,NULL,NULL,0,NULL,4,'Annual occupancy Rates by Resort Region - Northern Region*','0','100',NULL,NULL,NULL,' ',1),('-','2021-01-11 11:43:11','-','2021-01-11 11:43:11',0,1997,'Annual occupancy Rates by Resort Region - South Coast*','59.86',0,0,0,0,3,1,52,3,23,NULL,NULL,NULL,NULL,NULL,0,NULL,4,'Annual occupancy Rates by Resort Region - South Coast*','0','100',NULL,NULL,NULL,' ',1),('-','2021-01-11 11:43:11','-','2021-01-11 11:43:11',0,1998,'Public Sector Revenue from Tourism','9586.8',0,0,0,0,3,1,55,3,23,NULL,NULL,NULL,NULL,NULL,0,NULL,4,'Public Sector Revenue from Tourism','0','100000',NULL,NULL,NULL,' ',1),('-','2021-01-11 11:43:11','-','2021-01-11 11:43:11',0,1999,'Revenue from foreign Visitors to Botanical Gardens','537.1',0,0,0,0,3,1,55,3,23,NULL,NULL,NULL,NULL,NULL,0,NULL,4,'Revenue from foreign Visitors to Botanical Gardens','0','5000',NULL,NULL,NULL,' ',1),('-','2021-01-11 11:43:11','-','2021-01-11 11:43:11',0,2000,'Revenue from foreign Visitors to Conservation Forests','107.42',0,0,0,0,3,1,55,3,23,NULL,NULL,NULL,NULL,NULL,0,NULL,4,'Revenue from foreign Visitors to Conservation Forests','0','5000',NULL,NULL,NULL,' ',1),('-','2021-01-11 11:43:11','-','2021-01-11 11:43:11',0,2001,'Revenue from foreign Visitors to Cultural Triangle','3290.7',0,0,0,0,3,1,55,3,23,NULL,NULL,NULL,NULL,NULL,0,NULL,4,'Revenue from foreign Visitors to Cultural Triangle','0','100000',NULL,NULL,NULL,' ',1),('-','2021-01-11 11:43:11','-','2021-01-11 11:43:11',0,2002,'Revenue from Foreign Visitors to Wildlife Parks','1827.7',0,0,0,0,3,1,55,3,23,NULL,NULL,NULL,NULL,NULL,0,NULL,4,'Revenue from Foreign Visitors to Wildlife Parks','0','100000',NULL,NULL,NULL,' ',1),('-','2021-01-11 11:43:11','-','2021-01-11 11:43:11',0,2003,'Low lying canal system',' ',0,0,0,0,3,1,NULL,3,3,NULL,NULL,NULL,NULL,NULL,0,NULL,4,'Shape files',NULL,NULL,NULL,NULL,NULL,' ',1),('-','2021-01-11 11:43:11','-','2021-01-11 11:43:11',0,2004,'Shape files of fuel shed/service center distribution',' ',0,0,0,0,3,1,NULL,2,3,NULL,NULL,NULL,NULL,NULL,0,NULL,4,'Shape files',NULL,NULL,NULL,NULL,NULL,' ',1),('-','2021-01-11 11:43:11','-','2021-01-11 11:43:11',0,2005,'Shape files of causeways',' ',0,0,0,0,3,1,NULL,2,3,NULL,NULL,NULL,NULL,NULL,0,NULL,4,'Shape files',NULL,NULL,NULL,NULL,NULL,' ',1),('-','2021-01-11 11:43:11','-','2021-01-11 11:43:11',0,2006,'Shape files of culverts',' ',0,0,0,0,3,1,NULL,2,3,NULL,NULL,NULL,NULL,NULL,0,NULL,4,'Shape files',NULL,NULL,NULL,NULL,NULL,' ',1),('-','2021-01-11 11:43:11','-','2021-01-11 11:43:11',0,2007,'Shape files of bridges',' ',0,0,0,0,3,1,NULL,2,3,NULL,NULL,NULL,NULL,NULL,0,NULL,4,'Shape files',NULL,NULL,NULL,NULL,NULL,' ',1),('-','2021-01-11 11:43:11','-','2021-01-11 11:43:11',0,2008,'Shape files of road network',' ',0,0,0,0,3,1,NULL,2,3,NULL,NULL,NULL,NULL,NULL,0,NULL,4,'Shape files',NULL,NULL,NULL,NULL,NULL,' ',1),('-','2021-01-11 11:43:11','-','2021-01-11 11:43:11',0,2009,'Total Diesel consumption in the rail transport sub-sector (mobile)','100000',0,0,0,0,3,1,47,2,3,NULL,NULL,NULL,NULL,NULL,0,NULL,4,'Total Diesel consumption in the rail transport sub-sector (mobile)','0','500000',NULL,NULL,NULL,' ',1),('-','2021-01-11 11:43:11','-','2021-01-11 11:43:11',0,2010,'N2O emission factor of of Jet Kerosene','2',0,0,0,0,3,1,105,2,3,NULL,NULL,NULL,NULL,NULL,0,NULL,4,'N2O emission factor of of Jet Kerosene','0.6','5',NULL,NULL,NULL,' ',1),('-','2021-01-11 11:43:11','-','2021-01-11 11:43:11',0,2011,'N2O  emission factor of Gasoline','3.2',0,0,0,0,3,1,105,2,3,NULL,NULL,NULL,NULL,NULL,0,NULL,4,'N2O  emission factor of Gasoline','0.96','11',NULL,NULL,NULL,' ',1),('-','2021-01-11 11:43:11','-','2021-01-11 11:43:11',0,2012,'N2O  emission factor of of Diesel','3.9',0,0,0,0,3,1,105,2,3,NULL,NULL,NULL,NULL,NULL,0,NULL,4,'N2O  emission factor of of Diesel','1.3','12',NULL,NULL,NULL,' ',1),('-','2021-01-11 11:43:11','-','2021-01-11 11:43:11',0,2013,'CH4  emission factor of of Jet Kerosene','0.5',0,0,0,0,3,1,105,2,3,NULL,NULL,NULL,NULL,NULL,0,NULL,4,'CH4  emission factor of of Jet Kerosene','0.215','1',NULL,NULL,NULL,' ',1),('-','2021-01-11 11:43:11','-','2021-01-11 11:43:11',0,2014,'CH4  emission factor of Gasoline','33',0,0,0,0,3,1,105,2,3,NULL,NULL,NULL,NULL,NULL,0,NULL,4,'CH4  emission factor of Gasoline','9.6','110',NULL,NULL,NULL,' ',1),('-','2021-01-11 11:43:11','-','2021-01-11 11:43:11',0,2015,'CH4  emission factor of of Diesel','3.9',0,0,0,0,3,1,105,2,3,NULL,NULL,NULL,NULL,NULL,0,NULL,4,'CH4  emission factor of of Diesel','1.6','9.5',NULL,NULL,NULL,' ',1),('-','2021-01-11 11:43:11','-','2021-01-11 11:43:11',0,2016,'CO2 emission factor of Kerosene','71900',0,0,0,0,3,1,105,2,3,NULL,NULL,NULL,NULL,NULL,0,NULL,4,'CO2 emission factor of Kerosene','70800','73700',NULL,NULL,NULL,' ',1),('-','2021-01-11 11:43:11','-','2021-01-11 11:43:11',0,2017,'CO2 emission factor of of Jet Kerosene','71500',0,0,0,0,3,1,105,2,3,NULL,NULL,NULL,NULL,NULL,0,NULL,4,'CO2 emission factor of of Jet Kerosene','69800','74400',NULL,NULL,NULL,' ',1),('-','2021-01-11 11:43:11','-','2021-01-11 11:43:11',0,2018,'CO2 emission factor of Gasoline','69300',0,0,0,0,3,1,105,2,3,NULL,NULL,NULL,NULL,NULL,0,NULL,4,'CO2 emission factor of Gasoline','67500','73000',NULL,NULL,NULL,' ',1),('-','2021-01-11 11:43:11','-','2021-01-11 11:43:11',0,2019,'CO2 emission factor of of Diesel','74100',0,0,0,0,3,1,105,2,3,NULL,NULL,NULL,NULL,NULL,0,NULL,4,'CO2 emission factor of of Diesel','72600','74800',NULL,NULL,NULL,' ',1),('-','2021-01-11 11:43:11','-','2021-01-11 11:43:11',0,2020,'Density of Kerosene','0.81',0,0,0,0,3,1,106,2,3,NULL,NULL,NULL,NULL,NULL,0,NULL,4,'Density of Kerosene','0','10',NULL,NULL,NULL,' ',1),('-','2021-01-11 11:43:11','-','2021-01-11 11:43:11',0,2021,'Density of Jet Kerosene','0.85',0,0,0,0,3,1,106,2,3,NULL,NULL,NULL,NULL,NULL,0,NULL,4,'Density of Jet Kerosene','0','10',NULL,NULL,NULL,' ',1),('-','2021-01-11 11:43:11','-','2021-01-11 11:43:11',0,2022,'Density of Gasoline','0.85',0,0,0,0,3,1,106,2,3,NULL,NULL,NULL,NULL,NULL,0,NULL,4,'Density of Gasoline','0','10',NULL,NULL,NULL,' ',1),('-','2021-01-11 11:43:11','-','2021-01-11 11:43:11',0,2023,'Density of Diesel','0.85',0,0,0,0,3,1,106,2,3,NULL,NULL,NULL,NULL,NULL,0,NULL,4,'Density of Diesel','0','10',NULL,NULL,NULL,' ',1),('-','2021-01-11 11:43:11','-','2021-01-11 11:43:11',0,2024,'Total passenger kilometres travel by vehicles (passenger) under NTC purview','1000000',0,0,0,0,3,1,86,2,3,NULL,NULL,NULL,NULL,NULL,0,NULL,4,'Total passenger kilometres travel by vehicles (passenger) under NTC purview','0','5000000',NULL,NULL,NULL,' ',1),('-','2021-01-11 11:43:11','-','2021-01-11 11:43:11',0,2025,'Total passenger kilometres travelled by SLTB buses','1000000',0,0,0,0,3,1,86,2,3,NULL,NULL,NULL,NULL,NULL,0,NULL,4,'Total passenger kilometres travelled by SLTB buses','0','5000000',NULL,NULL,NULL,' ',1),('-','2021-01-11 11:43:11','-','2021-01-11 11:43:11',0,2026,'Total ton kilometres travel by train','130430000',0,0,0,0,3,1,107,2,3,NULL,NULL,NULL,NULL,NULL,0,NULL,4,'Total ton kilometres travel by train','0','652150000',NULL,NULL,NULL,' ',1),('-','2021-01-11 11:43:11','-','2021-01-11 11:43:11',0,2027,'Total number of SLTB bus routes','955',0,0,0,0,3,1,61,2,3,NULL,NULL,NULL,NULL,NULL,0,NULL,4,'Total number of SLTB bus routes','0','10000',NULL,NULL,NULL,' ',1),('-','2021-01-11 11:43:11','-','2021-01-11 11:43:11',0,2028,'Total number of revenue licenses issued for all vehicle types','3000000',0,0,0,0,3,1,61,2,3,NULL,NULL,NULL,NULL,NULL,0,NULL,4,'Total number of revenue licenses issued for all vehicle types','0','3000000',NULL,NULL,NULL,' ',1),('-','2021-01-11 11:43:11','-','2021-01-11 11:43:11',0,2029,'Total number of permitted buses [province/district/DS wise]','20000',0,0,0,0,3,1,61,2,3,NULL,NULL,NULL,NULL,NULL,0,NULL,4,'Total number of permitted buses [province/district/DS wise]','0','20000',NULL,NULL,NULL,' ',1),('-','2021-01-11 11:43:11','-','2021-01-11 11:43:11',0,2030,'Total number of permitted buses [province wise] under SLTB purview','20000',0,0,0,0,3,1,61,2,3,NULL,NULL,NULL,NULL,NULL,0,NULL,4,'Total number of permitted buses [province wise] under SLTB purview','0','20000',NULL,NULL,NULL,' ',1),('-','2021-01-11 11:43:11','-','2021-01-11 11:43:11',0,2031,'Total number of bus routes under RPTA purview','955',0,0,0,0,3,1,61,2,3,NULL,NULL,NULL,NULL,NULL,0,NULL,4,'Total number of bus routes under RPTA purview','0','10000',NULL,NULL,NULL,' ',1),('-','2021-01-11 11:43:11','-','2021-01-11 11:43:11',0,2032,'Total number of bus routes under NTC purview','955',0,0,0,0,3,1,61,2,3,NULL,NULL,NULL,NULL,NULL,0,NULL,4,'Total number of bus routes under NTC purview','0','10000',NULL,NULL,NULL,' ',1),('-','2021-01-11 11:43:11','-','2021-01-11 11:43:11',0,2033,'Number of Vehicles registered by fuel type','950000',0,0,0,0,3,1,61,2,3,NULL,NULL,NULL,NULL,NULL,0,NULL,4,'Number of Vehicles registered by fuel type','0','4750000',NULL,NULL,NULL,' ',1),('-','2021-01-11 11:43:11','-','2021-01-11 11:43:11',0,2034,'Number of vehicles by age groups','950000',0,0,0,0,3,1,61,2,3,NULL,NULL,NULL,NULL,NULL,0,NULL,4,'Number of vehicles by age groups','0','4750000',NULL,NULL,NULL,' ',1),('-','2021-01-11 11:43:11','-','2021-01-11 11:43:11',0,2035,'Number of Vehicle registered by technology type','950000',0,0,0,0,3,1,61,2,3,NULL,NULL,NULL,NULL,NULL,0,NULL,4,'Number of Vehicle registered by technology type','0','4750000',NULL,NULL,NULL,' ',1),('-','2021-01-11 11:43:11','-','2021-01-11 11:43:11',0,2036,'Number of Tunnels','1000',0,0,0,0,3,1,61,2,3,NULL,NULL,NULL,NULL,NULL,0,NULL,4,'Number of Tunnels',NULL,'100000',NULL,NULL,NULL,' ',1),('-','2021-01-11 11:43:11','-','2021-01-11 11:43:11',0,2037,'Number of trips per day [each bus] under NTC purview','5',0,0,0,0,3,1,61,2,3,NULL,NULL,NULL,NULL,NULL,0,NULL,4,'Number of trips per day [each bus] under NTC purview',NULL,'100',NULL,NULL,NULL,' ',1),('-','2021-01-11 11:43:11','-','2021-01-11 11:43:11',0,2038,'Number of trips of SLTB buses per day','4',0,0,0,0,3,1,61,2,3,NULL,NULL,NULL,NULL,NULL,0,NULL,4,'Number of trips of SLTB buses per day',NULL,'10',NULL,NULL,NULL,' ',1),('-','2021-01-11 11:43:11','-','2021-01-11 11:43:11',0,2039,'Number of trips of buses per day under RPTA purview ','50000',0,0,0,0,3,1,61,2,3,NULL,NULL,NULL,NULL,NULL,0,NULL,4,'Number of trips of buses per day under RPTA purview ',NULL,'250000',NULL,NULL,NULL,' ',1),('-','2021-01-11 11:43:11','-','2021-01-11 11:43:11',0,2040,'Number of trips by motor cars ','100000',0,0,0,0,3,1,61,2,3,NULL,NULL,NULL,NULL,NULL,0,NULL,4,'Number of trips by motor cars ',NULL,'500000',NULL,NULL,NULL,' ',1),('-','2021-01-11 11:43:11','-','2021-01-11 11:43:11',0,2041,'Number of SLTB buses operated daily [province wise]','15000',0,0,0,0,3,1,61,2,3,NULL,NULL,NULL,NULL,NULL,0,NULL,4,'Number of SLTB buses operated daily [province wise]',NULL,'100000',NULL,NULL,NULL,' ',1),('-','2021-01-11 11:43:11','-','2021-01-11 11:43:11',0,2042,'Number of Motor Cycles  in active fleet','500000',0,0,0,0,3,1,61,2,3,NULL,NULL,NULL,NULL,NULL,0,NULL,4,'Number of Motor Cycles  in active fleet',NULL,'10000000',NULL,NULL,NULL,' ',1),('-','2021-01-11 11:43:11','-','2021-01-11 11:43:11',0,2043,'Number of Land Vehicles  in active fleet','500000',0,0,0,0,3,1,61,2,3,NULL,NULL,NULL,NULL,NULL,0,NULL,4,'Number of Land Vehicles  in active fleet',NULL,'10000000',NULL,NULL,NULL,' ',1),('-','2021-01-11 11:43:11','-','2021-01-11 11:43:11',0,2044,'Number of Dual Purpose Vehicles  in active fleet','500000',0,0,0,0,3,1,61,2,3,NULL,NULL,NULL,NULL,NULL,0,NULL,4,'Number of Dual Purpose Vehicles  in active fleet','0','10000000',NULL,NULL,NULL,' ',1),('-','2021-01-11 11:43:11','-','2021-01-11 11:43:11',0,2045,'Number of buses operated daily [province wise]','15000',0,0,0,0,3,1,61,2,3,NULL,NULL,NULL,NULL,NULL,0,NULL,4,'Number of buses operated daily [province wise]',NULL,'100000',NULL,NULL,NULL,' ',1),('-','2021-01-11 11:43:11','-','2021-01-11 11:43:11',0,2046,'Number of buses operated daily [province wise]','15000',0,0,0,0,3,1,61,2,3,NULL,NULL,NULL,NULL,NULL,0,NULL,4,'Number of buses operated daily [province wise]',NULL,'100000',NULL,NULL,NULL,' ',1),('-','2021-01-11 11:43:11','-','2021-01-11 11:43:11',0,2047,'Number of Buses in Operation under NTC purview','15000',0,0,0,0,3,1,61,2,3,NULL,NULL,NULL,NULL,NULL,0,NULL,4,'Number of Buses in Operation under NTC purview',NULL,'100000',NULL,NULL,NULL,' ',1),('-','2021-01-11 11:43:11','-','2021-01-11 11:43:11',0,2048,'Number of Buses in Operation RPTA purview [province wise]','15000',0,0,0,0,3,1,61,2,3,NULL,NULL,NULL,NULL,NULL,0,NULL,4,'Number of Buses in Operation RPTA purview [province wise]',NULL,'100000',NULL,NULL,NULL,' ',1),('-','2021-01-11 11:43:11','-','2021-01-11 11:43:11',0,2049,'Number of  SLTB buses in Operation','15000',0,0,0,0,3,1,61,2,3,NULL,NULL,NULL,NULL,NULL,0,NULL,4,'Number of  SLTB buses in Operation',NULL,'100000',NULL,NULL,NULL,' ',1),('-','2021-01-11 11:43:11','-','2021-01-11 11:43:11',0,2050,'Net calorific value of Kerosene','3',0,0,0,0,3,1,108,2,3,NULL,NULL,NULL,NULL,NULL,0,NULL,4,'Net calorific value of Kerosene',NULL,'100',NULL,NULL,NULL,' ',1),('-','2021-01-11 11:43:11','-','2021-01-11 11:43:11',0,2051,'Net calorific value of Jet Kerosene','3',0,0,0,0,3,1,108,2,3,NULL,NULL,NULL,NULL,NULL,0,NULL,4,'Net calorific value of Jet Kerosene',NULL,'100',NULL,NULL,NULL,' ',1),('-','2021-01-11 11:43:11','-','2021-01-11 11:43:11',0,2052,'Modal share of motor cycle','10',0,0,0,0,3,1,52,2,3,NULL,NULL,NULL,NULL,NULL,0,NULL,4,'Modal share of motor cycle',NULL,'100',NULL,NULL,NULL,' ',1),('-','2021-01-11 11:43:11','-','2021-01-11 11:43:11',0,2053,'Modal share of dual purpose vehicles','10',0,0,0,0,3,1,52,2,3,NULL,NULL,NULL,NULL,NULL,0,NULL,4,'Modal share of dual purpose vehicles',NULL,'100',NULL,NULL,NULL,' ',1),('-','2021-01-11 11:43:11','-','2021-01-11 11:43:11',0,2054,'Market share of the SLTB in terms of passenger transport','40',0,0,0,0,3,1,52,2,3,NULL,NULL,NULL,NULL,NULL,0,NULL,4,'Market share of the SLTB in terms of passenger transport',NULL,'100',NULL,NULL,NULL,' ',1),('-','2021-01-11 11:43:11','-','2021-01-11 11:43:11',0,2055,'Market share of the private bus companies in terms of passenger transport','45',0,0,0,0,3,1,52,2,3,NULL,NULL,NULL,NULL,NULL,0,NULL,4,'Market share of the private bus companies in terms of passenger transport',NULL,'100',NULL,NULL,NULL,' ',1),('-','2021-01-11 11:43:11','-','2021-01-11 11:43:11',0,2056,'Load factor of SLTB buses','30',0,0,0,0,3,1,52,2,3,NULL,NULL,NULL,NULL,NULL,0,NULL,4,'Load factor of SLTB buses',NULL,'250',NULL,NULL,NULL,' ',1),('-','2021-01-11 11:43:11','-','2021-01-11 11:43:11',0,2057,'Load factor of vehicle under NTC purview','30',0,0,0,0,3,1,52,2,3,NULL,NULL,NULL,NULL,NULL,0,NULL,4,'Load factor of vehicle under NTC purview',NULL,'250',NULL,NULL,NULL,' ',1),('-','2021-01-11 11:43:11','-','2021-01-11 11:43:11',0,2058,'Jet JETA1 consumption of domestic air transportation (tourism, cargo transport, sea planes, etc)','1000000',0,0,0,0,3,1,47,2,3,NULL,NULL,NULL,NULL,NULL,0,NULL,4,'Jet JETA1 consumption of domestic air transportation (tourism, cargo transport, sea planes, etc)',NULL,'5000000',NULL,NULL,NULL,' ',1),('-','2021-01-11 11:43:11','-','2021-01-11 11:43:11',0,2059,'Location of bridges','6.742299251724308, 80.16418495434291',0,0,0,0,3,1,NULL,2,3,NULL,NULL,NULL,NULL,NULL,0,NULL,4,'Location of bridges',NULL,'1000',NULL,NULL,NULL,' ',1),('-','2021-01-11 11:43:11','-','2021-01-11 11:43:11',0,2060,'Location of other facilities (Railway yards)','6.742299251724308, 80.16418495434291',0,0,0,0,3,1,NULL,2,3,NULL,NULL,NULL,NULL,NULL,0,NULL,4,'Location of other facilities (Railway yards)',NULL,'1000',NULL,NULL,NULL,' ',1),('-','2021-01-11 11:43:11','-','2021-01-11 11:43:11',0,2061,'Location of the stations','6.742299251724308, 80.16418495434291',0,0,0,0,3,1,NULL,2,3,NULL,NULL,NULL,NULL,NULL,0,NULL,4,'Location of the stations',NULL,'1000',NULL,NULL,NULL,' ',1),('-','2021-01-11 11:43:11','-','2021-01-11 11:43:11',0,2062,'Location of Tunnels','6.742299251724308, 80.16418495434291',0,0,0,0,3,1,NULL,2,3,NULL,NULL,NULL,NULL,NULL,0,NULL,4,'Location of Tunnels',NULL,'1000',NULL,NULL,NULL,' ',1),('-','2021-01-11 11:43:11','-','2021-01-11 11:43:11',0,2063,'Number of passengers in SLTB buses per day ','100000',0,0,0,0,3,1,61,2,3,NULL,NULL,NULL,NULL,NULL,0,NULL,4,'Number of passengers in SLTB buses per day ',NULL,'10000000',NULL,NULL,NULL,' ',1),('-','2021-01-11 11:43:11','-','2021-01-11 11:43:11',0,2064,'Number of passengers per day under NTC purview','100000',0,0,0,0,3,1,61,2,3,NULL,NULL,NULL,NULL,NULL,0,NULL,4,'Number of passengers per day under NTC purview',NULL,'10000000',NULL,NULL,NULL,' ',1),('-','2021-01-11 11:43:11','-','2021-01-11 11:43:11',0,2065,'Number of passengers per day under RPTA purview','100000',0,0,0,0,3,1,61,2,3,NULL,NULL,NULL,NULL,NULL,0,NULL,4,'Number of passengers per day under RPTA purview',NULL,'10000000',NULL,NULL,NULL,' ',1),('-','2021-01-11 11:43:11','-','2021-01-11 11:43:11',0,2066,'Number of passengers transported by private buses under NTC purview','100000',0,0,0,0,3,1,61,2,3,NULL,NULL,NULL,NULL,NULL,0,NULL,4,'Number of passengers transported by private buses under NTC purview',NULL,'10000000',NULL,NULL,NULL,' ',1),('-','2021-01-11 11:43:11','-','2021-01-11 11:43:11',0,2067,'Number of passengers transported by SLTB buses','100000',0,0,0,0,3,1,61,2,3,NULL,NULL,NULL,NULL,NULL,0,NULL,4,'Number of passengers transported by SLTB buses',NULL,'10000000',NULL,NULL,NULL,' ',1),('-','2021-01-11 11:43:11','-','2021-01-11 11:43:11',0,2068,'Revenue of private bus companies from passenger transport under NTC purview','10000000',0,0,0,0,3,1,85,2,3,NULL,NULL,NULL,NULL,NULL,0,NULL,4,'Revenue of private bus companies from passenger transport under NTC purview',NULL,'50000000',NULL,NULL,NULL,' ',1),('-','2021-01-11 11:43:11','-','2021-01-11 11:43:11',0,2069,'Revenue of SLTB from passengers','10000000',0,0,0,0,3,1,85,2,3,NULL,NULL,NULL,NULL,NULL,0,NULL,4,'Revenue of SLTB from passengers',NULL,'50000000',NULL,NULL,NULL,' ',1),('-','2021-01-11 11:43:11','-','2021-01-11 11:43:11',0,2070,'Total Gasoline consumption in the road transport sub-sector (mobile)','10000',0,0,0,0,3,1,47,2,3,NULL,NULL,NULL,NULL,NULL,0,NULL,4,'Total Gasoline consumption in the road transport sub-sector (mobile)',NULL,'50000',NULL,NULL,NULL,' ',1),('-','2021-01-11 11:43:11','-','2021-01-11 11:43:11',0,2071,'Total daily travel distance of SLTB buses','500',0,0,0,0,3,1,107,2,3,NULL,NULL,NULL,NULL,NULL,0,NULL,4,'Total daily travel distance of SLTB buses',NULL,'2500',NULL,NULL,NULL,' ',1),('-','2021-01-11 11:43:11','-','2021-01-11 11:43:11',0,2072,'Suspended Particulate Matters in the air - PM 2.5 values','12',0,0,0,0,3,1,109,2,3,NULL,NULL,NULL,NULL,NULL,0,NULL,4,'Suspended Particulate Matters in the air - PM 2.5 values',NULL,'50',NULL,NULL,NULL,' ',1),('-','2021-01-11 11:43:11','-','2021-01-11 11:43:11',0,2073,'Suspended Particulate Matters in the air - PM10 values','12',0,0,0,0,3,1,109,2,3,NULL,NULL,NULL,NULL,NULL,0,NULL,4,'Suspended Particulate Matters in the air - PM10 values',NULL,'50',NULL,NULL,NULL,' ',1),('-','2021-01-11 11:43:11','-','2021-01-11 11:43:11',0,2074,'Wind energy generation in urban areas*','0.02',0,0,0,0,3,1,52,3,13,NULL,NULL,NULL,NULL,NULL,0,NULL,4,'Wind energy generation in urban areas*',NULL,NULL,NULL,NULL,NULL,' ',1),('-','2021-01-11 11:43:11','-','2021-01-11 11:43:11',0,2075,'Total renewable energy generation*','12.6',0,0,0,0,3,1,52,3,13,NULL,NULL,NULL,NULL,NULL,0,NULL,4,'Total renewable energy generation*',NULL,NULL,NULL,NULL,NULL,' ',1),('-','2021-01-11 11:43:11','-','2021-01-11 11:43:11',0,2076,'Spatial configuration/layout in urban areas*',' ',0,0,0,0,3,1,52,3,13,NULL,NULL,NULL,NULL,NULL,0,NULL,4,'Spatial configuration/layout in urban areas*',NULL,NULL,NULL,NULL,NULL,' ',1),('-','2021-01-11 11:43:11','-','2021-01-11 11:43:11',0,2077,'Solar energy generation in urban areas*','0.06',0,0,0,0,3,1,52,3,13,NULL,NULL,NULL,NULL,NULL,0,NULL,4,'Solar energy generation in urban areas*',NULL,NULL,NULL,NULL,NULL,' ',1),('-','2021-01-11 11:43:11','-','2021-01-11 11:43:11',0,2078,'Run off intensity of storm water drainage systems in urban areas*','0.1',0,0,0,0,3,1,52,3,13,NULL,NULL,NULL,NULL,NULL,0,NULL,4,'Run off intensity of storm water drainage systems in urban areas*',NULL,NULL,NULL,NULL,NULL,' ',1),('-','2021-01-11 11:43:11','-','2021-01-11 11:43:11',0,2079,'Total waste water generation*','30000000',0,0,0,0,3,1,46,3,13,NULL,NULL,NULL,NULL,NULL,0,NULL,4,'Total waste water generation*',NULL,NULL,NULL,NULL,NULL,' ',1),('-','2021-01-11 11:43:11','-','2021-01-11 11:43:11',0,2080,'Spaces of buildings in urban areas*',' ',0,0,0,0,3,1,61,3,13,NULL,NULL,NULL,NULL,NULL,0,NULL,4,'Spaces of buildings in urban areas*',NULL,NULL,NULL,NULL,NULL,' ',1),('-','2021-01-11 11:43:11','-','2021-01-11 11:43:11',0,2081,'Preparation of hazard preparedness plans for urban settlements facilitated by NBRO,NPPD,UDA*',' ',0,0,0,0,3,1,61,3,13,NULL,NULL,NULL,NULL,NULL,0,NULL,4,'Preparation of hazard preparedness plans for urban settlements facilitated by NBRO,NPPD,UDA*',NULL,NULL,NULL,NULL,NULL,' ',1),('-','2021-01-11 11:43:11','-','2021-01-11 11:43:11',0,2082,'Number of workshop conducted/facilitated by NWS&DB in promoting measures to ensure safety of domestic potable water for settlements*',' ',0,0,0,0,3,1,61,3,13,NULL,NULL,NULL,NULL,NULL,0,NULL,4,'Number of workshop conducted/facilitated by NWS&DB in promoting measures to ensure safety of domestic potable water for settlements*',NULL,NULL,NULL,NULL,NULL,' ',1),('-','2021-01-11 11:43:11','-','2021-01-11 11:43:11',0,2083,'Recurrence of 10 year flood (on average)*','7',0,0,0,0,3,1,61,3,13,NULL,NULL,NULL,NULL,NULL,0,NULL,4,'Recurrence of 10 year flood (on average)*',NULL,NULL,NULL,NULL,NULL,' ',1),('-','2021-01-11 11:43:11','-','2021-01-11 11:43:11',0,2084,'Population in disaster prone areas*','0.2',0,0,0,0,3,1,61,3,13,NULL,NULL,NULL,NULL,NULL,0,NULL,4,'Population in disaster prone areas*',NULL,NULL,NULL,NULL,NULL,' ',1),('-','2021-01-11 11:43:11','-','2021-01-11 11:43:11',0,2085,'Population density in Urban area (Percentage)*',' ',0,0,0,0,3,1,52,3,13,NULL,NULL,NULL,NULL,NULL,0,NULL,4,'Population density in Urban area (Percentage)*',NULL,NULL,NULL,NULL,NULL,' ',1),('-','2021-01-11 11:43:11','-','2021-01-11 11:43:11',0,2086,'Number of workshop conducted/facilitated by NBRO, UDA and NPPDin promoting practice of building codes including roofing standards specially in the public buildings*',' ',0,0,0,0,3,1,61,3,13,NULL,NULL,NULL,NULL,NULL,0,NULL,4,'Number of workshop conducted/facilitated by NBRO, UDA and NPPDin promoting practice of building codes including roofing standards specially in the public buildings*',NULL,NULL,NULL,NULL,NULL,' ',1),('-','2021-01-11 11:43:11','-','2021-01-11 11:43:11',0,2087,'Number of workshop conducted in revising the building approval systems s to ensure climate resilience*',' ',0,0,0,0,3,1,61,3,13,NULL,NULL,NULL,NULL,NULL,0,NULL,4,'Number of workshop conducted in revising the building approval systems s to ensure climate resilience*',NULL,NULL,NULL,NULL,NULL,' ',1),('-','2021-01-11 11:43:11','-','2021-01-11 11:43:11',0,2088,'Number of workshop conducted in rationalizing the use of drainage infrastructure to encourage recharging of ground water systems*',' ',0,0,0,0,3,1,61,3,13,NULL,NULL,NULL,NULL,NULL,0,NULL,4,'Number of workshop conducted in rationalizing the use of drainage infrastructure to encourage recharging of ground water systems*',NULL,NULL,NULL,NULL,NULL,' ',1),('-','2021-01-11 11:43:11','-','2021-01-11 11:43:11',0,2089,'Number of workshop conducted in promoting rainwater harvesting systems*',' ',0,0,0,0,3,1,61,3,13,NULL,NULL,NULL,NULL,NULL,0,NULL,4,'Number of workshop conducted in promoting rainwater harvesting systems*',NULL,NULL,NULL,NULL,NULL,' ',1),('-','2021-01-11 11:43:11','-','2021-01-11 11:43:11',0,2090,'Number of workshop conducted in promoting guidelines for disaster resilient buildings*',' ',0,0,0,0,3,1,61,3,13,NULL,NULL,NULL,NULL,NULL,0,NULL,4,'Number of workshop conducted in promoting guidelines for disaster resilient buildings*',NULL,NULL,NULL,NULL,NULL,' ',1),('-','2021-01-11 11:43:11','-','2021-01-11 11:43:11',0,2091,'Number of workshop conducted in mainstreaming climate resilience in physical and urban planning*','10',0,0,0,0,3,1,61,3,13,NULL,NULL,NULL,NULL,NULL,0,NULL,4,'Number of workshop conducted in mainstreaming climate resilience in physical and urban planning*',NULL,'1000',NULL,NULL,NULL,' ',1),('-','2021-01-11 11:43:11','-','2021-01-11 11:43:11',0,2092,'% of houses with green roofing in urban areas*','4',0,0,0,0,3,1,52,3,13,NULL,NULL,NULL,NULL,NULL,0,NULL,4,'% of houses with green roofing in urban areas*','3','6',NULL,NULL,NULL,' ',1),('-','2021-01-11 11:43:11','-','2021-01-11 11:43:11',0,2093,'% of urban greenery, including parks, trees, shrubs, and grass*','5',0,0,0,0,3,1,52,3,13,NULL,NULL,NULL,NULL,NULL,0,NULL,4,'% of urban greenery, including parks, trees, shrubs, and grass*','5','5',NULL,NULL,NULL,' ',1),('-','2021-01-11 11:43:11','-','2021-01-11 11:43:11',0,2094,'% of urban greenery, including parks, trees, shrubs, and grass.',' ',0,0,0,0,3,1,52,3,13,NULL,NULL,NULL,NULL,NULL,0,NULL,4,'% of urban greenery, including parks, trees, shrubs, and grass.','0','1',NULL,NULL,NULL,' ',1),('-','2021-01-11 11:43:11','-','2021-01-11 11:43:11',0,2095,'% of usage of pit latrines and septic tanks*','83',0,0,0,0,3,1,52,3,13,NULL,NULL,NULL,NULL,NULL,0,NULL,4,'% of usage of pit latrines and septic tanks*','75','89',NULL,NULL,NULL,' ',1),('-','2021-01-11 11:43:11','-','2021-01-11 11:43:11',0,2096,'Accessibility to public transport*','10',0,0,0,0,3,1,52,3,13,NULL,NULL,NULL,NULL,NULL,0,NULL,4,'Accessibility to public transport*','8','12',NULL,NULL,NULL,' ',1),('-','2021-01-11 11:43:11','-','2021-01-11 11:43:11',0,2097,'Attributed deaths due to vector born diseases*','1',0,0,0,0,3,1,52,3,13,NULL,NULL,NULL,NULL,NULL,0,NULL,4,'Attributed deaths due to vector born diseases*','1','1',NULL,NULL,NULL,' ',1),('-','2021-01-11 11:43:11','-','2021-01-11 11:43:11',0,2098,'Availability of non motorized transport systems - areas under purview of DCS*and UDA','5',0,0,0,0,3,1,52,3,13,NULL,NULL,NULL,NULL,NULL,0,NULL,4,'Availability of non motorized transport systems - areas under purview of DCS*and UDA','3','7',NULL,NULL,NULL,' ',1),('-','2021-01-11 11:43:11','-','2021-01-11 11:43:11',0,2099,'Biomass energy generation in urban areas*','7',0,0,0,0,3,1,52,3,13,NULL,NULL,NULL,NULL,NULL,0,NULL,4,'Biomass energy generation in urban areas*','5','9',NULL,NULL,NULL,' ',1),('-','2021-01-11 11:43:11','-','2021-01-11 11:43:11',0,2100,'Building density in urban areas*','20',0,0,0,0,3,1,52,3,13,NULL,NULL,NULL,NULL,NULL,0,NULL,4,'Building density in urban areas*','15','23',NULL,NULL,NULL,' ',1),('-','2021-01-11 11:43:11','-','2021-01-11 11:43:11',0,2101,'Density of slum dwelling population in Cities','15',0,0,0,0,3,1,52,3,13,NULL,NULL,NULL,NULL,NULL,0,NULL,4,'Density of slum dwelling population in Cities','12','20',NULL,NULL,NULL,' ',1),('-','2021-01-11 11:43:11','-','2021-01-11 11:43:11',0,2102,'Demarcation of vulnerable coastal areas*','0.1',0,0,0,0,3,1,54,3,13,NULL,NULL,NULL,NULL,NULL,0,NULL,4,'Demarcation of vulnerable coastal areas*','8','15',NULL,NULL,NULL,' ',1),('-','2021-01-11 11:43:11','-','2021-01-11 11:43:11',0,2103,'Energy efficiency in buildings*','0.08',0,0,0,0,3,1,52,3,13,NULL,NULL,NULL,NULL,NULL,0,NULL,4,'Energy efficiency in buildings*','0.05','0.1',NULL,NULL,NULL,' ',1),('-','2021-01-11 11:43:11','-','2021-01-11 11:43:11',0,2104,'Disasters experienced due to poor design of infrastructure*','121',0,0,0,0,3,1,61,3,13,NULL,NULL,NULL,NULL,NULL,0,NULL,4,'Disasters experienced due to poor design of infrastructure*',NULL,NULL,NULL,NULL,NULL,' ',1),('-','2021-01-11 11:43:11','-','2021-01-11 11:43:11',0,2105,'Documents published on contacting appropriate sector specific building standards for urban, rural and estate sectors by NBRO/UDA/NPPD*','6',0,0,0,0,3,1,61,3,13,NULL,NULL,NULL,NULL,NULL,0,NULL,4,'Documents published on contacting appropriate sector specific building standards for urban, rural and estate sectors by NBRO/UDA/NPPD*',NULL,NULL,NULL,NULL,NULL,' ',1),('-','2021-01-11 11:43:11','-','2021-01-11 11:43:11',0,2106,'Height  of buildings in urban areas*','100',0,0,0,0,3,1,61,3,13,NULL,NULL,NULL,NULL,NULL,0,NULL,4,'Height  of buildings in urban areas*','10','200',NULL,NULL,NULL,' ',1),('-','2021-01-11 11:43:11','-','2021-01-11 11:43:11',0,2107,'Information on document on contacting green building concepts*','2',0,0,0,0,3,1,61,3,13,NULL,NULL,NULL,NULL,NULL,0,NULL,4,'Information on document on contacting green building concepts*','2','2',NULL,NULL,NULL,' ',1),('-','2021-01-11 11:43:11','-','2021-01-11 11:43:11',0,2108,'Land use patterns','1',0,0,0,0,3,1,61,3,13,NULL,NULL,NULL,NULL,NULL,0,NULL,4,'Land use patterns','1','1',NULL,NULL,NULL,' ',1),('-','2021-01-11 11:43:11','-','2021-01-11 11:43:11',0,2109,'Number of awareness  workshops conducted in promoting coastal sector specific building standards*','1',0,0,0,0,3,1,61,3,13,NULL,NULL,NULL,NULL,NULL,0,NULL,4,'Number of awareness  workshops conducted in promoting coastal sector specific building standards*','1','1',NULL,NULL,NULL,' ',1),('-','2021-01-11 11:43:11','-','2021-01-11 11:43:11',0,2110,'Number of awareness programmes conducted at the Local government levels to Strengthen the enforcement and implementation of procedures and guidelines on building approval systems s to ensure climate resilience through Local governments*','30',0,0,0,0,3,1,61,3,13,NULL,NULL,NULL,NULL,NULL,0,NULL,4,'Number of awareness programmes conducted at the Local government levels to Strengthen the enforcement and implementation of procedures and guidelines on building approval systems s to ensure climate resilience through Local governments*','25','40',NULL,NULL,NULL,' ',1),('-','2021-01-11 11:43:11','-','2021-01-11 11:43:11',0,2111,'Number of awareness programmes conducted in promoting use of alternative materials  and climate and disaster resilient building designs*','20',0,0,0,0,3,1,61,3,13,NULL,NULL,NULL,NULL,NULL,0,NULL,4,'Number of awareness programmes conducted in promoting use of alternative materials  and climate and disaster resilient building designs*','12','25',NULL,NULL,NULL,' ',1),('-','2021-01-11 11:43:11','-','2021-01-11 11:43:11',0,2112,'Number of awareness programmes conducted/facilitated by NBRO, NPPD, UDA in developing and enforcing  zoning system based on hazard vulnerability*','2',0,0,0,0,3,1,61,3,13,NULL,NULL,NULL,NULL,NULL,0,NULL,4,'Number of awareness programmes conducted/facilitated by NBRO, NPPD, UDA in developing and enforcing  zoning system based on hazard vulnerability*',NULL,NULL,NULL,NULL,NULL,' ',1),('-','2021-01-11 11:43:11','-','2021-01-11 11:43:11',0,2113,'Number of coastal development programmes conducted to adapt sea level rising, sea erosion*','3',0,0,0,0,3,1,61,3,13,NULL,NULL,NULL,NULL,NULL,0,NULL,4,'Number of coastal development programmes conducted to adapt sea level rising, sea erosion*',NULL,NULL,NULL,NULL,NULL,' ',1),('-','2021-01-11 11:43:11','-','2021-01-11 11:43:11',0,2114,'Number of deaths and injuries from climate induced disasters in urban areas*','1375',0,0,0,0,3,1,61,3,13,NULL,NULL,NULL,NULL,NULL,0,NULL,4,'Number of deaths and injuries from climate induced disasters in urban areas*','15','382',NULL,NULL,NULL,' ',1),('-','2021-01-11 11:43:11','-','2021-01-11 11:43:11',0,2115,'Number of Disasters occurred due to infrastructure not being climate responsive* recorded by UDA, CEA, NBRO','31903',0,0,0,0,3,1,61,3,13,NULL,NULL,NULL,NULL,NULL,0,NULL,4,'Number of Disasters occurred due to infrastructure not being climate responsive* recorded by UDA, CEA, NBRO',NULL,NULL,NULL,NULL,NULL,' ',1),('-','2021-01-11 11:43:11','-','2021-01-11 11:43:11',0,2116,'Number of displacement and population movement from coastal areas due to sea level rise - recorded by UDAand CEA',' ',0,0,0,0,3,1,61,3,13,NULL,NULL,NULL,NULL,NULL,0,NULL,4,'Number of displacement and population movement from coastal areas due to sea level rise - recorded by UDAand CEA',NULL,NULL,NULL,NULL,NULL,' ',1),('-','2021-01-11 11:43:11','-','2021-01-11 11:43:11',0,2117,'Number of families affected  with property damages due to extreme weather events*','61023',0,0,0,0,3,1,61,3,13,NULL,NULL,NULL,NULL,NULL,0,NULL,4,'Number of families affected  with property damages due to extreme weather events*',NULL,'200000',NULL,NULL,NULL,' ',1),('-','2021-01-11 11:43:11','-','2021-01-11 11:43:11',0,2118,'Number of families recorded with water shortages - - under purview of UDA and NBRO*','175000',0,0,0,0,3,1,61,3,13,NULL,NULL,NULL,NULL,NULL,0,NULL,4,'Number of families recorded with water shortages - - under purview of UDA and NBRO*',NULL,'1000000',NULL,NULL,NULL,' ',1),('-','2021-01-11 11:43:11','-','2021-01-11 11:43:11',0,2119,'Number of guidelines  prepared and published for human settlements and infrastructure in vulnerable zones by NBRO*and UDA','1',0,0,0,0,3,1,61,3,13,NULL,NULL,NULL,NULL,NULL,0,NULL,4,'Number of guidelines  prepared and published for human settlements and infrastructure in vulnerable zones by NBRO*and UDA',NULL,'100',NULL,NULL,NULL,' ',1),('-','2021-01-11 11:43:11','-','2021-01-11 11:43:11',0,2120,'Number of housing units classified as temporary and unauthorized structures*','120000',0,0,0,0,3,1,61,3,13,NULL,NULL,NULL,NULL,NULL,0,NULL,4,'Number of housing units classified as temporary and unauthorized structures*',NULL,'10000000',NULL,NULL,NULL,' ',1),('-','2021-01-11 11:43:11','-','2021-01-11 11:43:11',0,2121,'Number of permanently/temporarily displaced and directly/indirectly affected people*','120000',0,0,0,0,3,1,61,3,13,NULL,NULL,NULL,NULL,NULL,0,NULL,4,'Number of permanently/temporarily displaced and directly/indirectly affected people*',NULL,'1000000',NULL,NULL,NULL,' ',1),('-','2021-01-11 11:43:11','-','2021-01-11 11:43:11',0,2122,'Number of quarterly monitoring reports prepared/supported by CCCRM on sea level rise and sea erosion*','4',0,0,0,0,3,1,61,3,13,NULL,NULL,NULL,NULL,NULL,0,NULL,4,'Number of quarterly monitoring reports prepared/supported by CCCRM on sea level rise and sea erosion*',NULL,'100',NULL,NULL,NULL,' ',1),('-','2021-01-11 11:43:11','-','2021-01-11 11:43:11',0,2123,'Number of quarterly monitoring reports prepared/supported by NAQDA on sea level rise and sea erosion*','4',0,0,0,0,3,1,61,3,13,NULL,NULL,NULL,NULL,NULL,0,NULL,4,'Number of quarterly monitoring reports prepared/supported by NAQDA on sea level rise and sea erosion*',NULL,'100',NULL,NULL,NULL,' ',1),('-','2021-01-11 11:43:11','-','2021-01-11 11:43:11',0,2124,'Number of research activities conducted to assess climate impacts*','200',0,0,0,0,3,1,61,3,13,NULL,NULL,NULL,NULL,NULL,0,NULL,4,'Number of research activities conducted to assess climate impacts*',NULL,'10000',NULL,NULL,NULL,' ',1),('-','2021-01-11 11:43:11','-','2021-01-11 11:43:11',0,2125,'Number of training programmes conducted for industry stakeholders on coastal settlements and infrastructure*',' ',0,0,0,0,3,1,61,3,13,NULL,NULL,NULL,NULL,NULL,0,NULL,4,'Number of training programmes conducted for industry stakeholders on coastal settlements and infrastructure*',NULL,NULL,NULL,NULL,NULL,' ',1),('-','2021-01-11 11:43:11','-','2021-01-11 11:43:11',0,2126,'Number of transport facilities including boats available in flood prone areas*',' ',0,0,0,0,3,1,61,3,13,NULL,NULL,NULL,NULL,NULL,0,NULL,4,'Number of transport facilities including boats available in flood prone areas*',NULL,NULL,NULL,NULL,NULL,' ',1),('-','2021-01-11 11:43:11','-','2021-01-11 11:43:11',0,2127,'Number of urban corridors*',' ',0,0,0,0,3,1,61,3,13,NULL,NULL,NULL,NULL,NULL,0,NULL,4,'Number of urban corridors*',NULL,NULL,NULL,NULL,NULL,' ',1),('-','2021-01-11 11:43:11','-','2021-01-11 11:43:11',0,2128,'Number of training programmes conducted/facilitated by NPPD and UDAfor industry stakeholders for promoting disaster resilient buildings*','7',0,0,0,0,3,1,61,3,13,NULL,NULL,NULL,NULL,NULL,0,NULL,4,'Number of training programmes conducted/facilitated by NPPD and UDAfor industry stakeholders for promoting disaster resilient buildings*',NULL,'1000',NULL,NULL,NULL,' ',1),('-','2021-01-11 11:43:11','-','2021-01-11 11:43:11',0,2129,'Number of  deaths due to water born diseases*','0.01',0,0,0,0,3,1,52,3,13,NULL,NULL,NULL,NULL,NULL,0,NULL,4,'Number of  deaths due to water born diseases*','0.01','0.02',NULL,NULL,NULL,' ',1),('-','2021-01-11 11:43:11','-','2021-01-11 11:43:11',0,2130,'Materials used in urban infrastructure (i.e. roofing/paving)*','0.9',0,0,0,0,3,1,52,3,13,NULL,NULL,NULL,NULL,NULL,0,NULL,4,'Materials used in urban infrastructure (i.e. roofing/paving)*','0.75','0.95',NULL,NULL,NULL,' ',1),('-','2021-01-11 11:43:11','-','2021-01-11 11:43:11',0,2131,'Loss of productive/residential land area*','0.03',0,0,0,0,3,1,52,3,13,NULL,NULL,NULL,NULL,NULL,0,NULL,4,'Loss of productive/residential land area*','0.02','0.03',NULL,NULL,NULL,' ',1),('-','2021-01-11 11:43:11','-','2021-01-11 11:43:11',0,2132,'Improvement to drainage and sewerage systems to avoid periodic overcrowding - under purview of NWS&DB*and UDA','0.1',0,0,0,0,3,1,52,3,13,NULL,NULL,NULL,NULL,NULL,0,NULL,4,'Improvement to drainage and sewerage systems to avoid periodic overcrowding - under purview of NWS&DB*and UDA','0.15','0.30',NULL,NULL,NULL,' ',1),('-','2021-01-11 11:43:11','-','2021-01-11 11:43:11',0,2133,'Impacts on ecosystem services*','0.1',0,0,0,0,3,1,52,3,13,NULL,NULL,NULL,NULL,NULL,0,NULL,4,'Impacts on ecosystem services*','0.08','0.15',NULL,NULL,NULL,' ',1),('-','2021-01-11 11:43:11','-','2021-01-11 11:43:11',0,2134,'Impacts on crops and agricultural systems and on disease vectors*','0.2',0,0,0,0,3,1,52,3,13,NULL,NULL,NULL,NULL,NULL,0,NULL,4,'Impacts on crops and agricultural systems and on disease vectors*','0.08','0.12',NULL,NULL,NULL,' ',1),('-','2021-01-11 11:43:11','-','2021-01-11 11:43:11',0,2135,'Extent and allocation of Settlement development*','4184',0,0,0,0,3,1,57,3,13,NULL,NULL,NULL,NULL,NULL,0,NULL,4,'Extent and allocation of Settlement development*',NULL,NULL,NULL,NULL,NULL,' ',1),('-','2021-01-11 11:43:11','-','2021-01-11 11:43:11',0,2136,'Average fuel economy of diesel buses under NTC purview','4',0,0,0,0,3,1,51,2,3,NULL,NULL,NULL,NULL,NULL,0,NULL,4,'Average fuel economy of diesel buses under NTC purview',NULL,'30',NULL,NULL,NULL,' ',1),('-','2021-01-11 11:43:11','-','2021-01-11 11:43:11',0,2137,'Average Fuel Economy of Diesel Cars','8',0,0,0,0,3,1,51,2,3,NULL,NULL,NULL,NULL,NULL,0,NULL,4,'Average Fuel Economy of Diesel Cars',NULL,'50',NULL,NULL,NULL,' ',NULL),('-','2021-01-11 11:43:11','-','2021-01-11 11:43:11',0,2138,'Average speed of buses under NTC purview in road class A','30',0,0,0,0,3,1,67,2,3,NULL,NULL,NULL,NULL,NULL,0,NULL,4,'Average speed of buses under NTC purview in road class A',NULL,'60',NULL,NULL,NULL,' ',NULL),('-','2021-01-11 11:43:11','-','2021-01-11 11:43:11',0,2139,'Average speed of buses under NTC purview in road class B','30',0,0,0,0,3,1,67,2,3,NULL,NULL,NULL,NULL,NULL,0,NULL,4,'Average speed of buses under NTC purview in road class B',NULL,'60',NULL,NULL,NULL,' ',NULL),('-','2021-01-11 11:43:11','-','2021-01-11 11:43:11',0,2140,'Average speed of buses under NTC purview in road class C','30',0,0,0,0,3,1,67,2,3,NULL,NULL,NULL,NULL,NULL,0,NULL,4,'Average speed of buses under NTC purview in road class C',NULL,'60',NULL,NULL,NULL,' ',1),('-','2021-01-11 11:43:11','-','2021-01-11 11:43:11',0,2141,'Average speed of buses under NTC purview in road class D','30',0,0,0,0,3,1,67,2,3,NULL,NULL,NULL,NULL,NULL,0,NULL,4,'Average speed of buses under NTC purview in road class D',NULL,'60',NULL,NULL,NULL,' ',NULL),('-','2021-01-11 11:43:11','-','2021-01-11 11:43:11',0,2142,'Average speed of SLTB buses in  road class E','80',0,0,0,0,3,1,67,2,3,NULL,NULL,NULL,NULL,NULL,0,NULL,4,'Average speed of SLTB buses in  road class E','80','110',NULL,NULL,NULL,' ',NULL),('-','2021-01-11 11:43:11','-','2021-01-11 11:43:11',0,2143,'Average speed of SLTB buses in  road class A','30',0,0,0,0,3,1,67,2,3,NULL,NULL,NULL,NULL,NULL,0,NULL,4,'Average speed of SLTB buses in  road class A',NULL,'60',NULL,NULL,NULL,' ',NULL),('-','2021-01-11 11:43:11','-','2021-01-11 11:43:11',0,2144,'Average speed of SLTB buses in  road class B','30',0,0,0,0,3,1,67,2,3,NULL,NULL,NULL,NULL,NULL,0,NULL,4,'Average speed of SLTB buses in  road class B',NULL,'60',NULL,NULL,NULL,' ',1),('-','2021-01-11 11:43:11','-','2021-01-11 11:43:11',0,2145,'Average speed of SLTB buses in  road class C','30',0,0,0,0,3,1,67,2,3,NULL,NULL,NULL,NULL,NULL,0,NULL,4,'Average speed of SLTB buses in  road class C',NULL,'60',NULL,NULL,NULL,' ',NULL),('-','2021-01-11 11:43:11','-','2021-01-11 11:43:11',0,2146,'Average speed of SLTB buses in  road class D','30',0,0,0,0,3,1,67,2,3,NULL,NULL,NULL,NULL,NULL,0,NULL,4,'Average speed of SLTB buses in  road class D',NULL,'60',NULL,NULL,NULL,' ',NULL),('-','2021-01-11 11:43:11','-','2021-01-11 11:43:11',0,2147,'Average vehicle occupancy of buses under NTC purview','20',0,0,0,0,3,1,61,2,3,NULL,NULL,NULL,NULL,NULL,0,NULL,4,'Average vehicle occupancy of buses under NTC purview',NULL,'200',NULL,NULL,NULL,' ',NULL),('-','2021-01-11 11:43:11','-','2021-01-11 11:43:11',0,2148,'Average vehicle occupancy of SLTB buses','20',0,0,0,0,3,1,61,2,3,NULL,NULL,NULL,NULL,NULL,0,NULL,4,'Average vehicle occupancy of SLTB buses',NULL,'200',NULL,NULL,NULL,' ',1),('-','2021-01-11 11:43:11','-','2021-01-11 11:43:11',0,2149,'Density of Jet Kerosene','750',0,0,0,0,3,1,79,2,3,NULL,NULL,NULL,NULL,NULL,0,NULL,4,'Density of Jet Kerosene',NULL,'1500',NULL,NULL,NULL,' ',NULL),('-','2021-01-11 11:43:11','-','2021-01-11 11:43:11',0,2150,'Difficult rail track locations',' ',0,0,0,0,3,1,NULL,2,3,NULL,NULL,NULL,NULL,NULL,0,NULL,4,'Difficult rail track locations',NULL,NULL,NULL,NULL,NULL,' ',NULL),('-','2021-01-11 11:43:11','-','2021-01-11 11:43:11',0,2151,'Investments on Transport sector by State Ministry of Vehicle Regulation, Bus Transport Services and Train Compartments and Motor Car Industry','25',0,0,0,0,3,1,85,2,3,NULL,NULL,NULL,NULL,NULL,0,NULL,4,'Investments on Transport sector by State Ministry of Vehicle Regulation, Bus Transport Services and Train Compartments and Motor Car Industry',NULL,'125',NULL,NULL,NULL,' ',NULL),('-','2021-01-11 11:43:11','-','2021-01-11 11:43:11',0,2152,'Land area (small holdings and Estate sector) under purview of CRI*',' ',0,0,0,0,3,1,NULL,3,4,NULL,NULL,NULL,NULL,NULL,0,NULL,4,'Land area (small holdings and Estate sector) under purview of CRI*',NULL,NULL,NULL,NULL,NULL,' ',1),('-','2021-01-11 11:43:11','-','2021-01-11 11:43:11',0,2153,'No of people in Sri Lanka','23000000',0,0,0,0,3,1,NULL,2,6,NULL,NULL,NULL,NULL,NULL,0,NULL,4,'No of people in Sri Lanka',NULL,'50000000',NULL,NULL,NULL,' ',NULL),('-','2021-01-11 11:43:11','-','2021-01-11 11:43:11',0,2154,'Estimated no of Households having own pits (national)','3000000',0,0,0,0,3,1,NULL,2,6,NULL,NULL,NULL,NULL,NULL,0,NULL,4,'Estimated no of Households having own pits (national)',NULL,'10000000',NULL,NULL,NULL,' ',NULL),('-','2021-01-11 11:43:11','-','2021-01-11 11:43:11',0,2155,'Average no of people in a household in Sri Lanka','4.5',0,0,0,0,3,1,NULL,2,6,NULL,NULL,NULL,NULL,NULL,0,NULL,4,'Average no of people in a household in Sri Lanka','1','25',NULL,NULL,NULL,' ',NULL),('-','2021-01-11 11:43:11','-','2021-01-11 11:43:11',0,2156,'Total volume of wastewater directly handled by ANAEROBIC treatments plants under LAs in NSWMSC area(m3/Day)','20000000',0,0,0,0,3,1,76,2,6,NULL,NULL,NULL,NULL,NULL,0,NULL,4,'the amount of waste water handleed by anaerobic treatment plants which are under local authorities and in the provinces other than western province',NULL,'100000000',NULL,NULL,NULL,' ',1),('-','2021-01-11 11:43:11','-','2021-01-11 11:43:11',0,2157,'Total volume of wastewater directly handled by aerobic treatments plants under LAs in NSWMSC area(m3/Day)','20000000',0,0,0,0,3,1,76,2,6,NULL,NULL,NULL,NULL,NULL,0,NULL,4,'the amount of waste water handleed by aerobic treatment plants which are under local authorities and in the provinces other than western province',NULL,'100000000',NULL,NULL,NULL,' ',1),('-','2021-01-11 11:43:11','-','2021-01-11 11:43:11',0,2158,'Total volume of wastewater directly handled by anaerobic treatments plants under LAs in WPWMA area (m3/Day)','20000000',0,0,0,0,3,1,76,2,6,NULL,NULL,NULL,NULL,NULL,0,NULL,4,'the amount of waste water handleed by anaerobic treatment plants which are under local authorities and in the provinces other than western province',NULL,'100000000',NULL,NULL,NULL,' ',1),('-','2021-01-11 11:43:11','-','2021-01-11 11:43:11',0,2159,'Total volume of wastewater directly handled by treatments plants under LAs in WPWMA area(m3/Day)','20000000',0,0,0,0,3,1,76,2,6,NULL,NULL,NULL,NULL,NULL,0,NULL,4,'the amount of waste water handleed by aerobic treatment plants which are under local authorities and in the western province',NULL,'100000000',NULL,NULL,NULL,' ',1),('-','2021-01-11 11:43:11','-','2021-01-11 11:43:11',0,2160,'Total volume of wastewater directly handled by aerobic treatments plants under LAs  in WPWMA area(m3/Day)','20000000',0,0,0,0,3,1,76,2,6,NULL,NULL,NULL,NULL,NULL,0,NULL,4,'the amount of waste water handleed by aerobic treatment plants which are under local authorities and in the provinces other than western province',NULL,'100000000',NULL,NULL,NULL,' ',1),('-','2021-01-11 11:43:11','-','2021-01-11 11:43:11',0,2161,'Total volume of wastewater handled by NWSDB (m3/year)','20000000',0,0,0,0,3,1,76,2,6,NULL,NULL,NULL,NULL,NULL,0,NULL,4,'the amount of waste water handleed by All treatment plants which are under NWSDB',NULL,'100000000',NULL,NULL,NULL,' ',1),('-','2021-01-11 11:43:11','-','2021-01-11 11:43:11',0,2162,'Total volume of wastewater directly handled by ANAEROBIC treatments plants underNWSDB (m3/Day)','20000000',0,0,0,0,3,1,76,2,6,NULL,NULL,NULL,NULL,NULL,0,NULL,4,'the amount of waste water handleed by anaerobic treatment plants which are under NWSDB',NULL,'100000000',NULL,NULL,NULL,' ',1),('-','2021-01-11 11:43:11','-','2021-01-11 11:43:11',0,2163,'Total volume of wastewater directly handled by AEROBIC treatments plants underNWSDB (m3/Day)','20000000',0,0,0,0,3,1,76,2,6,NULL,NULL,NULL,NULL,NULL,0,NULL,4,'the amount of waste water handleed by aerobic treatment plants which are underNWSDB',NULL,'100000000',NULL,NULL,NULL,' ',1),('-','2021-01-11 11:43:11','-','2021-01-11 11:43:11',0,2164,'Quantity of domestic waste water discharge for each anaerobically treated plants  under purview of NWS&DB','20000000',0,0,0,0,3,1,76,2,6,NULL,NULL,NULL,NULL,NULL,0,NULL,4,'the amount of waste water handleed by anaerobic treatment plants which are underNWSDB',NULL,'100000000',NULL,NULL,NULL,' ',1),('-','2021-01-11 11:43:11','-','2021-01-11 11:43:11',0,2165,'Quantity of Oil and grease in each anaerobic waste water treatment plant under purview of NWS&DB*','5',0,0,0,0,3,1,76,2,6,NULL,NULL,NULL,NULL,NULL,0,NULL,4,'Oil and Grease value in waste water based on treatment plant type  ( anaerobic)',NULL,'1000',NULL,NULL,NULL,' ',1),('-','2021-01-11 11:43:11','-','2021-01-11 11:43:11',0,2166,' \"Quantity of domestic waste water discharge for each aerobically treated plant  under purview of NWS&DB\"','20000000',0,0,0,0,3,1,76,2,6,NULL,NULL,NULL,NULL,NULL,0,NULL,4,'the amount of waste water handleed by aerobic treatment plants which are underNWSDB',NULL,'100000000',NULL,NULL,NULL,' ',1),('-','2021-01-11 11:43:11','-','2021-01-11 11:43:11',0,2167,'Quantity of sewer transported by gully bowsers (septic tank overflows) for disposal (m3) under purview LA\'s in NSWMSC area','20000000',0,0,0,0,3,1,76,2,6,NULL,NULL,NULL,NULL,NULL,0,NULL,4,'waste water transported using gullery bowsers daily amounts',NULL,'100000000',NULL,NULL,NULL,' ',1),('-','2021-01-11 11:43:11','-','2021-01-11 11:43:11',0,2168,'Quantity of sewer transported by gully bowsers (septic tank overflows) for disposal (m3) under purview LA\'s in WPWMA area','20000000',0,0,0,0,3,1,76,2,6,NULL,NULL,NULL,NULL,NULL,0,NULL,4,'waste water transported using gullery bowsers daily amounts',NULL,'100000000',NULL,NULL,NULL,' ',1),('-','2021-01-11 11:43:11','-','2021-01-11 11:43:11',0,2169,'Industrial waste water discharge (BOI Zone) under purview of LA s in NSWMSC area','20000000',0,0,0,0,3,1,76,2,6,NULL,NULL,NULL,NULL,NULL,0,NULL,4,'waste water from BOI zones to systems managed by LA s in provinces other than western',NULL,'100000000',NULL,NULL,NULL,' ',1),('-','2021-01-11 11:43:11','-','2021-01-11 11:43:11',0,2170,'Industrial waste water discharge (BOI Zone) under purview of LA s in WPWMA area','20000000',0,0,0,0,3,1,76,2,6,NULL,NULL,NULL,NULL,NULL,0,NULL,4,'waste water from BOI zones to systems managed by LA s in western province',NULL,'100000000',NULL,NULL,NULL,' ',1),('-','2021-01-11 11:43:11','-','2021-01-11 11:43:11',0,2171,'Total quantity of waste water discharged by  All Industries under perview of CEA','20000000',0,0,0,0,3,1,76,2,6,NULL,NULL,NULL,NULL,NULL,0,NULL,4,'Total waste water from all industries coming under CEA perview',NULL,'100000000',NULL,NULL,NULL,' ',1),('-','2021-01-11 11:43:11','-','2021-01-11 11:43:11',0,2172,'Quantity of waste water treated under aerobic conditions by Brewery industry under purview of CEA','20000000',0,0,0,0,3,1,76,2,6,NULL,NULL,NULL,NULL,NULL,0,NULL,4,'amount of daily waste water from brewery industry treated aerobic and under perview of CEA',NULL,'100000000',NULL,NULL,NULL,' ',1),('-','2021-01-11 11:43:11','-','2021-01-11 11:43:11',0,2173,'Quantity of waste water treated under anaerobic conditions by Brewery industry under purview of CEA','20000000',0,0,0,0,3,1,76,2,6,NULL,NULL,NULL,NULL,NULL,0,NULL,4,'amount of daily waste water from brewery industry treated anaerobic and under perview of CEA',NULL,'100000000',NULL,NULL,NULL,' ',1),('-','2021-01-11 11:43:11','-','2021-01-11 11:43:11',0,2174,'Quantity of waste water treated under aerobic conditions by Canneries industry under purview of CEA*','20000000',0,0,0,0,3,1,76,2,6,NULL,NULL,NULL,NULL,NULL,0,NULL,4,'amount of daily waste water from canneries industry treated aerobic and under perview of CEA',NULL,'100000000',NULL,NULL,NULL,' ',1),('-','2021-01-11 11:43:11','-','2021-01-11 11:43:11',0,2175,'Quantity of waste water treated under anaerobic conditions by Canneries industry under purview of CEA','20000000',0,0,0,0,3,1,76,2,6,NULL,NULL,NULL,NULL,NULL,0,NULL,4,'amount of daily waste water from Canneries industry treated anaerobic and under perview of CEA',NULL,'100000000',NULL,NULL,NULL,' ',1),('-','2021-01-11 11:43:11','-','2021-01-11 11:43:11',0,2176,'Quantity of waste water treated aerobically by dairy industry under purview of CEA','20000000',0,0,0,0,3,1,76,2,6,NULL,NULL,NULL,NULL,NULL,0,NULL,4,'amount of daily waste water from Dairy industry treated aerobic and under perview of CEA',NULL,'100000000',NULL,NULL,NULL,' ',1),('-','2021-01-11 11:43:11','-','2021-01-11 11:43:11',0,2177,'Quantity of waste water treated anaerobically by dairy industry under purview of CEA','20000000',0,0,0,0,3,1,76,2,6,NULL,NULL,NULL,NULL,NULL,0,NULL,4,'amount of daily waste water from Dairy industry treated anaerobic and under perview of CEA',NULL,'100000000',NULL,NULL,NULL,' ',1),('-','2021-01-11 11:43:11','-','2021-01-11 11:43:11',0,2178,'Quantity of waste water treated aerobicall  by sugar industry under purview of CEA','20000000',0,0,0,0,3,1,76,2,6,NULL,NULL,NULL,NULL,NULL,0,NULL,4,'amount of daily waste water from Sugar industry treated aerobic and under perview of CEA',NULL,'100000000',NULL,NULL,NULL,' ',1),('-','2021-01-11 11:43:11','-','2021-01-11 11:43:11',0,2179,'Quantity of waste water treated anaerobicall  by sugar industry under purview of CEA','20000000',0,0,0,0,3,1,76,2,6,NULL,NULL,NULL,NULL,NULL,0,NULL,4,'amount of daily waste water from Sugar industry treated anaerobic and under perview of CEA',NULL,'100000000',NULL,NULL,NULL,' ',1),('-','2021-01-11 11:43:11','-','2021-01-11 11:43:11',0,2180,'Quantity of waste water treated aerobically by apparel industry (wash garments and fabrics) under purview of CEA','20000000',0,0,0,0,3,1,76,2,6,NULL,NULL,NULL,NULL,NULL,0,NULL,4,'amount of daily waste water from Apperal industry treated aerobic and under perview of CEA',NULL,'100000000',NULL,NULL,NULL,' ',1),('-','2021-01-11 11:43:11','-','2021-01-11 11:43:11',0,2181,'Quantity of waste water treated anaerobically by apparel industry (wash garments and fabrics) under purview of CEA','20000000',0,0,0,0,3,1,76,2,6,NULL,NULL,NULL,NULL,NULL,0,NULL,4,'amount of daily waste water from Apperal industry treated anaerobic and under perview of CEA',NULL,'100000000',NULL,NULL,NULL,' ',1),('-','2021-01-11 11:43:11','-','2021-01-11 11:43:11',0,2182,'Quantitiy of waste water of hotels  connected to central sewer lines supported by CMC,SLTDA','20000000',0,0,0,0,3,1,76,2,6,NULL,NULL,NULL,NULL,NULL,0,NULL,4,'quantiity of waste water treated by central plants',NULL,'100000000',NULL,NULL,NULL,' ',1),('-','2021-01-11 11:43:11','-','2021-01-11 11:43:11',0,2183,'Quantitiy of waste water of hotels  connected to own ( Individual) treatment plants monitered by CEA','20000000',0,0,0,0,3,1,76,2,6,NULL,NULL,NULL,NULL,NULL,0,NULL,4,'quantiity of waste water treated by individual systems - monitered by CEA',NULL,'100000000',NULL,NULL,NULL,' ',1),('-','2021-01-11 11:43:11','-','2021-01-11 11:43:11',0,2184,'Total quantity of waste water discharged by  All Industries under perview of BoI','20000000',0,0,0,0,3,1,76,2,6,NULL,NULL,NULL,NULL,NULL,0,NULL,4,'quantiity of waste water treated by central plants under BOI perview for all industries',NULL,'100000000',NULL,NULL,NULL,' ',1),('-','2021-01-11 11:43:11','-','2021-01-11 11:43:11',0,2185,'Quantitiy of waste water treated under aerobic condictions (BOI Zone) under preview of NWSDB','20000000',0,0,0,0,3,1,76,2,6,NULL,NULL,NULL,NULL,NULL,0,NULL,4,'quantiity of waste water treated by central plants by NWSDB under BOI perview for all industries',NULL,'100000000',NULL,NULL,NULL,' ',1),('-','2021-01-11 11:43:11','-','2021-01-11 11:43:11',0,2186,'Quantitiy of waste water treated under anaerobic condictions (BOI Zone) under preview of NWSDB','20000000',0,0,0,0,3,1,76,2,6,NULL,NULL,NULL,NULL,NULL,0,NULL,4,'quantiity of waste water treated anaerobically from central plants by NWSDB under BOI perview for all industries',NULL,'100000000',NULL,NULL,NULL,' ',1),('-','2021-01-11 11:43:11','-','2021-01-11 11:43:11',0,2187,'Quantitiy of waste water treated under aerobic condictions (BOI Zone) under Privatley managed','20000000',0,0,0,0,3,1,76,2,6,NULL,NULL,NULL,NULL,NULL,0,NULL,4,'quantiity of waste water treated by aerobic central plants under BOI perview for all industries',NULL,'100000000',NULL,NULL,NULL,' ',1),('-','2021-01-11 11:43:11','-','2021-01-11 11:43:11',0,2188,'Quantitiy of waste water treated under anaerobic conditions (BOI Zone) under Privatley managed','20000000',0,0,0,0,3,1,76,2,6,NULL,NULL,NULL,NULL,NULL,0,NULL,4,'quantiity of waste water treated by anaerobic central plants under BOI perview for ALL industries',NULL,'100000000',NULL,NULL,NULL,' ',1),('-','2021-01-11 11:43:11','-','2021-01-11 11:43:11',0,2189,'Quantity of waste water treated aerobically by apparel industry (wash garments and fabrics) under purview of BOI','20000000',0,0,0,0,3,1,76,2,6,NULL,NULL,NULL,NULL,NULL,0,NULL,4,'quantiity of waste water treated by aerobic  plants under BOI perview for apperal industries',NULL,'100000000',NULL,NULL,NULL,' ',1),('-','2021-01-11 11:43:11','-','2021-01-11 11:43:11',0,2190,'Quantity of waste water treated anaerobically by apparel industry (wash garments and fabrics) under purview of BOI','20000000',0,0,0,0,3,1,76,2,6,NULL,NULL,NULL,NULL,NULL,0,NULL,4,'quantiity of waste water treated by anaerobic  plants under BOI perview for apperal industries',NULL,'100000000',NULL,NULL,NULL,' ',1),('-','2021-01-11 11:43:11','-','2021-01-11 11:43:11',0,2191,'Quantity of waste water treated aerobically by canneries industry  under purview of BOI','20000000',0,0,0,0,3,1,76,2,6,NULL,NULL,NULL,NULL,NULL,0,NULL,4,'quantiity of waste water treated by aerobic  plants under BOI perview for canneries industries',NULL,'100000000',NULL,NULL,NULL,' ',1),('-','2021-01-11 11:43:11','-','2021-01-11 11:43:11',0,2192,'Quantity of waste water treated anaerobically by canneries industry  under purview of BOI','20000000',0,0,0,0,3,1,76,2,6,NULL,NULL,NULL,NULL,NULL,0,NULL,4,'quantiity of waste water treated by anaerobic  plants under BOI perview for canneries  industries',NULL,'100000000',NULL,NULL,NULL,' ',1),('-','2021-01-11 11:43:11','-','2021-01-11 11:43:11',0,2193,'Quantity of waste water treated aerobically by dairy industry  under purview of BOI','20000000',0,0,0,0,3,1,76,2,6,NULL,NULL,NULL,NULL,NULL,0,NULL,4,'quantiity of waste water treated by aerobic  plants under BOI perview for Dairy industries',NULL,'100000000',NULL,NULL,NULL,' ',1),('-','2021-01-11 11:43:11','-','2021-01-11 11:43:11',0,2194,'Quantity of waste water treated anaerobically by dairy industry  under purview of BOI','20000000',0,0,0,0,3,1,76,2,6,NULL,NULL,NULL,NULL,NULL,0,NULL,4,'quantiity of waste water treated by anaerobic  plants under BOI perview for Dairy  industries',NULL,'100000000',NULL,NULL,NULL,' ',1),('-','2021-01-11 11:43:11','-','2021-01-11 11:43:11',0,2195,'Quantity of waste water treated aerobically by Sugar industry  under purview of BOI','20000000',0,0,0,0,3,1,76,2,6,NULL,NULL,NULL,NULL,NULL,0,NULL,4,'quantiity of waste water treated by aerobic  plants under BOI perview for Sugar industries',NULL,'100000000',NULL,NULL,NULL,' ',1),('-','2021-01-11 11:43:11','-','2021-01-11 11:43:11',0,2196,'Quantity of waste water treated anaerobically by Sugar industry  under purview of BOI','20000000',0,0,0,0,3,1,76,2,6,NULL,NULL,NULL,NULL,NULL,0,NULL,4,'quantiity of waste water treated by anaerobic  plants under BOI perview for Sugar  industries',NULL,'100000000',NULL,NULL,NULL,' ',1),('-','2021-01-11 11:43:11','-','2021-01-11 11:43:11',0,2197,'Quantitiy of waste water of hotels under the perview of BOI','20000000',0,0,0,0,3,1,76,2,6,NULL,NULL,NULL,NULL,NULL,0,NULL,4,'quantiity of waste water treated by anaerobic  plants under BOI perview for Hotels',NULL,'100000000',NULL,NULL,NULL,' ',1),('-','2021-01-11 11:43:11','-','2021-01-11 11:43:11',0,2198,'Total volume of wastewater directly handled by All treatments plants under LAs in NSWMSC area(m3/Day) ','20000000',0,0,0,0,3,1,76,2,6,NULL,NULL,NULL,NULL,NULL,0,NULL,4,'the amount of waste water handleed by aerobic treatment plants which are under local authorities and in the provinces other than western province',NULL,'100000000',NULL,NULL,NULL,' ',1),('-','2021-01-11 11:43:11','-','2021-01-11 11:43:11',0,2199,'Average input  BoD of each anaerobic waste water treatment plant  under LAs in NSWMSC area','1500',0,0,0,0,3,1,53,2,6,NULL,NULL,NULL,NULL,NULL,0,NULL,4,'in put BOD value for each plant and avaraged to be takken as a nnational fiigure for provinces other than western',NULL,'10000',NULL,NULL,NULL,' ',1),('-','2021-01-11 11:43:11','-','2021-01-11 11:43:11',0,2200,'Average input  CoD of each anaerobic waste water treatment plant under  LAs in NSWMSC area','2000',0,0,0,0,3,1,53,2,6,NULL,NULL,NULL,NULL,NULL,0,NULL,4,'in put COD value for each plant and avaraged to be takken as a nnational fiigure for provinces other than western',NULL,'15000',NULL,NULL,NULL,' ',1),('-','2021-01-11 11:43:11','-','2021-01-11 11:43:11',0,2201,'Average Total Kjeldhal Nitregeon TKN ( mg/L) in each anaerobic waste water treatment plant under LAs in NSWMSC area','10',0,0,0,0,3,1,53,2,6,NULL,NULL,NULL,NULL,NULL,0,NULL,4,'amount of nitrigeon in waste water based on treatment plant type ( anaerobic)',NULL,'500',NULL,NULL,NULL,' ',1),('-','2021-01-11 11:43:11','-','2021-01-11 11:43:11',0,2202,'Average Total suspended solids (TSS) in each anaerobic waste water treatment plant under  LAs in NSWMSC area','10',0,0,0,0,3,1,53,2,6,NULL,NULL,NULL,NULL,NULL,0,NULL,4,'TSS value in waste water based on treatment plant type ( anaerobic)',NULL,'500',NULL,NULL,NULL,' ',1),('-','2021-01-11 11:43:11','-','2021-01-11 11:43:11',0,2203,'Average input  BoD of each aerobic waste water treatment plant  under LAs in NSWMSC area','1500',0,0,0,0,3,1,53,2,6,NULL,NULL,NULL,NULL,NULL,0,NULL,4,'in put BOD value for each plant and avaraged to be takken as a nnational fiigure for provinces other than western',NULL,'10000',NULL,NULL,NULL,' ',1),('-','2021-01-11 11:43:11','-','2021-01-11 11:43:11',0,2204,'Average input  CoD of each aerobic waste water treatment plant under  LAs in NSWMSC area','2000',0,0,0,0,3,1,53,2,6,NULL,NULL,NULL,NULL,NULL,0,NULL,4,'in put COD value for each plant and avaraged to be takken as a nnational fiigure for provinces other than western',NULL,'15000',NULL,NULL,NULL,' ',1),('-','2021-01-11 11:43:11','-','2021-01-11 11:43:11',0,2205,'Average Total Kjeldhal Nitregeon TKN ( mg/L) in each aerobic waste water treatment plant under LAs in NSWMSC area','10',0,0,0,0,3,1,53,2,6,NULL,NULL,NULL,NULL,NULL,0,NULL,4,'amount of nitrigeon in waste water based on treatment plant type ( anaerobic)',NULL,'500',NULL,NULL,NULL,' ',1),('-','2021-01-11 11:43:11','-','2021-01-11 11:43:11',0,2206,'Average Total suspended solids (TSS) in each aerobic waste water treatment plant under  LAs in NSWMSC area','10',0,0,0,0,3,1,53,2,6,NULL,NULL,NULL,NULL,NULL,0,NULL,4,'TSS value in waste water based on treatment plant type ( anaerobic)',NULL,'500',NULL,NULL,NULL,' ',1),('-','2021-01-11 11:43:11','-','2021-01-11 11:43:11',0,2207,'Average input  BoD of each anaerobic waste water treatment plant  under LAs in WPWMA area','1500',0,0,0,0,3,1,53,2,6,NULL,NULL,NULL,NULL,NULL,0,NULL,4,'in put BOD value for each plant and avaraged to be takken as a nnational fiigure for provinces other than western',NULL,'10000',NULL,NULL,NULL,' ',1),('-','2021-01-11 11:43:11','-','2021-01-11 11:43:11',0,2208,'Average input  CoD of each anaerobic waste water treatment plant under  LAs in WPWMA area','2000',0,0,0,0,3,1,53,2,6,NULL,NULL,NULL,NULL,NULL,0,NULL,4,'in put COD value for each plant and avaraged to be takken as a nnational fiigure for provinces other than western',NULL,'15000',NULL,NULL,NULL,' ',1),('-','2021-01-11 11:43:11','-','2021-01-11 11:43:11',0,2209,'Average Total Kjeldhal Nitregeon TKN ( mg/L) in each anaerobic waste water treatment plant under LAs in WPWMA area','10',0,0,0,0,3,1,53,2,6,NULL,NULL,NULL,NULL,NULL,0,NULL,4,'amount of nitrigeon in waste water based on treatment plant type ( anaerobic)',NULL,'500',NULL,NULL,NULL,' ',1),('-','2021-01-11 11:43:11','-','2021-01-11 11:43:11',0,2210,'Average Total suspended solids (TSS) in each anaerobic waste water treatment plant under  LAs in WPWMA area','10',0,0,0,0,3,1,53,2,6,NULL,NULL,NULL,NULL,NULL,0,NULL,4,'TSS value in waste water based on treatment plant type ( anaerobic)',NULL,'500',NULL,NULL,NULL,' ',1),('-','2021-01-11 11:43:11','-','2021-01-11 11:43:11',0,2211,'Average input  BoD of each aerobic waste water treatment plant  under LAs in WPWMA area','1500',0,0,0,0,3,1,53,2,6,NULL,NULL,NULL,NULL,NULL,0,NULL,4,'in put BOD value for each plant and avaraged to be takken as a nnational fiigure for provinces other than western',NULL,'10000',NULL,NULL,NULL,' ',1),('-','2021-01-11 11:43:11','-','2021-01-11 11:43:11',0,2212,'Average input  CoD of each aerobic waste water treatment plant under  LAs in WPWMA area','2000',0,0,0,0,3,1,53,2,6,NULL,NULL,NULL,NULL,NULL,0,NULL,4,'in put COD value for each plant and avaraged to be takken as a nnational fiigure for provinces other than western',NULL,'15000',NULL,NULL,NULL,' ',1),('-','2021-01-11 11:43:11','-','2021-01-11 11:43:11',0,2213,'Average Total Kjeldhal Nitregeon TKN ( mg/L) in each aerobic waste water treatment plant under LAs in WPWMA area','10',0,0,0,0,3,1,53,2,6,NULL,NULL,NULL,NULL,NULL,0,NULL,4,'amount of nitrigeon in waste water based on treatment plant type ( anaerobic)',NULL,'500',NULL,NULL,NULL,' ',1),('-','2021-01-11 11:43:11','-','2021-01-11 11:43:11',0,2214,'Average Total suspended solids (TSS) in each aerobic waste water treatment plant under  LAs in WPWMA area','10',0,0,0,0,3,1,53,2,6,NULL,NULL,NULL,NULL,NULL,0,NULL,4,'TSS value in waste water based on treatment plant type ( anaerobic)',NULL,'500',NULL,NULL,NULL,' ',1),('-','2021-01-11 11:43:11','-','2021-01-11 11:43:11',0,2215,'Average input  BoD of waste water treated under purview of NWS&DB','1500',0,0,0,0,3,1,53,2,6,NULL,NULL,NULL,NULL,NULL,0,NULL,4,'in put BOD value for each plant and avaraged to be takken as a nnational fiigure for All systems managed by NWSDB',NULL,'10000',NULL,NULL,NULL,' ',1),('-','2021-01-11 11:43:11','-','2021-01-11 11:43:11',0,2216,'Average input  CoD of waste water treated under purview of NWS&DB','1500',0,0,0,0,3,1,53,2,6,NULL,NULL,NULL,NULL,NULL,0,NULL,4,'in put COD value for each plant and avaraged to be takken as a national fiigure for All systems managed by NWSDB',NULL,'10000',NULL,NULL,NULL,' ',1),('-','2021-01-11 11:43:11','-','2021-01-11 11:43:11',0,2217,' Average Total Kjeldhal Nitregeon ( mg/L) in waste water treated under per view of NWSDB','1500',0,0,0,0,3,1,53,2,6,NULL,NULL,NULL,NULL,NULL,0,NULL,4,'nitrigeon value for each plant and avaraged to be takken as a national fiigure for All systems managed by NWSDB',NULL,'10000',NULL,NULL,NULL,' ',1),('-','2021-01-11 11:43:11','-','2021-01-11 11:43:11',0,2218,'Average Total suspended solids in waste  water under purview of NWS&DB','10',0,0,0,0,3,1,53,2,6,NULL,NULL,NULL,NULL,NULL,0,NULL,4,'TSS value in waste water based on treatment plant type ',NULL,'500',NULL,NULL,NULL,' ',1),('-','2021-01-11 11:43:11','-','2021-01-11 11:43:11',0,2219,'Average input  BoD of each anaerobic waste water treatment plant  under purview of NWS&DB','1500',0,0,0,0,3,1,53,2,6,NULL,NULL,NULL,NULL,NULL,0,NULL,4,'in put BOD value for each plant and avaraged to be taken as a nnational fiigure for anaerobic systems managed by NWSDB',NULL,'10000',NULL,NULL,NULL,' ',1),('-','2021-01-11 11:43:11','-','2021-01-11 11:43:11',0,2220,'Average input  CoD of each anaerobic waste water treatment plant under purview of NWS&DB','1500',0,0,0,0,3,1,53,2,6,NULL,NULL,NULL,NULL,NULL,0,NULL,4,'in put COD value for each plant and avaraged to be takken as a national fiigure for anaerobic systems managed by NWSDB',NULL,'10000',NULL,NULL,NULL,' ',1),('-','2021-01-11 11:43:11','-','2021-01-11 11:43:11',0,2221,'Average Total Kjeldhal Nitregeon TKN ( mg/L) in each anaerobic waste water treatment plant under per view of NWSDB','1500',0,0,0,0,3,1,53,2,6,NULL,NULL,NULL,NULL,NULL,0,NULL,4,'nitrigeon value for each plant and avaraged to be takken as a national fiigure for anaerobic systems managed by NWSDB',NULL,'10000',NULL,NULL,NULL,' ',1),('-','2021-01-11 11:43:11','-','2021-01-11 11:43:11',0,2222,'Average Total suspended solids (TSS) in each anaerobic waste water treatment plant under purview of NWS&DB*','10',0,0,0,0,3,1,53,2,6,NULL,NULL,NULL,NULL,NULL,0,NULL,4,'TSS value in waste water based on treatment plant type ( anaerobic)',NULL,'500',NULL,NULL,NULL,' ',1),('-','2021-01-11 11:43:11','-','2021-01-11 11:43:11',0,2223,'Average input  BoD of each aerobically waste water treatment plant  under purview of NWS&DB','1500',0,0,0,0,3,1,53,2,6,NULL,NULL,NULL,NULL,NULL,0,NULL,4,'in put BOD value for each plant and avaraged to be taken as a nnational fiigure for aerobic systems managed by NWSDB',NULL,'10000',NULL,NULL,NULL,' ',1),('-','2021-01-11 11:43:11','-','2021-01-11 11:43:11',0,2224,'Average input  CoD of each aerobically waste water treatment plant under purview of NWS&DB','1500',0,0,0,0,3,1,53,2,6,NULL,NULL,NULL,NULL,NULL,0,NULL,4,'in put COD value for each plant and avaraged to be takken as a national fiigure for aerobic systems managed by NWSDB',NULL,'10000',NULL,NULL,NULL,' ',1),('-','2021-01-11 11:43:11','-','2021-01-11 11:43:11',0,2225,'Average Total Kjeldhal Nitregeon ( mg/L) in each aerobic waste water treatment plant under per view of NWSDB','1500',0,0,0,0,3,1,53,2,6,NULL,NULL,NULL,NULL,NULL,0,NULL,4,'nitrigeon value for each plant and avaraged to be takken as a national fiigure for aerobic systems managed by NWSDB',NULL,'10000',NULL,NULL,NULL,' ',1),('-','2021-01-11 11:43:11','-','2021-01-11 11:43:11',0,2226,'Average Total suspended solids in each aerobic waste water treatment plant under purview of NWS&DB*','10',0,0,0,0,3,1,53,2,6,NULL,NULL,NULL,NULL,NULL,0,NULL,4,'TSS value in waste water based on treatment plant type ( aerobic)',NULL,'500',NULL,NULL,NULL,' ',1),('-','2021-01-11 11:43:11','-','2021-01-11 11:43:11',0,2227,'Average phosphorus content in waste  water ( mg/L) under purview of NWS&DB','10',0,0,0,0,3,1,53,2,6,NULL,NULL,NULL,NULL,NULL,0,NULL,4,'phoporus conent in waste water average vlaue for all systems',NULL,'500',NULL,NULL,NULL,' ',1),('-','2021-01-11 11:43:11','-','2021-01-11 11:43:11',0,2228,'Toxic matters in waste  water under purview of NWS&DB*','10',0,0,0,0,3,1,53,2,6,NULL,NULL,NULL,NULL,NULL,0,NULL,4,'toxic matters',NULL,'500',NULL,NULL,NULL,' ',1),('-','2021-01-11 11:43:11','-','2021-01-11 11:43:11',0,2229,'Average quality of input wastewater   (COD) (mg COD/l)  or  kg COD/m3 under purview of CEA','1500',0,0,0,0,3,1,53,2,6,NULL,NULL,NULL,NULL,NULL,0,NULL,4,'in put COD value for each plant and avaraged to be takken as a national fiigure for national fiigure for all industries under CEA',NULL,'10000',NULL,NULL,NULL,' ',1),('-','2021-01-11 11:43:11','-','2021-01-11 11:43:11',0,2230,'Average quality of output wastewater   (COD) (mg COD/l)  or  kg COD/m3 under purview of CEA            ','1500',0,0,0,0,3,1,53,2,6,NULL,NULL,NULL,NULL,NULL,0,NULL,4,'in put COD value for each plant and avaraged to be takken as a national fiigure fornational fiigure for all industries under CEA',NULL,'10000',NULL,NULL,NULL,' ',1),('-','2021-01-11 11:43:11','-','2021-01-11 11:43:11',0,2231,'Average quality of input wastewater   (BOD) (mg BOD/l)  or  kg BOD/m3 under purview of CEA            ','1500',0,0,0,0,3,1,53,2,6,NULL,NULL,NULL,NULL,NULL,0,NULL,4,'in put BOD value for each plant and avaraged to be taken as a national fiigure for all industries under CEA',NULL,'10000',NULL,NULL,NULL,' ',1),('-','2021-01-11 11:43:11','-','2021-01-11 11:43:11',0,2232,'Average quality of output wastewater   (BOD) (mg BOD/l)  or  kg BOD/m3 under purview of CEA','1500',0,0,0,0,3,1,53,2,6,NULL,NULL,NULL,NULL,NULL,0,NULL,4,'output BOD value for each plant and avaraged to be taken as a national fiigure for national fiigure for all industries under CEA',NULL,'10000',NULL,NULL,NULL,' ',1),('-','2021-01-11 11:43:11','-','2021-01-11 11:43:11',0,2233,'BOD of  input waste water  in brewery industry  under purview of CEA','1500',0,0,0,0,3,1,53,2,6,NULL,NULL,NULL,NULL,NULL,0,NULL,4,'in put BOD value for each plant in brebery industry avaraged to be taken as a national fiigure for brewery plants under CEA monitering',NULL,'10000',NULL,NULL,NULL,' ',1),('-','2021-01-11 11:43:11','-','2021-01-11 11:43:11',0,2234,'BOD of  output waste water  in brewery industry  under purview of CEA*','1500',0,0,0,0,3,1,53,2,6,NULL,NULL,NULL,NULL,NULL,0,NULL,4,'output BOD value for each plant brewery industry avaraged to be taken as a national fiigure for brewery plants under CEA monitering',NULL,'10000',NULL,NULL,NULL,' ',1),('-','2021-01-11 11:43:11','-','2021-01-11 11:43:11',0,2235,'BOD of input waste water  in canneries industry under purview of CEA*','1500',0,0,0,0,3,1,53,2,6,NULL,NULL,NULL,NULL,NULL,0,NULL,4,'in put BOD value for each plant in Canneries industry avaraged to be taken as a national fiigure for brewery plants under CEA monitering',NULL,'10000',NULL,NULL,NULL,' ',1),('-','2021-01-11 11:43:11','-','2021-01-11 11:43:11',0,2236,'BOD of output waste water  in canneries industry under purview of CEA','1500',0,0,0,0,3,1,53,2,6,NULL,NULL,NULL,NULL,NULL,0,NULL,4,'output BOD value for each plant Canneries industry avaraged to be taken as a national fiigure for brewery plants under CEA monitering',NULL,'10000',NULL,NULL,NULL,' ',1),('-','2021-01-11 11:43:11','-','2021-01-11 11:43:11',0,2237,'BOD of  input waste water  in diary industry under purview of CEA','1500',0,0,0,0,3,1,53,2,6,NULL,NULL,NULL,NULL,NULL,0,NULL,4,'in put BOD value for each plant in Dairy industry avaraged to be taken as a national fiigure for brewery plants under CEA monitering',NULL,'10000',NULL,NULL,NULL,' ',1),('-','2021-01-11 11:43:11','-','2021-01-11 11:43:11',0,2238,'BOD of  output waste water  in diary industry under purview of CEA','1500',0,0,0,0,3,1,53,2,6,NULL,NULL,NULL,NULL,NULL,0,NULL,4,'output BOD value for each plant Dairy industry avaraged to be taken as a national fiigure for brewery plants under CEA monitering',NULL,'10000',NULL,NULL,NULL,' ',1),('-','2021-01-11 11:43:11','-','2021-01-11 11:43:11',0,2239,'BOD of  input waste water in sugar Industry under purview of CEA','1500',0,0,0,0,3,1,53,2,6,NULL,NULL,NULL,NULL,NULL,0,NULL,4,'in put BOD value for each plant in Sugar industry avaraged to be taken as a national fiigure for brewery plants under CEA monitering',NULL,'10000',NULL,NULL,NULL,' ',1),('-','2021-01-11 11:43:11','-','2021-01-11 11:43:11',0,2241,'BOD  of input waste water in apparel industry under purview of CEA','1500',0,0,0,0,3,1,53,2,6,NULL,NULL,NULL,NULL,NULL,0,NULL,4,'in put BOD value for each plant in Apperal industry avaraged to be taken as a national fiigure for brewery plants under CEA monitering',NULL,'10000',NULL,NULL,NULL,' ',1),('-','2021-01-11 11:43:11','-','2021-01-11 11:43:11',0,2242,'BOD  of output waste water in apparel industry under purview of CEA','1500',0,0,0,0,3,1,53,2,6,NULL,NULL,NULL,NULL,NULL,0,NULL,4,'output BOD value for each plant Apperal industry avaraged to be taken as a national fiigure for brewery plants under CEA monitering',NULL,'10000',NULL,NULL,NULL,' ',1),('-','2021-01-11 11:43:11','-','2021-01-11 11:43:11',0,2243,'BOD  of output waste water in hotels  connected to central sewer lines supported by CMC,SLTDA monitered by CEA','1500',0,0,0,0,3,1,53,2,6,NULL,NULL,NULL,NULL,NULL,0,NULL,4,'in put BOD value for central plans in hotel industry avaraged to be taken under CEA monitering',NULL,'10000',NULL,NULL,NULL,' ',1),('-','2021-01-11 11:43:11','-','2021-01-11 11:43:11',0,2244,'BOD  of input waste water in hotels  connected to central sewer lines supported by CMC,SLTDA monitered by CEA','1500',0,0,0,0,3,1,53,2,6,NULL,NULL,NULL,NULL,NULL,0,NULL,4,'output BOD  value for central plans in hotel industry avaraged to be taken under CEA monitering',NULL,'10000',NULL,NULL,NULL,' ',1),('-','2021-01-11 11:43:11','-','2021-01-11 11:43:11',0,2245,'BOD  of output waste water in hotels  connected to own ( Individual) treatment plants monitered by CEA','1500',0,0,0,0,3,1,53,2,6,NULL,NULL,NULL,NULL,NULL,0,NULL,4,'output BOD value for central plans in hotel industry avaraged to be taken under CEA monitering',NULL,'10000',NULL,NULL,NULL,' ',1),('-','2021-01-11 11:43:11','-','2021-01-11 11:43:11',0,2246,'BOD  of input waste water in hotels  connected to own ( Individual) treatment plants monitered by CEA','1500',0,0,0,0,3,1,53,2,6,NULL,NULL,NULL,NULL,NULL,0,NULL,4,'input BOD  value for individual plants in hotel industry avaraged to be taken under CEA monitering',NULL,'10000',NULL,NULL,NULL,' ',1),('-','2021-01-11 11:43:11','-','2021-01-11 11:43:11',0,2247,'Average quality of input wastewater   (COD) (mg COD/l)  or  kg COD/m3 under purview of BOI','1500',0,0,0,0,3,1,53,2,6,NULL,NULL,NULL,NULL,NULL,0,NULL,4,'in put COD value for each plant and avaraged to be takken as a national fiigure for national fiigure for all industries under BOI',NULL,'10000',NULL,NULL,NULL,' ',1),('-','2021-01-11 11:43:11','-','2021-01-11 11:43:11',0,2248,'Average quality of output wastewater   (COD) (mg COD/l)  or  kg COD/m3 under purview of BOI\"','1500',0,0,0,0,3,1,53,2,6,NULL,NULL,NULL,NULL,NULL,0,NULL,4,'output COD value for each plant and avaraged to be takken as a national fiigure fornational fiigure for all industries under BOI',NULL,'10000',NULL,NULL,NULL,' ',1),('-','2021-01-11 11:43:11','-','2021-01-11 11:43:11',0,2249,'Average quality of input wastewater   (BOD) (mg BOD/l)  or  kg BOD/m3 under purview of BOI','1500',0,0,0,0,3,1,53,2,6,NULL,NULL,NULL,NULL,NULL,0,NULL,4,'in put BOD value for each plant and avaraged to be taken as a national fiigure for all industries under BOI',NULL,'10000',NULL,NULL,NULL,' ',1),('-','2021-01-11 11:43:11','-','2021-01-11 11:43:11',0,2250,'Average quality of output wastewater   (BOD) (mg BOD/l)  or  kg BOD/m3 under purview of BOI','1500',0,0,0,0,3,1,53,2,6,NULL,NULL,NULL,NULL,NULL,0,NULL,4,'output BOD value for each plant and avaraged to be taken as a national fiigure for national fiigure for all industries under BOI',NULL,'10000',NULL,NULL,NULL,' ',1),('-','2021-01-11 11:43:11','-','2021-01-11 11:43:11',0,2251,'BoD of input waste water in apperal industry under preview of BOI','1500',0,0,0,0,3,1,53,2,6,NULL,NULL,NULL,NULL,NULL,0,NULL,4,'in put BOD value for each plant and avaraged to be taken as a national fiigure for Apperal industries under BOI',NULL,'10000',NULL,NULL,NULL,' ',1),('-','2021-01-11 11:43:11','-','2021-01-11 11:43:11',0,2252,'BoD of output waste water in apperal industry under preview of BOI','1500',0,0,0,0,3,1,53,2,6,NULL,NULL,NULL,NULL,NULL,0,NULL,4,'output BOD value for each plant and avaraged to be taken as a national fiigure for national fiigure for Apperal industries under BOI',NULL,'10000',NULL,NULL,NULL,' ',1),('-','2021-01-11 11:43:11','-','2021-01-11 11:43:11',0,2253,'BoD of input waste water in canneries industry under preview of BOI','1500',0,0,0,0,3,1,53,2,6,NULL,NULL,NULL,NULL,NULL,0,NULL,4,'in put BOD value for each plant and avaraged to be taken as a national fiigure for canneries  industries under BOI',NULL,'10000',NULL,NULL,NULL,' ',1),('-','2021-01-11 11:43:11','-','2021-01-11 11:43:11',0,2254,'BoD of output waste water in canneries industry under preview of BOI','1500',0,0,0,0,3,1,53,2,6,NULL,NULL,NULL,NULL,NULL,0,NULL,4,'output BOD value for each plant and avaraged to be taken as a national fiigure for national fiigure for canneries  industries under BOI',NULL,'10000',NULL,NULL,NULL,' ',1),('-','2021-01-11 11:43:11','-','2021-01-11 11:43:11',0,2255,'BoD of input waste water in diary industry under preview of BOI','1500',0,0,0,0,3,1,53,2,6,NULL,NULL,NULL,NULL,NULL,0,NULL,4,'in put BOD value for each plant and avaraged to be taken as a national fiigure for Dairy  industries under BOI',NULL,'10000',NULL,NULL,NULL,' ',1),('-','2021-01-11 11:43:11','-','2021-01-11 11:43:11',0,2256,'BoD of output waste water in diary industry under preview of BOI','1500',0,0,0,0,3,1,53,2,6,NULL,NULL,NULL,NULL,NULL,0,NULL,4,'output BOD value for each plant and avaraged to be taken as a national fiigure for national fiigure for Dairy  industries under BOI',NULL,'10000',NULL,NULL,NULL,' ',1),('-','2021-01-11 11:43:11','-','2021-01-11 11:43:11',0,2257,'BoD of input waste water in diary industry under preview of BOI','1500',0,0,0,0,3,1,53,2,6,NULL,NULL,NULL,NULL,NULL,0,NULL,4,'in put BOD value for each plant and avaraged to be taken as a national fiigure for Sugar  industries under BOI',NULL,'10000',NULL,NULL,NULL,' ',1),('-','2021-01-11 11:43:11','-','2021-01-11 11:43:11',0,2258,'BoD of output waste water in diary industry under preview of BOI','1500',0,0,0,0,3,1,53,2,6,NULL,NULL,NULL,NULL,NULL,0,NULL,4,'output BOD value for each plant and avaraged to be taken as a national fiigure for national fiigure for Sugar  industries under BOI',NULL,'10000',NULL,NULL,NULL,' ',1),('-','2021-01-11 11:43:11','-','2021-01-11 11:43:11',0,2259,'BOD  of output waste water in hotels  under the perview of BOI','1500',0,0,0,0,3,1,53,2,6,NULL,NULL,NULL,NULL,NULL,0,NULL,4,'in put BOD value for each plant and avaraged to be taken as a national fiigure for Hotels under BOI',NULL,'10000',NULL,NULL,NULL,' ',1),('-','2021-01-11 11:43:11','-','2021-01-11 11:43:11',0,2260,'BOD  of input waste water in hotels  under the perview of BOI','1500',0,0,0,0,3,1,53,2,6,NULL,NULL,NULL,NULL,NULL,0,NULL,4,'output BOD value for each plant and avaraged to be taken as a national fiigure for national fiigure for Hotels under BOI',NULL,'10000',NULL,NULL,NULL,' ',1),('-','2021-01-11 11:43:11','-','2021-01-11 11:43:11',0,2261,'total kjeldahl Nitrigeon in waste water under purview of BOI*                                                                            ','1500',0,0,0,0,3,1,53,2,6,NULL,NULL,NULL,NULL,NULL,0,NULL,4,'nitrigeon value for each plant and avaraged to be taken as a national fiigure for aerobic systems managed by BOI',NULL,'10000',NULL,NULL,NULL,' ',1),('-','2021-01-11 11:43:11','-','2021-01-11 11:43:11',0,2262,'total kjeldahl Nitrigeon in waste water  under purview of CEA*                                                                             ','1500',0,0,0,0,3,1,53,2,6,NULL,NULL,NULL,NULL,NULL,0,NULL,4,'nitrigeon value for each plant and avaraged to be taken as a national fiigure for aerobic systems managed by CEA',NULL,'10000',NULL,NULL,NULL,' ',1),('-','2021-01-11 11:43:11','-','2021-01-11 11:43:11',0,2263,'Quantity of MS waste generated nationally (estimated value) under purview of NSWMSC','200',0,0,0,0,3,1,63,2,6,NULL,NULL,NULL,NULL,NULL,0,NULL,4,'estimated figure for total waste generation by NSWMSC',NULL,'5000',NULL,NULL,NULL,' ',1),('-','2021-01-11 11:43:11','-','2021-01-11 11:43:11',0,2264,'Quantity of MS waste generated nationally (estimated value) under purview of NSWMSC','6000',0,0,0,0,3,1,63,2,6,NULL,NULL,NULL,NULL,NULL,0,NULL,4,'estimated figure for total waste generation by NSWMSC',NULL,'15000',NULL,NULL,NULL,' ',1),('-','2021-01-11 11:43:11','-','2021-01-11 11:43:11',0,2265,'Quantity of waste collected by local authorities ( for Each LA) under purview of NSWMSC*','6000',0,0,0,0,3,1,63,2,6,NULL,NULL,NULL,NULL,NULL,0,NULL,4,'actucal waste collected by Each LA reported to NSWMSC',NULL,'15000',NULL,NULL,NULL,' ',1),('-','2021-01-11 11:43:11','-','2021-01-11 11:43:11',0,2266,'Quantity of waste collected by local authorities under purview of WPWMA* ( total value-estimate)','6000',0,0,0,0,3,1,63,2,6,NULL,NULL,NULL,NULL,NULL,0,NULL,4,'estimiated figure for waste geneerted in WP by WPWMA',NULL,'15000',NULL,NULL,NULL,' ',1),('-','2021-01-11 11:43:11','-','2021-01-11 11:43:11',0,2267,'Amount of waste composted at Household level under NSWMSC','6000',0,0,0,0,3,1,63,2,6,NULL,NULL,NULL,NULL,NULL,0,NULL,4,'waste composted at household level',NULL,'15000',NULL,NULL,NULL,' ',1),('-','2021-01-11 11:43:11','-','2021-01-11 11:43:11',0,2268,'Quantitiy of MS solid waste composted ( National value) under purview of NSWMSC','6000',0,0,0,0,3,1,63,2,6,NULL,NULL,NULL,NULL,NULL,0,NULL,4,'total waste coposted national figure for 8 provinces',NULL,'15000',NULL,NULL,NULL,' ',1),('-','2021-01-11 11:43:11','-','2021-01-11 11:43:11',0,2269,'Quantitiy of MS solid waste composted ( by each LA) under purview of NSWMSC','6000',0,0,0,0,3,1,63,2,6,NULL,NULL,NULL,NULL,NULL,0,NULL,4,'total waste coposted actucal figure based on LA data  for 8 provinces',NULL,'15000',NULL,NULL,NULL,' ',1),('-','2021-01-11 11:43:11','-','2021-01-11 11:43:11',0,2270,'Quantity of waste dumped in open dump  (tonnes/year) under areas of NSWMSC ( national value)','6000',0,0,0,0,3,1,63,2,6,NULL,NULL,NULL,NULL,NULL,0,NULL,4,'total waste dumped in open dump sites under NSWMSC area',NULL,'15000',NULL,NULL,NULL,' ',1),('-','2021-01-11 11:43:11','-','2021-01-11 11:43:11',0,2271,'Quantity of waste dumped in open dump  (tonnes/year) by each LA under areas of NSWMSC ','6000',0,0,0,0,3,1,63,2,6,NULL,NULL,NULL,NULL,NULL,0,NULL,4,'type of  waste dumped in open dump sites under NSWMSC area',NULL,'15000',NULL,NULL,NULL,' ',1),('-','2021-01-11 11:43:11','-','2021-01-11 11:43:11',0,2272,'Quantity of Plastic waste  Recycled (Mt/ Day) under purview of NSWMSC ( national value)','6000',0,0,0,0,3,1,63,2,6,NULL,NULL,NULL,NULL,NULL,0,NULL,4,'type of  waste managed in said manner  under NSWMSC area',NULL,'15000',NULL,NULL,NULL,' ',1),('-','2021-01-11 11:43:11','-','2021-01-11 11:43:11',0,2273,'Quantity of Metal waste  Recycled (Mt/ Day) under purview of NSWMSC ( national value)','6000',0,0,0,0,3,1,63,2,6,NULL,NULL,NULL,NULL,NULL,0,NULL,4,'type of  waste managed in said manner  under NSWMSC area',NULL,'15000',NULL,NULL,NULL,' ',1),('-','2021-01-11 11:43:11','-','2021-01-11 11:43:11',0,2274,'Quantity of Glass waste  Recycled (Mt/ Day) under purview of NSWMSC ( national value)','6000',0,0,0,0,3,1,63,2,6,NULL,NULL,NULL,NULL,NULL,0,NULL,4,'type of  waste managed in said manner  under NSWMSC area',NULL,'15000',NULL,NULL,NULL,' ',1),('-','2021-01-11 11:43:11','-','2021-01-11 11:43:11',0,2275,'Quantity of waste dumped in sanitory Landfills  (tonnes/year) under areas of NSWMSC ( national value)','6000',0,0,0,0,3,1,63,2,6,NULL,NULL,NULL,NULL,NULL,0,NULL,4,'type of  waste managed in said manner  under NSWMSC area',NULL,'15000',NULL,NULL,NULL,' ',1),('-','2021-01-11 11:43:11','-','2021-01-11 11:43:11',0,2276,'Quantity of waste dumped in managed dumps  (tonnes/year)  under areas of NSWMSC ( national value)','6000',0,0,0,0,3,1,63,2,6,NULL,NULL,NULL,NULL,NULL,0,NULL,4,'type of  waste managed in said manner  under NSWMSC area',NULL,'15000',NULL,NULL,NULL,' ',1),('-','2021-01-11 11:43:11','-','2021-01-11 11:43:11',0,2277,'Quantity of waste managed using anaerobic digestion  (tonnes/year) under areas of NSWMSC ( national value)','6000',0,0,0,0,3,1,63,2,6,NULL,NULL,NULL,NULL,NULL,0,NULL,4,'type of  waste managed in said manner  under NSWMSC area',NULL,'15000',NULL,NULL,NULL,' ',1),('-','2021-01-11 11:43:11','-','2021-01-11 11:43:11',0,2278,'Quantity of waste managed using waste to Energy  (tonnes/year) under areas of NSWMSC ( national value)','6000',0,0,0,0,3,1,63,2,6,NULL,NULL,NULL,NULL,NULL,0,NULL,4,'type of  waste managed in said manner  under NSWMSC area',NULL,'15000',NULL,NULL,NULL,' ',1),('-','2021-01-11 11:43:11','-','2021-01-11 11:43:11',0,2279,'Quantity of Plastic waste  Recycled (Mt/ Day) under purview of NSWMSC by each LA','6000',0,0,0,0,3,1,63,2,6,NULL,NULL,NULL,NULL,NULL,0,NULL,4,'type of  waste managed in said manner by each LA  under NSWMSC area',NULL,'15000',NULL,NULL,NULL,' ',1),('-','2021-01-11 11:43:11','-','2021-01-11 11:43:11',0,2280,'Quantity of Metal waste  Recycled (Mt/ Day) under purview of NSWMSC by each LA','6000',0,0,0,0,3,1,63,2,6,NULL,NULL,NULL,NULL,NULL,0,NULL,4,'type of  waste managed in said manner by each LA  under NSWMSC area',NULL,'15000',NULL,NULL,NULL,' ',1),('-','2021-01-11 11:43:11','-','2021-01-11 11:43:11',0,2281,'Quantity of Glass waste  Recycled (Mt/ Day) under purview of NSWMSC by each LA','6000',0,0,0,0,3,1,63,2,6,NULL,NULL,NULL,NULL,NULL,0,NULL,4,'type of  waste managed in said manner by each LA  under NSWMSC area',NULL,'15000',NULL,NULL,NULL,' ',1),('-','2021-01-11 11:43:11','-','2021-01-11 11:43:11',0,2282,'Quantity of waste dumped in sanitory Landfills  (tonnes/year) by each LA under areas of NSWMSC ','6000',0,0,0,0,3,1,63,2,6,NULL,NULL,NULL,NULL,NULL,0,NULL,4,'type of  waste managed in said manner by each LA  under NSWMSC area',NULL,'15000',NULL,NULL,NULL,' ',1),('-','2021-01-11 11:43:11','-','2021-01-11 11:43:11',0,2283,'Quantity of waste dumped in managed dumps  (tonnes/year) by each LA under areas of NSWMSC ','6000',0,0,0,0,3,1,63,2,6,NULL,NULL,NULL,NULL,NULL,0,NULL,4,'type of  waste managed in said manner by each LA  under NSWMSC area',NULL,'15000',NULL,NULL,NULL,' ',1),('-','2021-01-11 11:43:11','-','2021-01-11 11:43:11',0,2284,'Quantity of waste managed using anaerobic digestion  (tonnes/year) by each LA under areas of NSWMSC ','6000',0,0,0,0,3,1,63,2,6,NULL,NULL,NULL,NULL,NULL,0,NULL,4,'type of  waste managed in said manner by each LA  under NSWMSC area',NULL,'15000',NULL,NULL,NULL,' ',1),('-','2021-01-11 11:43:11','-','2021-01-11 11:43:11',0,2285,'Quantity of waste composted (Mt/ Day) under purview of WPWMA (Provincial figure)','6000',0,0,0,0,3,1,63,2,6,NULL,NULL,NULL,NULL,NULL,0,NULL,4,' ',NULL,'15000',NULL,NULL,NULL,' ',1),('-','2021-01-11 11:43:11','-','2021-01-11 11:43:11',0,2286,'Quantity of waste composted (Mt/ Day) by each LA under purview of WPWMA','6000',0,0,0,0,3,1,63,2,6,NULL,NULL,NULL,NULL,NULL,0,NULL,4,'waste compposted by each local authority at common sites',NULL,'15000',NULL,NULL,NULL,' ',1),('-','2021-01-11 11:43:11','-','2021-01-11 11:43:11',0,2287,'Quantity of Plastic waste  Recycled (Mt/ Day) under purview of WPWMA ( Provincial value)','6000',0,0,0,0,3,1,63,2,6,NULL,NULL,NULL,NULL,NULL,0,NULL,4,'plastic waste recycled by each LA in western province',NULL,'15000',NULL,NULL,NULL,' ',1),('-','2021-01-11 11:43:11','-','2021-01-11 11:43:11',0,2288,'Quantity of Metal waste  Recycled (Mt/ Day) under purview of WPWMA (Provincial Value)','6000',0,0,0,0,3,1,63,2,6,NULL,NULL,NULL,NULL,NULL,0,NULL,4,'specific type of waste recycled by each LA in western province',NULL,'15000',NULL,NULL,NULL,' ',1),('-','2021-01-11 11:43:11','-','2021-01-11 11:43:11',0,2289,'Quantity of Glass waste  Recycled (Mt/ Day) under purview of WPWMA (Provincial Value)','6000',0,0,0,0,3,1,63,2,6,NULL,NULL,NULL,NULL,NULL,0,NULL,4,'specific type of waste recycled by each LA in western province',NULL,'15000',NULL,NULL,NULL,' ',1),('-','2021-01-11 11:43:11','-','2021-01-11 11:43:11',0,2290,'Quantity of waste dumped in sanitory Landfills  (tonnes/year) under areas of WPWMA (Provincial Value)','6000',0,0,0,0,3,1,63,2,6,NULL,NULL,NULL,NULL,NULL,0,NULL,4,'quantity of specific type of waste management in total in western province',NULL,'15000',NULL,NULL,NULL,' ',1),('-','2021-01-11 11:43:11','-','2021-01-11 11:43:11',0,2291,'Quantity of waste dumped in managed dumps  (tonnes/year)  under areas of WPWMA (Provincial Value)','6000',0,0,0,0,3,1,63,2,6,NULL,NULL,NULL,NULL,NULL,0,NULL,4,'quantity of specific type of waste management in total  in western province',NULL,'15000',NULL,NULL,NULL,' ',1),('-','2021-01-11 11:43:11','-','2021-01-11 11:43:11',0,2292,'Quantity of waste managed using anaerobic digestion  (tonnes/year) under areas of WPWMA (Provincial Value)','6000',0,0,0,0,3,1,63,2,6,NULL,NULL,NULL,NULL,NULL,0,NULL,4,'quantity of specific type of waste management  in total in western province',NULL,'15000',NULL,NULL,NULL,' ',1),('-','2021-01-11 11:43:11','-','2021-01-11 11:43:11',0,2293,'Quantity of waste managed using Waste to Energy  (tonnes/year) under areas of WPWMA (Provincial Value)','6000',0,0,0,0,3,1,63,2,6,NULL,NULL,NULL,NULL,NULL,0,NULL,4,'quantity of specific type of waste management  in total in western province',NULL,'15000',NULL,NULL,NULL,' ',1),('-','2021-01-11 11:43:11','-','2021-01-11 11:43:11',0,2294,'Quantity of Plastic waste  Recycled (Mt/ Day) by each LA under purview of WPWMA','6000',0,0,0,0,3,1,63,2,6,NULL,NULL,NULL,NULL,NULL,0,NULL,4,'specific type of waste recycled by each LA in western province',NULL,'15000',NULL,NULL,NULL,' ',1),('-','2021-01-11 11:43:11','-','2021-01-11 11:43:11',0,2295,'Quantity of Metal waste  Recycled (Mt/ Day) by each LA under purview of WPWMA','6000',0,0,0,0,3,1,63,2,6,NULL,NULL,NULL,NULL,NULL,0,NULL,4,'specific type of waste recycled by each LA in western province',NULL,'15000',NULL,NULL,NULL,' ',1),('-','2021-01-11 11:43:11','-','2021-01-11 11:43:11',0,2296,'Quantity of Glass waste  Recycled (Mt/ Day) by each LA under purview of WPWMA','6000',0,0,0,0,3,1,63,2,6,NULL,NULL,NULL,NULL,NULL,0,NULL,4,'quantity of specific type of waste management by each LA in western province',NULL,'15000',NULL,NULL,NULL,' ',1),('-','2021-01-11 11:43:11','-','2021-01-11 11:43:11',0,2297,'Quantity of waste dumped in sanitory Landfills  (tonnes/year) by each LA under purview of WPWMA','6000',0,0,0,0,3,1,63,2,6,NULL,NULL,NULL,NULL,NULL,0,NULL,4,'quantity of specific type of waste management by each LA in western province',NULL,'15000',NULL,NULL,NULL,' ',1),('-','2021-01-11 11:43:11','-','2021-01-11 11:43:11',0,2298,'Quantity of waste dumped in managed dumps  (tonnes/year)  by each LA under purview of WPWMA','6000',0,0,0,0,3,1,63,2,6,NULL,NULL,NULL,NULL,NULL,0,NULL,4,'quantity of specific type of waste management by each LA in western province',NULL,'15000',NULL,NULL,NULL,' ',1),('-','2021-01-11 11:43:11','-','2021-01-11 11:43:11',0,2299,'Quantity of waste managed using anaerobic digestion  (tonnes/year) by each LA under purview of WPWMA','6000',0,0,0,0,3,1,63,2,6,NULL,NULL,NULL,NULL,NULL,0,NULL,4,'quantity of specific type of waste management by each LA in western province',NULL,'15000',NULL,NULL,NULL,' ',1),('-','2021-01-11 11:43:11','-','2021-01-11 11:43:11',0,2300,'Quantity of Industrial solid waste managed by own methods by indusstries under purview of CEA','1000',0,0,0,0,3,1,63,2,6,NULL,NULL,NULL,NULL,NULL,0,NULL,4,'total quantiity of solid waste managed inhouse by industries ',NULL,'5000',NULL,NULL,NULL,' ',1),('-','2021-01-11 11:43:11','-','2021-01-11 11:43:11',0,2301,'Quantity Anaerobically digested biodegradable waste ( tons/yr.) under purview of CEA*','1000',0,0,0,0,3,1,63,2,6,NULL,NULL,NULL,NULL,NULL,0,NULL,4,'amount of waste managed using bio gas systems in industries',NULL,'5000',NULL,NULL,NULL,' ',1),('-','2021-01-11 11:43:11','-','2021-01-11 11:43:11',0,2302,'Quantity Composted biodegradable waste ( tons/yr.) under purview of CEA*','1000',0,0,0,0,3,1,63,2,6,NULL,NULL,NULL,NULL,NULL,0,NULL,4,'amount of waste managed using compost systems in industries',NULL,'5000',NULL,NULL,NULL,' ',1),('-','2021-01-11 11:43:11','-','2021-01-11 11:43:11',0,2303,'Quantity of clinical/medical waste incinerated (tons/yr.) under purview of CEA*','1000',0,0,0,0,3,1,63,2,6,NULL,NULL,NULL,NULL,NULL,0,NULL,4,'amount of waste managed using incineration  systems in medical/clinical industries',NULL,'5000',NULL,NULL,NULL,' ',1),('-','2021-01-11 11:43:11','-','2021-01-11 11:43:11',0,2304,'Quantity of industrial waste incinerated (tons/yr.) under CEA purview*','1000',0,0,0,0,3,1,63,2,6,NULL,NULL,NULL,NULL,NULL,0,NULL,4,'amount of waste managed using inceneration systems in industries',NULL,'5000',NULL,NULL,NULL,' ',1),('-','2021-01-11 11:43:11','-','2021-01-11 11:43:11',0,2305,'Quantity of Municipal solid waste disposal (Land filling) deposited in managed waste disposal sites  (uncontrolled Landfills) (tons/yr.) under purview of CEA*','1000',0,0,0,0,3,1,63,2,6,NULL,NULL,NULL,NULL,NULL,0,NULL,4,'amount of waste deposited in control land fills ',NULL,'5000',NULL,NULL,NULL,' ',1),('-','2021-01-11 11:43:11','-','2021-01-11 11:43:11',0,2306,'Quantity of Municipal solid waste disposal (Land filling) deposited in un categorized waste disposal sites (informal dumping of general waste)( tons/yr.) under purview of CEA*','1000',0,0,0,0,3,1,63,2,6,NULL,NULL,NULL,NULL,NULL,0,NULL,4,'amount of waste deposited in open dumpska',NULL,'5000',NULL,NULL,NULL,' ',1),('-','2021-01-11 11:43:11','-','2021-01-11 11:43:11',0,2307,'Quantity of Municipal solid waste disposal (Land filling) open burning in informal dumping areas.(tons/yr.) under purview of CEA*','1000',0,0,0,0,3,1,63,2,6,NULL,NULL,NULL,NULL,NULL,0,NULL,4,'amount of waste open burnt in sites',NULL,'5000',NULL,NULL,NULL,' ',1),('-','2021-01-11 11:43:11','-','2021-01-11 11:43:11',0,2308,'quantity of Industrial solid waste managed by own methods by indusstries under purview of BOI','1000',0,0,0,0,3,1,63,2,6,NULL,NULL,NULL,NULL,NULL,0,NULL,4,'total waste managed by industries in BOI zones',NULL,'5000',NULL,NULL,NULL,' ',1),('-','2021-01-11 11:43:11','-','2021-01-11 11:43:11',0,2309,'Quantity Anaerobically digested biodegradable waste ( tons/yr.) under purview of BOI','1000',0,0,0,0,3,1,63,2,6,NULL,NULL,NULL,NULL,NULL,0,NULL,4,'amount of waste managed using Biogas systems in BOI zones',NULL,'5000',NULL,NULL,NULL,' ',1),('-','2021-01-11 11:43:11','-','2021-01-11 11:43:11',0,2310,'Quantity Composted biodegradable waste ( tons/yr.) under purview of BOI','1000',0,0,0,0,3,1,63,2,6,NULL,NULL,NULL,NULL,NULL,0,NULL,4,'amount of waste managed using Compost systems in BOI zones',NULL,'5000',NULL,NULL,NULL,' ',1),('-','2021-01-11 11:43:11','-','2021-01-11 11:43:11',0,2311,'Quantity of clinical/medical waste incinerated (tons/yr.) under purview of BOI','1000',0,0,0,0,3,1,63,2,6,NULL,NULL,NULL,NULL,NULL,0,NULL,4,'amount of clinical and medicinal waste managed using inceneration systems in BOI zones',NULL,'5000',NULL,NULL,NULL,' ',1),('-','2021-01-11 11:43:11','-','2021-01-11 11:43:11',0,2312,'Quantity of industrial waste incinerated (tons/yr.) under BOI','1000',0,0,0,0,3,1,63,2,6,NULL,NULL,NULL,NULL,NULL,0,NULL,4,'amount of non clinical and medicinal waste managed using Inceneration systems in BOI zones',NULL,'5000',NULL,NULL,NULL,' ',1),('-','2021-01-11 11:43:11','-','2021-01-11 11:43:11',0,2313,'Quantity of Municipal solid waste disposal (Land filling) deposited in managed waste disposal sites  (uncontrolled Landfills) (tons/yr.) under purview of BOI','1000',0,0,0,0,3,1,63,2,6,NULL,NULL,NULL,NULL,NULL,0,NULL,4,'amount of total waste deposited in controlled landfills under BOI',NULL,'5000',NULL,NULL,NULL,' ',1),('-','2021-01-11 11:43:11','-','2021-01-11 11:43:11',0,2314,'Quantity of clinical/medical waste incinerated (tons/year) under purview of Ministry of Health*','100',0,0,0,0,3,1,63,2,6,NULL,NULL,NULL,NULL,NULL,0,NULL,4,'quantitiy of medical waste incenerated in systems under ministry of health',NULL,'1000',NULL,NULL,NULL,' ',1),('-','2021-01-11 11:43:11','-','2021-01-11 11:43:11',0,2315,'Quantity of informal burning/open burning of general waste (tons/year) under purview of Ministry of Health*','100',0,0,0,0,3,1,63,2,6,NULL,NULL,NULL,NULL,NULL,0,NULL,4,'quantitiy of medical waste open burnt in systems under ministry of health',NULL,'1000',NULL,NULL,NULL,' ',1),('-','2021-01-11 11:43:11','-','2021-01-11 11:43:11',0,2316,'Quantity of solid waste disposed under purview of Ministry of Health','100',0,0,0,0,3,1,63,2,6,NULL,NULL,NULL,NULL,NULL,0,NULL,4,'quantitiy of medical waste open dumped in systems under ministry of health',NULL,'1000',NULL,NULL,NULL,' ',1),('-','2021-01-11 11:43:11','-','2021-01-11 11:43:11',0,2317,'Quantity of hazardous chemicals and materials incinerated (tons/year) under purview of Ministry of Health*','100',0,0,0,0,3,1,63,2,6,NULL,NULL,NULL,NULL,NULL,0,NULL,4,'quantitiy of hazardous and chemical waste incenerated in systems under ministry of health',NULL,'1000',NULL,NULL,NULL,' ',1),('-','2021-01-11 11:43:11','-','2021-01-11 11:43:11',0,2318,'Quantity of Sewage sludge composted (tons/year) under purview of Ministry of Health*','100',0,0,0,0,3,1,63,2,6,NULL,NULL,NULL,NULL,NULL,0,NULL,4,'quantitiy of sewer sludge composted  in systems under ministry of health',NULL,'1000',NULL,NULL,NULL,' ',1),('-','2021-01-11 11:43:11','-','2021-01-11 11:43:11',0,2319,'Quantity of sewage sludge incinerated (tons/year) under purview of Ministry of Health*','100',0,0,0,0,3,1,63,2,6,NULL,NULL,NULL,NULL,NULL,0,NULL,4,'quantitiy of sewer sludge incenerated  in systems under ministry of health',NULL,'1000',NULL,NULL,NULL,' ',1),('-','2021-01-11 11:43:11','-','2021-01-11 11:43:11',0,2320,'Quantity of waste collected by each local authority under purview of WPWMA',' ',0,0,0,0,3,1,63,2,6,NULL,NULL,NULL,NULL,NULL,0,NULL,4,'actucal waste collected by Each LA reported to WPWMA',NULL,NULL,NULL,NULL,NULL,' ',1),('-','2021-01-11 11:43:11','-','2021-01-11 11:43:11',0,2321,'Average pH value of each anaerobic waste water treatment plant under LAs in NSWMSC area*','6',0,0,0,0,3,1,36,2,6,NULL,NULL,NULL,NULL,NULL,0,NULL,4,'pH value in waste water based on treatment plant type ( anaerobic)','1','14',NULL,NULL,NULL,' ',1),('-','2021-01-11 11:43:11','-','2021-01-11 11:43:11',0,2322,'Average pH value of each aerobic waste water treatment plant under LAs in NSWMSC area*','6',0,0,0,0,3,1,36,2,6,NULL,NULL,NULL,NULL,NULL,0,NULL,4,'pH value in waste water based on treatment plant type ( anaerobic)','1','14',NULL,NULL,NULL,' ',1),('-','2021-01-11 11:43:11','-','2021-01-11 11:43:11',0,2323,'Average pH value of each anaerobic waste water treatment plant under LAs in WPWMA area*','6',0,0,0,0,3,1,36,2,6,NULL,NULL,NULL,NULL,NULL,0,NULL,4,'pH value in waste water based on treatment plant type ( anaerobic)','1','14',NULL,NULL,NULL,' ',1),('-','2021-01-11 11:43:11','-','2021-01-11 11:43:11',0,2324,'Average pH value of each aerobic waste water treatment plant under LAs in WPWMA area*','6',0,0,0,0,3,1,36,2,6,NULL,NULL,NULL,NULL,NULL,0,NULL,4,'pH value in waste water based on treatment plant type ( anaerobic)','1','14',NULL,NULL,NULL,' ',1),('-','2021-01-11 11:43:11','-','2021-01-11 11:43:11',0,2325,'Number of households connected to central sewer lines estimated figure*','20000000',0,0,0,0,3,1,36,2,6,NULL,NULL,NULL,NULL,NULL,0,NULL,4,'a figure estimated based on surveys by CSD',NULL,'100000000',NULL,NULL,NULL,' ',1),('-','2021-01-11 11:43:11','-','2021-01-11 11:43:11',0,2326,' Number of households connected to central sewer lines actual figure*','20000000',0,0,0,0,3,1,36,2,6,NULL,NULL,NULL,NULL,NULL,0,NULL,4,'NWSDB will calculate from data available oon the no of houses connected to their treatment systems',NULL,'100000000',NULL,NULL,NULL,' ',1),('-','2021-01-11 11:43:11','-','2021-01-11 11:43:11',0,2327,' Number of households using own pits estimated figure*','20000000',0,0,0,0,3,1,36,2,6,NULL,NULL,NULL,NULL,NULL,0,NULL,4,'a figure estimated based on surveys by CSD',NULL,'100000000',NULL,NULL,NULL,' ',1),('-','2021-01-11 11:43:11','-','2021-01-11 11:43:11',0,2328,'Number of housing units in condominiums connected to central sewer lines*','20000000',0,0,0,0,3,1,36,2,6,NULL,NULL,NULL,NULL,NULL,0,NULL,4,'no of total housing units served by central treatment plants that are under the condomminium authrity',NULL,'100000000',NULL,NULL,NULL,' ',1),('-','2021-01-11 11:43:11','-','2021-01-11 11:43:11',0,2329,'Number of housing units in Condominiums having own treatment plants','20000000',0,0,0,0,3,1,36,2,6,NULL,NULL,NULL,NULL,NULL,0,NULL,4,'no of total housing units served by private treatment plants that are under the condomminium authrity',NULL,'100000000',NULL,NULL,NULL,' ',1),('-','2021-01-11 11:43:11','-','2021-01-11 11:43:11',0,2330,' Average pH value of waste water under purview of NWS&DB*','6',0,0,0,0,3,1,36,2,6,NULL,NULL,NULL,NULL,NULL,0,NULL,4,'pH value in waste water based on treatment plant type ','1','14',NULL,NULL,NULL,' ',1),('-','2021-01-11 11:43:11','-','2021-01-11 11:43:11',0,2331,'Average pH value of each anaerobic waste water treatment plant under purview of NWS&DB*','6',0,0,0,0,3,1,36,2,6,NULL,NULL,NULL,NULL,NULL,0,NULL,4,'pH value in waste water based on treatment plant type  ( anaerobic)','1','14',NULL,NULL,NULL,' ',1),('-','2021-01-11 11:43:11','-','2021-01-11 11:43:11',0,2332,'Average pH value of each aerobic waste water treatment plant under purview of NWS&DB*','6',0,0,0,0,3,1,36,2,6,NULL,NULL,NULL,NULL,NULL,0,NULL,4,'pH value in waste water based on treatment plant type  ( aerobic)','1','14',NULL,NULL,NULL,' ',1),('-','2021-01-11 11:43:11','-','2021-01-11 11:43:11',0,2333,'Number of hotel rooms connected to central sewer lines supported by CMC,SLTDA','2500',0,0,0,0,3,1,36,2,6,NULL,NULL,NULL,NULL,NULL,0,NULL,4,'total nnuber of rooms from all hotels using central sewer lines coming under Las and SLTDA','0','35000',NULL,NULL,NULL,' ',1),('-','2021-01-11 11:43:11','-','2021-01-11 11:43:11',0,2334,'Number of hotels rooms connected to own ( Individual) treatment plants monitered by CEA','2500',0,0,0,0,3,1,36,2,6,NULL,NULL,NULL,NULL,NULL,0,NULL,4,'total nnuber of rooms from all hotels using individual sewer lines coming under CEA','0','35000',NULL,NULL,NULL,' ',1),('-','2021-01-11 11:43:11','-','2021-01-11 11:43:11',0,2335,'Water treatment by DSD',' ',0,0,0,0,3,1,36,2,6,NULL,NULL,NULL,NULL,NULL,0,NULL,4,'Water treatment by DSD',NULL,NULL,NULL,NULL,NULL,' ',1),('-','2021-01-11 11:43:11','-','2021-01-11 11:43:11',0,2336,'Sludge disposal method (dump in managed disposal sites/un managed disposal sites/open dumping) under purview of DCS*',' ',0,0,0,0,3,1,NULL,2,6,NULL,NULL,NULL,NULL,NULL,0,NULL,4,'method of sludge disposed in as per data in DCS',NULL,NULL,NULL,NULL,NULL,' ',1),('-','2021-01-11 11:43:11','-','2021-01-11 11:43:11',0,2337,'Sludge disposal method (dump in managed disposal sites/un managed disposal sites/open dumping) under purview of CEA*',' ',0,0,0,0,3,1,NULL,2,6,NULL,NULL,NULL,NULL,NULL,0,NULL,4,'method of sludge disposed in entities under perview  of CEA',NULL,NULL,NULL,NULL,NULL,' ',1),('-','2021-01-11 11:43:11','-','2021-01-11 11:43:11',0,2338,'Sludge disposal method (dump in managed disposal sites/un managed disposal sites/open dumping)  under purview of BOI*',' ',0,0,0,0,3,1,NULL,2,6,NULL,NULL,NULL,NULL,NULL,0,NULL,4,'method of sludge disposed in entities under perview  of BOI',NULL,NULL,NULL,NULL,NULL,' ',1),('-','2021-01-11 11:43:11','-','2021-01-11 11:43:11',0,2339,'Total organically degradable matter  in the removed sludge ( S )     (kg COD/tonne of sludge) under purview of CEA*','200',0,0,0,0,3,1,37,2,6,NULL,NULL,NULL,NULL,NULL,0,NULL,4,'average TOD value of sludge removed ',NULL,'5000',NULL,NULL,NULL,' ',1),('-','2021-01-11 11:43:11','-','2021-01-11 11:43:11',0,2340,'Per capita domestic wastewater generation (litres /person/ day)*','10',0,0,0,0,3,1,110,2,6,NULL,NULL,NULL,NULL,NULL,0,NULL,4,'waste water generation per person , standard value for the country',NULL,'50',NULL,NULL,NULL,' ',1),('-','2021-01-11 11:43:11','-','2021-01-11 11:43:11',0,2341,'Average BoD generation per person','400',0,0,0,0,3,1,111,2,6,NULL,NULL,NULL,NULL,NULL,0,NULL,4,'average value of BoD per persoon in waste water , standard value for the country might differ based onn uurban rural context',NULL,'1500',NULL,NULL,NULL,' ',1),('-','2021-01-11 11:43:11','-','2021-01-11 11:43:11',0,2342,'Quantity of Oil and grease in each anaerobic waste water treatment plant under LAs in NSWMSC area','5',0,0,0,0,3,1,112,2,6,NULL,NULL,NULL,NULL,NULL,0,NULL,4,'Oil and Grease value in waste water based on treatment plant type ( anaerobic)',NULL,'1000',NULL,NULL,NULL,' ',1),('-','2021-01-11 11:43:11','-','2021-01-11 11:43:11',0,2343,'Quantity of sludge removed (tonnes/yr.) from each anaerobic waste water treatment plant  under LAs in NSWMSC area','100',0,0,0,0,3,1,113,2,6,NULL,NULL,NULL,NULL,NULL,0,NULL,4,'Sludge removed from treatemnt plants  based on treatment plant type ( anaerobic)',NULL,'5000',NULL,NULL,NULL,' ',1),('-','2021-01-11 11:43:11','-','2021-01-11 11:43:11',0,2344,'Quantity of Oil and grease in each aerobic waste water treatment plant under LAs in NSWMSC area','5',0,0,0,0,3,1,112,2,6,NULL,NULL,NULL,NULL,NULL,0,NULL,4,'Oil and Grease value in waste water based on treatment plant type ( anaerobic)',NULL,'1000',NULL,NULL,NULL,' ',1),('-','2021-01-11 11:43:11','-','2021-01-11 11:43:11',0,2345,'Quantity of sludge removed (tonnes/yr.) from each aerobic waste water treatment plant  under LAs in NSWMSC area','100',0,0,0,0,3,1,113,2,6,NULL,NULL,NULL,NULL,NULL,0,NULL,4,'Sludge removed from treatemnt plants  based on treatment plant type ( anaerobic)',NULL,'5000',NULL,NULL,NULL,' ',1),('-','2021-01-11 11:43:11','-','2021-01-11 11:43:11',0,2346,'Quantity of Oil and grease in each anaerobic waste water treatment plant under LAs in WPWMA area','5',0,0,0,0,3,1,112,2,6,NULL,NULL,NULL,NULL,NULL,0,NULL,4,'Oil and Grease value in waste water based on treatment plant type ( anaerobic)',NULL,'1000',NULL,NULL,NULL,' ',1),('-','2021-01-11 11:43:11','-','2021-01-11 11:43:11',0,2347,'Quantity of sludge removed (tonnes/yr.) from each anaerobic waste water treatment plant  under LAs in WPWMA area','100',0,0,0,0,3,1,113,2,6,NULL,NULL,NULL,NULL,NULL,0,NULL,4,'Sludge removed from treatemnt plants  based on treatment plant type ( anaerobic)',NULL,'5000',NULL,NULL,NULL,' ',1),('-','2021-01-11 11:43:11','-','2021-01-11 11:43:11',0,2348,'Quantity of Oil and grease in each aerobic waste water treatment plant under LAs in WPWMA area','5',0,0,0,0,3,1,112,2,6,NULL,NULL,NULL,NULL,NULL,0,NULL,4,'Oil and Grease value in waste water based on treatment plant type ( anaerobic)',NULL,'1000',NULL,NULL,NULL,' ',1),('-','2021-01-11 11:43:11','-','2021-01-11 11:43:11',0,2349,'Quantity of sludge removed (tonnes/yr.) from each aerobic waste water treatment plant  under LAs in WPWMA area','100',0,0,0,0,3,1,113,2,6,NULL,NULL,NULL,NULL,NULL,0,NULL,4,'Sludge removed from treatemnt plants  based on treatment plant type ( anaerobic)',NULL,'5000',NULL,NULL,NULL,' ',1),('-','2021-01-11 11:43:11','-','2021-01-11 11:43:11',0,2350,'Average Total Quantity of Oil and grease in waste water under purview of NWS&DB','5',0,0,0,0,3,1,112,2,6,NULL,NULL,NULL,NULL,NULL,0,NULL,4,'Oil and Grease value in waste water based on treatment plant type ',NULL,'1000',NULL,NULL,NULL,' ',1),('-','2021-01-11 11:43:11','-','2021-01-11 11:43:11',0,2351,'Average Quantity of sludge removed (tonnes/yr.) under purview of NWS&DB*','100',0,0,0,0,3,1,113,2,6,NULL,NULL,NULL,NULL,NULL,0,NULL,4,'Sludge removed from treatemnt plants  based on treatment plant type ',NULL,'5000',NULL,NULL,NULL,' ',1),('-','2021-01-11 11:43:11','-','2021-01-11 11:43:11',0,2352,'Quantity of sludge removed (tonnes/yr.) from each anaerobic waste water treatment plant  under purview of NWS&DB*','100',0,0,0,0,3,1,113,2,6,NULL,NULL,NULL,NULL,NULL,0,NULL,4,'Sludge removed from treatemnt plants  based on treatment plant type  ( anaerobic)',NULL,'5000',NULL,NULL,NULL,' ',1),('-','2021-01-11 11:43:11','-','2021-01-11 11:43:11',0,2353,'Quantity of Oil and grease in each aerobic waste water treatment plant under purview of NWS&DB*','5',0,0,0,0,3,1,112,2,6,NULL,NULL,NULL,NULL,NULL,0,NULL,4,'Oil and Grease value in waste water based on treatment plant type  ( aerobic)',NULL,'1000',NULL,NULL,NULL,' ',1),('-','2021-01-11 11:43:11','-','2021-01-11 11:43:11',0,2354,'Quantity of sludge removed (tonnes/yr.) from each aerobic waste water treatment plant  under purview of NWS&DB*','100',0,0,0,0,3,1,113,2,6,NULL,NULL,NULL,NULL,NULL,0,NULL,4,'Sludge removed from treatemnt plants  based on treatment plant type  ( aerobic)',NULL,'5000',NULL,NULL,NULL,' ',1),('-','2021-01-11 11:43:11','-','2021-01-11 11:43:11',0,2355,'Quantity of sludge disposed  t/year under purview of CEA*','10',0,0,0,0,3,1,113,2,6,NULL,NULL,NULL,NULL,NULL,0,NULL,4,'Sludge removed from treatemnt plants  industries under perview of CEA',NULL,'500',NULL,NULL,NULL,' ',1),('-','2021-01-11 11:43:11','-','2021-01-11 11:43:11',0,2356,'per capita waste generation in MC area','0.4',0,0,0,0,3,1,114,2,6,NULL,NULL,NULL,NULL,NULL,0,NULL,4,'waste generation per persoon in MC areas',NULL,'5',NULL,NULL,NULL,' ',1),('-','2021-01-11 11:43:11','-','2021-01-11 11:43:11',0,2357,'per capita waste generation in UC area','0.4',0,0,0,0,3,1,114,2,6,NULL,NULL,NULL,NULL,NULL,0,NULL,4,'waste generation per persoon in UC areas',NULL,'5',NULL,NULL,NULL,' ',1),('-','2021-01-11 11:43:11','-','2021-01-11 11:43:11',0,2358,'per capita waste generation in PS area','0.4',0,0,0,0,3,1,114,2,6,NULL,NULL,NULL,NULL,NULL,0,NULL,4,'waste generation per persoon in PS areas',NULL,'5',NULL,NULL,NULL,' ',1),('-','2021-01-11 11:43:11','-','2021-01-11 11:43:11',0,2359,'Quantity of sludge treated (Anaerobic Treatment) under purview of CEA','10',0,0,0,0,3,1,115,2,6,NULL,NULL,NULL,NULL,NULL,0,NULL,4,'Sludge removed from treatemnt plants  industries under perview of CEA',NULL,'500',NULL,NULL,NULL,' ',1),('-','2021-01-11 11:43:11','-','2021-01-11 11:43:11',0,2360,'Quantity of sludge treated (Composting) under purview of CEA','10',0,0,0,0,3,1,115,2,6,NULL,NULL,NULL,NULL,NULL,0,NULL,4,'Sludge removed from treatemnt plants  industries under perview of CEA',NULL,'500',NULL,NULL,NULL,' ',1),('-','2021-01-11 11:43:11','-','2021-01-11 11:43:11',0,2361,'Quantity of sludge treated (Landfilling) under purview of CEA','10',0,0,0,0,3,1,115,2,6,NULL,NULL,NULL,NULL,NULL,0,NULL,4,'Sludge removed from treatemnt plants  industries under perview of CEA',NULL,'500',NULL,NULL,NULL,' ',1),('-','2021-01-11 11:43:11','-','2021-01-11 11:43:11',0,2362,'Quantity of sludge treated (Open dumping) under purview of CEA','10',0,0,0,0,3,1,115,2,6,NULL,NULL,NULL,NULL,NULL,0,NULL,4,'Sludge removed from treatemnt plants  industries under perview of CEA',NULL,'500',NULL,NULL,NULL,' ',1),('-','2021-01-11 11:43:11','-','2021-01-11 11:43:11',0,2363,'quantity of sludge treated ( Anaerobic treatment) entities under perview of BOI','10',0,0,0,0,3,1,115,2,6,NULL,NULL,NULL,NULL,NULL,0,NULL,4,'Sludge removed from treatemnt plants  industries under perview of BOI',NULL,'500',NULL,NULL,NULL,' ',1),('-','2021-01-11 11:43:11','-','2021-01-11 11:43:11',0,2364,'quantity of sludge treated ( Composting) entities under perview of BOI','10',0,0,0,0,3,1,115,2,6,NULL,NULL,NULL,NULL,NULL,0,NULL,4,'Sludge removed from treatemnt plants  industries under perview of BOI',NULL,'500',NULL,NULL,NULL,' ',1),('-','2021-01-11 11:43:11','-','2021-01-11 11:43:11',0,2365,'quantity of sludge treated (Landfilling) entities under perview of BOI','10',0,0,0,0,3,1,115,2,6,NULL,NULL,NULL,NULL,NULL,0,NULL,4,'Sludge removed from treatemnt plants  industries under perview of BOI',NULL,'500',NULL,NULL,NULL,' ',1),('-','2021-01-11 11:43:11','-','2021-01-11 11:43:11',0,2366,'quantity of sludge treated ( Open duming) entities under perview of BOI','10',0,0,0,0,3,1,115,2,6,NULL,NULL,NULL,NULL,NULL,0,NULL,4,'Sludge removed from treatemnt plants  industries under perview of BOI',NULL,'500',NULL,NULL,NULL,' ',1),('-','2021-01-11 11:43:11','-','2021-01-11 11:43:11',0,2367,'quantity of sludge treated ( Anaerobic) entities under perview of NSWMSC','10',0,0,0,0,3,1,115,2,6,NULL,NULL,NULL,NULL,NULL,0,NULL,4,'Sludge removed from treatemnt plants  industries under perview of NSWMSC',NULL,'500',NULL,NULL,NULL,' ',1),('-','2021-01-11 11:43:11','-','2021-01-11 11:43:11',0,2368,'quantity of sludge treated ( Composting) entities under perview of  NSWMSC','10',0,0,0,0,3,1,115,2,6,NULL,NULL,NULL,NULL,NULL,0,NULL,4,'Sludge removed from treatemnt plants  industries under perview of NSWMSC',NULL,'500',NULL,NULL,NULL,' ',1),('-','2021-01-11 11:43:11','-','2021-01-11 11:43:11',0,2369,'quantity of sludge treated (Landfilling) entities under perview of NSWMSC','10',0,0,0,0,3,1,115,2,6,NULL,NULL,NULL,NULL,NULL,0,NULL,4,'Sludge removed from treatemnt plants  industries under perview of NSWMSC',NULL,'500',NULL,NULL,NULL,' ',1),('-','2021-01-11 11:43:11','-','2021-01-11 11:43:11',0,2370,'quantity of sludge treated ( Open duming) entities under perview of  NSWMSC','10',0,0,0,0,3,1,115,2,6,NULL,NULL,NULL,NULL,NULL,0,NULL,4,'Sludge removed from treatemnt plants  industries under perview of NSWMSC',NULL,'500',NULL,NULL,NULL,' ',1),('-','2021-01-11 11:43:11','-','2021-01-11 11:43:11',0,2371,'quantity of sludge treated ( Anaerobic) entities under perview of WPWMA','10',0,0,0,0,3,1,115,2,6,NULL,NULL,NULL,NULL,NULL,0,NULL,4,'Sludge removed from treatemnt plants  industries under perview of WPWMA',NULL,'500',NULL,NULL,NULL,' ',1),('-','2021-01-11 11:43:11','-','2021-01-11 11:43:11',0,2372,'quantity of sludge treated ( Composting) entities under perview of WPWMA','10',0,0,0,0,3,1,115,2,6,NULL,NULL,NULL,NULL,NULL,0,NULL,4,'Sludge removed from treatemnt plants  industries under perview of WPWMA',NULL,'500',NULL,NULL,NULL,' ',1),('-','2021-01-11 11:43:11','-','2021-01-11 11:43:11',0,2373,'quantity of sludge treated (Landfilling) entities under perview of WPWMA','10',0,0,0,0,3,1,115,2,6,NULL,NULL,NULL,NULL,NULL,0,NULL,4,'Sludge removed from treatemnt plants  industries under perview of WPWMA',NULL,'500',NULL,NULL,NULL,' ',1),('-','2021-01-11 11:43:11','-','2021-01-11 11:43:11',0,2374,'quantity of sludge treated ( Open duming) entities under perview of WPWMA','10',0,0,0,0,3,1,115,2,6,NULL,NULL,NULL,NULL,NULL,0,NULL,4,'Sludge removed from treatemnt plants  industries under perview of WPWMA',NULL,'500',NULL,NULL,NULL,' ',1),('-','2021-01-11 11:43:11','-','2021-01-11 11:43:11',0,2375,'Fraction of   wood waste in total waste under purview of NSWMSC','0.3',0,0,0,0,3,1,116,2,6,NULL,NULL,NULL,NULL,NULL,0,NULL,4,'estimated figures by NSWMSCfor nnational value of the fraction',NULL,'1',NULL,NULL,NULL,' ',1),('-','2021-01-11 11:43:11','-','2021-01-11 11:43:11',0,2376,'Fraction of   textile waste in total waste under purview of NSWMSC','0.3',0,0,0,0,3,1,116,2,6,NULL,NULL,NULL,NULL,NULL,0,NULL,4,'estimated figures by NSWMSCfor nnational value of the fraction',NULL,'1',NULL,NULL,NULL,' ',1),('-','2021-01-11 11:43:11','-','2021-01-11 11:43:11',0,2377,'Fraction of  food  waste in total waste under purview of NSWMSC','0.3',0,0,0,0,3,1,116,2,6,NULL,NULL,NULL,NULL,NULL,0,NULL,4,'estimated figures by NSWMSCfor nnational value of the fraction',NULL,'1',NULL,NULL,NULL,' ',1),('-','2021-01-11 11:43:11','-','2021-01-11 11:43:11',0,2378,'Fraction of   garden and park waste in total waste under purview of NSWMSC','0.3',0,0,0,0,3,1,116,2,6,NULL,NULL,NULL,NULL,NULL,0,NULL,4,'estimated figures by NSWMSCfor nnational value of the fraction',NULL,'1',NULL,NULL,NULL,' ',1),('-','2021-01-11 11:43:11','-','2021-01-11 11:43:11',0,2379,'Fraction of    glass waste in total waste under purview of NSWMSC','0.3',0,0,0,0,3,1,116,2,6,NULL,NULL,NULL,NULL,NULL,0,NULL,4,'estimated figures by NSWMSCfor nnational value of the fraction',NULL,'1',NULL,NULL,NULL,' ',1),('-','2021-01-11 11:43:11','-','2021-01-11 11:43:11',0,2380,'Fraction of  metal waste in total waste under purview of NSWMSC','0.3',0,0,0,0,3,1,116,2,6,NULL,NULL,NULL,NULL,NULL,0,NULL,4,'estimated figures by NSWMSCfor nnational value of the fraction',NULL,'1',NULL,NULL,NULL,' ',1),('-','2021-01-11 11:43:11','-','2021-01-11 11:43:11',0,2381,'Fraction of  nappies waste in total waste under purview of NSWMSC','0.3',0,0,0,0,3,1,116,2,6,NULL,NULL,NULL,NULL,NULL,0,NULL,4,'estimated figures by NSWMSCfor nnational value of the fraction',NULL,'1',NULL,NULL,NULL,' ',1),('-','2021-01-11 11:43:11','-','2021-01-11 11:43:11',0,2382,'Fraction of   other  waste in total waste under purview of NSWMSC','0.3',0,0,0,0,3,1,116,2,6,NULL,NULL,NULL,NULL,NULL,0,NULL,4,'estimated figures by NSWMSCfor nnational value of the fraction',NULL,'1',NULL,NULL,NULL,' ',1),('-','2021-01-11 11:43:11','-','2021-01-11 11:43:11',0,2383,'Fraction of    paper & cardboard waste in total waste under purview of NSWMSC','0.3',0,0,0,0,3,1,116,2,6,NULL,NULL,NULL,NULL,NULL,0,NULL,4,'estimated figures by NSWMSCfor nnational value of the fraction',NULL,'1',NULL,NULL,NULL,' ',1),('-','2021-01-11 11:43:11','-','2021-01-11 11:43:11',0,2384,'Fraction of   plastic  waste in total waste under purview of NSWMSC','0.3',0,0,0,0,3,1,116,2,6,NULL,NULL,NULL,NULL,NULL,0,NULL,4,'estimated figures by NSWMSCfor nnational value of the fraction',NULL,'1',NULL,NULL,NULL,' ',1),('-','2021-01-11 11:43:11','-','2021-01-11 11:43:11',0,2385,'Fraction of   rubber & leather waste in total waste under purview of NSWMSC','0.3',0,0,0,0,3,1,116,2,6,NULL,NULL,NULL,NULL,NULL,0,NULL,4,'actucal waste collected by Each LA reported to NSWMSC',NULL,'1',NULL,NULL,NULL,' ',1),('-','2021-01-11 11:43:11','-','2021-01-11 11:43:11',0,2386,'Fraction of   wood waste in total waste for each LA under NSWMSC','0.3',0,0,0,0,3,1,116,2,6,NULL,NULL,NULL,NULL,NULL,0,NULL,4,'actucal waste collected by Each LA reported to NSWMSC',NULL,'1',NULL,NULL,NULL,' ',1),('-','2021-01-11 11:43:11','-','2021-01-11 11:43:11',0,2387,'Fraction of  textile waste in total waste for each LA under NSWMSC','0.3',0,0,0,0,3,1,116,2,6,NULL,NULL,NULL,NULL,NULL,0,NULL,4,'actucal waste collected by Each LA reported to NSWMSC',NULL,'1',NULL,NULL,NULL,' ',1),('-','2021-01-11 11:43:11','-','2021-01-11 11:43:11',0,2388,'Fraction of food waste in total waste for each LA under NSWMSC','0.3',0,0,0,0,3,1,116,2,6,NULL,NULL,NULL,NULL,NULL,0,NULL,4,'actucal waste collected by Each LA reported to NSWMSC',NULL,'1',NULL,NULL,NULL,' ',1),('-','2021-01-11 11:43:11','-','2021-01-11 11:43:11',0,2389,'Fraction of garden and park waste in total waste for each LA under NSWMSC','0.3',0,0,0,0,3,1,116,2,6,NULL,NULL,NULL,NULL,NULL,0,NULL,4,'actucal waste collected by Each LA reported to NSWMSC',NULL,'1',NULL,NULL,NULL,' ',1),('-','2021-01-11 11:43:11','-','2021-01-11 11:43:11',0,2390,'Fraction of glass waste in total waste for each LA under NSWMSC','0.3',0,0,0,0,3,1,116,2,6,NULL,NULL,NULL,NULL,NULL,0,NULL,4,'actucal waste collected by Each LA reported to NSWMSC',NULL,'1',NULL,NULL,NULL,' ',1),('-','2021-01-11 11:43:11','-','2021-01-11 11:43:11',0,2391,'Fraction of metal waste in total waste for each LA under NSWMSC','0.3',0,0,0,0,3,1,116,2,6,NULL,NULL,NULL,NULL,NULL,0,NULL,4,'actucal waste collected by Each LA reported to NSWMSC',NULL,'1',NULL,NULL,NULL,' ',1),('-','2021-01-11 11:43:11','-','2021-01-11 11:43:11',0,2392,'Fraction of nappies waste in total waste for each LA under NSWMSC','0.3',0,0,0,0,3,1,116,2,6,NULL,NULL,NULL,NULL,NULL,0,NULL,4,'actucal waste collected by Each LA reported to NSWMSC',NULL,'1',NULL,NULL,NULL,' ',1),('-','2021-01-11 11:43:11','-','2021-01-11 11:43:11',0,2393,'Fraction of other waste in total waste for each LA under NSWMSC','0.3',0,0,0,0,3,1,116,2,6,NULL,NULL,NULL,NULL,NULL,0,NULL,4,'actucal waste collected by Each LA reported to NSWMSC',NULL,'1',NULL,NULL,NULL,' ',1),('-','2021-01-11 11:43:11','-','2021-01-11 11:43:11',0,2394,'Fraction of paper & cardboard waste in total waste for each LA under NSWMSC','0.3',0,0,0,0,3,1,116,2,6,NULL,NULL,NULL,NULL,NULL,0,NULL,4,'actucal waste collected by Each LA reported to NSWMSC',NULL,'1',NULL,NULL,NULL,' ',1),('-','2021-01-11 11:43:11','-','2021-01-11 11:43:11',0,2395,'Fraction of plastic waste in total waste for each LA under NSWMSC','0.3',0,0,0,0,3,1,116,2,6,NULL,NULL,NULL,NULL,NULL,0,NULL,4,'actucal waste collected by Each LA reported to NSWMSC',NULL,'1',NULL,NULL,NULL,' ',1),('-','2021-01-11 11:43:11','-','2021-01-11 11:43:11',0,2396,'Fraction of rubber & leather waste in total waste for each LA under NSWMSC','0.3',0,0,0,0,3,1,116,2,6,NULL,NULL,NULL,NULL,NULL,0,NULL,4,'estimiated figure for waste geneerted in WP by WPWMA',NULL,'1',NULL,NULL,NULL,' ',1),('-','2021-01-11 11:43:11','-','2021-01-11 11:43:11',0,2397,'Fraction of   wood waste in total waste under WPWMA','0.3',0,0,0,0,3,1,116,2,6,NULL,NULL,NULL,NULL,NULL,0,NULL,4,'estimate for each type of waste generated in WP by WPWMA',NULL,'1',NULL,NULL,NULL,' ',1),('-','2021-01-11 11:43:11','-','2021-01-11 11:43:11',0,2398,'Fraction of  textile waste in total waste under WPWMA','0.3',0,0,0,0,3,1,116,2,6,NULL,NULL,NULL,NULL,NULL,0,NULL,4,'estimate for each type of waste generated in WP by WPWMA',NULL,'1',NULL,NULL,NULL,' ',1),('-','2021-01-11 11:43:11','-','2021-01-11 11:43:11',0,2399,'Fraction of food waste in total waste under WPWMA','0.3',0,0,0,0,3,1,116,2,6,NULL,NULL,NULL,NULL,NULL,0,NULL,4,'estimate for each type of waste generated in WP by WPWMA',NULL,'1',NULL,NULL,NULL,' ',1),('-','2021-01-11 11:43:11','-','2021-01-11 11:43:11',0,2400,'Fraction of garden and park waste in total waste under WPWMA','0.3',0,0,0,0,3,1,116,2,6,NULL,NULL,NULL,NULL,NULL,0,NULL,4,'estimate for each type of waste generated in WP by WPWMA',NULL,'1',NULL,NULL,NULL,' ',1),('-','2021-01-11 11:43:11','-','2021-01-11 11:43:11',0,2401,'Fraction of glass waste in total waste under WPWMA','0.3',0,0,0,0,3,1,116,2,6,NULL,NULL,NULL,NULL,NULL,0,NULL,4,'estimate for each type of waste generated in WP by WPWMA',NULL,'1',NULL,NULL,NULL,' ',1),('-','2021-01-11 11:43:11','-','2021-01-11 11:43:11',0,2402,'Fraction of metal waste in total waste under WPWMA','0.3',0,0,0,0,3,1,116,2,6,NULL,NULL,NULL,NULL,NULL,0,NULL,4,'estimate for each type of waste generated in WP by WPWMA',NULL,'1',NULL,NULL,NULL,' ',1),('-','2021-01-11 11:43:11','-','2021-01-11 11:43:11',0,2403,'Fraction of nappies waste in total waste under WPWMA','0.3',0,0,0,0,3,1,116,2,6,NULL,NULL,NULL,NULL,NULL,0,NULL,4,'estimate for each type of waste generated in WP by WPWMA',NULL,'1',NULL,NULL,NULL,' ',1),('-','2021-01-11 11:43:11','-','2021-01-11 11:43:11',0,2404,'Fraction of other waste in total waste under WPWMA','0.3',0,0,0,0,3,1,116,2,6,NULL,NULL,NULL,NULL,NULL,0,NULL,4,'estimate for each type of waste generated in WP by WPWMA',NULL,'1',NULL,NULL,NULL,' ',1),('-','2021-01-11 11:43:11','-','2021-01-11 11:43:11',0,2405,'Fraction of paper & cardboard waste in total waste under WPWMA','0.3',0,0,0,0,3,1,116,2,6,NULL,NULL,NULL,NULL,NULL,0,NULL,4,'estimate for each type of waste generated in WP by WPWMA',NULL,'1',NULL,NULL,NULL,' ',1),('-','2021-01-11 11:43:11','-','2021-01-11 11:43:11',0,2406,'Fraction of plastic waste in total waste under WPWMA','0.3',0,0,0,0,3,1,116,2,6,NULL,NULL,NULL,NULL,NULL,0,NULL,4,'estimate for each type of waste generated in WP by WPWMA',NULL,'1',NULL,NULL,NULL,' ',1),('-','2021-01-11 11:43:11','-','2021-01-11 11:43:11',0,2407,'Fraction of rubber & leather waste in total waste under WPWMA','0.3',0,0,0,0,3,1,116,2,6,NULL,NULL,NULL,NULL,NULL,0,NULL,4,'estimate for each type of waste generated in WP by WPWMA',NULL,'1',NULL,NULL,NULL,' ',1),('-','2021-01-11 11:43:11','-','2021-01-11 11:43:11',0,2408,'Fraction of   wood waste in total waste for each LA under WPWMA','0.3',0,0,0,0,3,1,116,2,6,NULL,NULL,NULL,NULL,NULL,0,NULL,4,'fraction waste collected based on type by Each LA reported to WPWMA',NULL,'1',NULL,NULL,NULL,' ',1),('-','2021-01-11 11:43:11','-','2021-01-11 11:43:11',0,2409,'Fraction of  textile waste in total waste for each LA under WPWMA','0.3',0,0,0,0,3,1,116,2,6,NULL,NULL,NULL,NULL,NULL,0,NULL,4,'fraction waste collected based on type by Each LA reported to WPWMA',NULL,'1',NULL,NULL,NULL,' ',1),('-','2021-01-11 11:43:11','-','2021-01-11 11:43:11',0,2410,'Fraction of food waste in total waste for each LA under WPWMA','0.3',0,0,0,0,3,1,116,2,6,NULL,NULL,NULL,NULL,NULL,0,NULL,4,'fraction waste collected based on type by Each LA reported to WPWMA',NULL,'1',NULL,NULL,NULL,' ',1),('-','2021-01-11 11:43:11','-','2021-01-11 11:43:11',0,2411,'Fraction of garden and park waste in total waste for each LA under WPWMA','0.3',0,0,0,0,3,1,116,2,6,NULL,NULL,NULL,NULL,NULL,0,NULL,4,'fraction waste collected based on type by Each LA reported to WPWMA',NULL,'1',NULL,NULL,NULL,' ',1),('-','2021-01-11 11:43:11','-','2021-01-11 11:43:11',0,2412,'Fraction of glass waste in total waste for each LA under WPWMA','0.3',0,0,0,0,3,1,116,2,6,NULL,NULL,NULL,NULL,NULL,0,NULL,4,'fraction waste collected based on type by Each LA reported to WPWMA',NULL,'1',NULL,NULL,NULL,' ',1),('-','2021-01-11 11:43:11','-','2021-01-11 11:43:11',0,2413,'Fraction of metal waste in total waste for each LA under WPWMA','0.3',0,0,0,0,3,1,116,2,6,NULL,NULL,NULL,NULL,NULL,0,NULL,4,'fraction waste collected based on type by Each LA reported to WPWMA',NULL,'1',NULL,NULL,NULL,' ',1),('-','2021-01-11 11:43:11','-','2021-01-11 11:43:11',0,2414,'Fraction of nappies waste in total waste for each LA under WPWMA','0.3',0,0,0,0,3,1,116,2,6,NULL,NULL,NULL,NULL,NULL,0,NULL,4,'fraction waste collected based on type by Each LA reported to WPWMA',NULL,'1',NULL,NULL,NULL,' ',1),('-','2021-01-11 11:43:11','-','2021-01-11 11:43:11',0,2415,'Fraction of other waste in total waste for each LA under WPWMA','0.3',0,0,0,0,3,1,116,2,6,NULL,NULL,NULL,NULL,NULL,0,NULL,4,'fraction waste collected based on type by Each LA reported to WPWMA',NULL,'1',NULL,NULL,NULL,' ',1),('-','2021-01-11 11:43:11','-','2021-01-11 11:43:11',0,2416,'Fraction of paper & cardboard waste in total waste for each LA under WPWMA','0.3',0,0,0,0,3,1,116,2,6,NULL,NULL,NULL,NULL,NULL,0,NULL,4,'fraction waste collected based on type by Each LA reported to WPWMA',NULL,'1',NULL,NULL,NULL,' ',1),('-','2021-01-11 11:43:11','-','2021-01-11 11:43:11',0,2417,'Fraction of plastic waste in total waste for each LA under WPWMA','0.3',0,0,0,0,3,1,116,2,6,NULL,NULL,NULL,NULL,NULL,0,NULL,4,'fraction waste collected based on type by Each LA reported to WPWMA',NULL,'1',NULL,NULL,NULL,' ',1),('-','2021-01-11 11:43:11','-','2021-01-11 11:43:11',0,2418,'Fraction of rubber & leather waste in total waste for each LA under WPWMA','0.3',0,0,0,0,3,1,116,2,6,NULL,NULL,NULL,NULL,NULL,0,NULL,4,'fraction waste collected based on type by Each LA reported to WPWMA',NULL,'1',NULL,NULL,NULL,' ',1),('-','2021-01-11 11:43:11','-','2021-01-11 11:43:11',0,2419,'Fraction of MS solid waste composted ( National value) under purview of NSWMSC','0.3',0,0,0,0,3,1,116,2,6,NULL,NULL,NULL,NULL,NULL,0,NULL,4,'waste composted at central collection centers by LA s',NULL,'1',NULL,NULL,NULL,' ',1),('-','2021-01-11 11:43:11','-','2021-01-11 11:43:11',0,2420,'Fraction of MS solid waste composted ( Provincial value) under purview of WPWMA','0.3',0,0,0,0,3,1,116,2,6,NULL,NULL,NULL,NULL,NULL,0,NULL,4,'fraction of textile in totoal was managed inhous eby industries ',NULL,'1',NULL,NULL,NULL,' ',1),('-','2021-01-11 11:43:11','-','2021-01-11 11:43:11',0,2421,'Fraction of  textile in total industrial waste under perview of CEA','0.3',0,0,0,0,3,1,116,2,6,NULL,NULL,NULL,NULL,NULL,0,NULL,4,'fraction of construction and demolition in totoal was managed inhous eby industries ',NULL,'1',NULL,NULL,NULL,' ',1),('-','2021-01-11 11:43:11','-','2021-01-11 11:43:11',0,2422,'Fraction of construction and demolition waste in total industrial waste under perview of CEA','0.3',0,0,0,0,3,1,116,2,6,NULL,NULL,NULL,NULL,NULL,0,NULL,4,'fraction of textile in totoal was managed inhous eby industries ',NULL,'1',NULL,NULL,NULL,' ',1),('-','2021-01-11 11:43:11','-','2021-01-11 11:43:11',0,2423,' Fraction of food beverage and tobacco waste in total industrial waste under perview of CEA','0.3',0,0,0,0,3,1,116,2,6,NULL,NULL,NULL,NULL,NULL,0,NULL,4,'fraction of food beverage and tobacco in totoal was managed inhous eby industries ',NULL,'1',NULL,NULL,NULL,' ',1),('-','2021-01-11 11:43:11','-','2021-01-11 11:43:11',0,2424,'Fraction of paper & pulp in total industrial waste under perview of CEA','0.3',0,0,0,0,3,1,116,2,6,NULL,NULL,NULL,NULL,NULL,0,NULL,4,'fraction of paper and pulp in totoal was managed inhous eby industries ',NULL,'1',NULL,NULL,NULL,' ',1),('-','2021-01-11 11:43:11','-','2021-01-11 11:43:11',0,2425,'Fraction of petroleum , solvent & plastics  in total industrial waste under perview of CEA','0.3',0,0,0,0,3,1,116,2,6,NULL,NULL,NULL,NULL,NULL,0,NULL,4,'fraction of petrolium, solvent and plastic in totoal was managed inhous eby industries ',NULL,'1',NULL,NULL,NULL,' ',1),('-','2021-01-11 11:43:11','-','2021-01-11 11:43:11',0,2426,'Fraction of rubber & leather in total industrial waste under perview of CEA','0.3',0,0,0,0,3,1,116,2,6,NULL,NULL,NULL,NULL,NULL,0,NULL,4,'fraction of rubber and leather in totoal was managed inhous eby industries ',NULL,'1',NULL,NULL,NULL,' ',1),('-','2021-01-11 11:43:11','-','2021-01-11 11:43:11',0,2427,'Fraction of wood and wood product in total industrial waste under perview of CEA','0.3',0,0,0,0,3,1,116,2,6,NULL,NULL,NULL,NULL,NULL,0,NULL,4,'fraction of wood in totoal was managed inhous eby industries ',NULL,'1',NULL,NULL,NULL,' ',1),('-','2021-01-11 11:43:11','-','2021-01-11 11:43:11',0,2428,'Fraction of  textile in total industrial waste under perview of BoI','0.3',0,0,0,0,3,1,116,2,6,NULL,NULL,NULL,NULL,NULL,0,NULL,4,'amount of methane recovered from waste management processes by industries',NULL,'1',NULL,NULL,NULL,' ',1),('-','2021-01-11 11:43:11','-','2021-01-11 11:43:11',0,2429,'Fraction of construction and demolition waste in total industrial waste under perview of BOI','0.3',0,0,0,0,3,1,116,2,6,NULL,NULL,NULL,NULL,NULL,0,NULL,4,'fraction of the waste type on total waste in industries in BOI zones',NULL,'1',NULL,NULL,NULL,' ',1),('-','2021-01-11 11:43:11','-','2021-01-11 11:43:11',0,2430,'Fraction of food beverage and tobacco waste in total industrial waste under perview of BOI','0.3',0,0,0,0,3,1,116,2,6,NULL,NULL,NULL,NULL,NULL,0,NULL,4,'fraction of the waste type on total waste in industries in BOI zones',NULL,'1',NULL,NULL,NULL,' ',1),('-','2021-01-11 11:43:11','-','2021-01-11 11:43:11',0,2431,'Fraction of paper & pulp in total industrial waste under perview of BOI','0.3',0,0,0,0,3,1,116,2,6,NULL,NULL,NULL,NULL,NULL,0,NULL,4,'fraction of the waste type on total waste in industries in BOI zones',NULL,'1',NULL,NULL,NULL,' ',1),('-','2021-01-11 11:43:11','-','2021-01-11 11:43:11',0,2432,' Fraction of petroleum , solvent & plastics  in total industrial waste under perview of BOI','0.3',0,0,0,0,3,1,116,2,6,NULL,NULL,NULL,NULL,NULL,0,NULL,4,'fraction of the waste type on total waste in industries in BOI zones',NULL,'1',NULL,NULL,NULL,' ',1),('-','2021-01-11 11:43:11','-','2021-01-11 11:43:11',0,2433,'Fraction of rubber & leather in total industrial waste under perview of BOI','0.3',0,0,0,0,3,1,116,2,6,NULL,NULL,NULL,NULL,NULL,0,NULL,4,'fraction of the waste type on total waste in industries in BOI zones',NULL,'1',NULL,NULL,NULL,' ',1),('-','2021-01-11 11:43:11','-','2021-01-11 11:43:11',0,2434,'Fraction of wood and wood product in total industrial waste under perview of BOI','0.3',0,0,0,0,3,1,116,2,6,NULL,NULL,NULL,NULL,NULL,0,NULL,4,'fraction of the waste type on total waste in industries in BOI zones',NULL,'1',NULL,NULL,NULL,' ',1),('-','2021-01-11 11:43:11','-','2021-01-11 11:43:11',0,2435,'Methane Correction Factor','0.2',0,0,0,0,3,1,116,2,6,NULL,NULL,NULL,NULL,NULL,0,NULL,4,'amount of methane recovered in waste management in BOI zones',NULL,'1',NULL,NULL,NULL,' ',1),('-','2021-01-11 11:43:11','-','2021-01-11 11:43:11',0,2436,'Oxidation  factor','0.1',0,0,0,0,3,1,116,2,6,NULL,NULL,NULL,NULL,NULL,0,NULL,4,'a factor to be entered after conducting specific related research for general waste',NULL,'1',NULL,NULL,NULL,' ',1),('-','2021-01-11 11:43:11','-','2021-01-11 11:43:11',0,2437,'Methane Generation Potential of MSW Disposed ','0.001',0,0,0,0,3,1,116,2,6,NULL,NULL,NULL,NULL,NULL,0,NULL,4,'a factor to be entered after conducting specific related research for general waste',NULL,'1',NULL,NULL,NULL,' ',1),('-','2021-01-11 11:43:11','-','2021-01-11 11:43:11',0,2438,'Degradable organic carbon fraction','0.4',0,0,0,0,3,1,116,2,6,NULL,NULL,NULL,NULL,NULL,0,NULL,4,'a factor to be entered after conducting specific related research for general waste',NULL,'1',NULL,NULL,NULL,' ',1),('-','2021-01-11 11:43:11','-','2021-01-11 11:43:11',0,2439,'DOC in MS dry waste','0.8',0,0,0,0,3,1,116,2,6,NULL,NULL,NULL,NULL,NULL,0,NULL,4,'a factor to be entered after conducting specific related research for general waste',NULL,'1',NULL,NULL,NULL,' ',1),('-','2021-01-11 11:43:11','-','2021-01-11 11:43:11',0,2440,'DOC in MS wet waste','0.4',0,0,0,0,3,1,116,2,6,NULL,NULL,NULL,NULL,NULL,0,NULL,4,'a factor to be entered after conducting specific related research for general waste',NULL,'1',NULL,NULL,NULL,' ',1),('-','2021-01-11 11:43:11','-','2021-01-11 11:43:11',0,2441,'Dry matter content in MS wet waste','0.6',0,0,0,0,3,1,116,2,6,NULL,NULL,NULL,NULL,NULL,0,NULL,4,'a factor to be entered after conducting specific related research for general waste',NULL,'1',NULL,NULL,NULL,' ',1),('-','2021-01-11 11:43:11','-','2021-01-11 11:43:11',0,2442,'Fossil MS carbon fraction','0.6',0,0,0,0,3,1,116,2,6,NULL,NULL,NULL,NULL,NULL,0,NULL,4,'a factor to be entered after conducting specific related research for general waste',NULL,'1',NULL,NULL,NULL,' ',1),('-','2021-01-11 11:43:11','-','2021-01-11 11:43:11',0,2443,'Evaporation data  under perview of DoI',' ',0,0,0,0,3,1,NULL,3,20,NULL,NULL,NULL,NULL,NULL,0,NULL,4,'Evaporation data  under perview of DoI',NULL,'1',NULL,NULL,NULL,' ',1),('-','2021-01-11 11:43:11','-','2021-01-11 11:43:11',0,2444,'Catchment/command area ratio',' ',0,0,0,0,3,1,61,3,20,NULL,NULL,NULL,NULL,NULL,0,NULL,4,'Catchment/command area ratio',NULL,'1',NULL,NULL,NULL,' ',1),('-','2021-01-11 11:43:11','-','2021-01-11 11:43:11',0,2445,'Shape file of tank data',' ',0,0,0,0,3,1,NULL,3,20,NULL,NULL,NULL,NULL,NULL,0,NULL,4,'Shape files / Table',NULL,'1',NULL,NULL,NULL,' ',1),('-','2021-01-11 11:43:11','-','2021-01-11 11:43:11',0,2446,'Tank data under perview of DoI',' ',0,0,0,0,3,1,NULL,3,20,NULL,NULL,NULL,NULL,NULL,0,NULL,4,'Tank data under perview of DoI',NULL,'1',NULL,NULL,NULL,' ',1),('-','2021-01-11 11:43:11','-','2021-01-11 11:43:11',0,2447,'Water falls in Sri Lanka',' ',0,0,0,0,3,1,NULL,3,20,NULL,NULL,NULL,NULL,NULL,0,NULL,4,'Water falls in Sri Lanka',NULL,'1',NULL,NULL,NULL,' ',1),('-','2021-01-11 11:43:11','-','2021-01-11 11:43:11',0,2448,'Future Programmes and projects to enhance water security.',' ',0,0,0,0,3,1,NULL,3,20,NULL,NULL,NULL,NULL,NULL,0,NULL,4,'Future Programmes and projects to enhance water security.',NULL,'1',NULL,NULL,NULL,' ',1),('-','2021-01-11 11:43:11','-','2021-01-11 11:43:11',0,2449,'Mahaweli project area boundary and related data ',' ',0,0,0,0,3,1,NULL,3,20,NULL,NULL,NULL,NULL,NULL,0,NULL,4,'Mahaweli project area boundary and related data ',NULL,'1',NULL,NULL,NULL,' ',1),('-','2021-01-11 11:43:11','-','2021-01-11 11:43:11',0,2450,'Shape files of possible water intake developments',' ',0,0,0,0,3,1,NULL,3,20,NULL,NULL,NULL,NULL,NULL,0,NULL,4,'Shape files / Table',NULL,'1',NULL,NULL,NULL,' ',1),('-','2021-01-11 11:43:11','-','2021-01-11 11:43:11',0,2451,'Shape files of salt Water Intrusion of water bodies.',' ',0,0,0,0,3,1,NULL,3,20,NULL,NULL,NULL,NULL,NULL,0,NULL,4,'Shape files / Table',NULL,'1',NULL,NULL,NULL,' ',1),('-','2021-01-11 11:43:11','-','2021-01-11 11:43:11',0,2452,'Shape files of water quality of the existing water bodies which as potential to take drinking water.',' ',0,0,0,0,3,1,NULL,3,20,NULL,NULL,NULL,NULL,NULL,0,NULL,4,'Shape files / Table',NULL,'1',NULL,NULL,NULL,' ',1),('-','2021-01-11 11:43:11','-','2021-01-11 11:43:11',0,2453,'Shape files distribution of water intakes',' ',0,0,0,0,3,1,NULL,3,20,NULL,NULL,NULL,NULL,NULL,0,NULL,4,'Shape files / Table',NULL,'1',NULL,NULL,NULL,' ',1),('-','2021-01-11 11:43:11','-','2021-01-11 11:43:11',0,2454,'Community Water supply projects',' ',0,0,0,0,3,1,NULL,3,20,NULL,NULL,NULL,NULL,NULL,0,NULL,4,'Shape files / Table',NULL,'1',NULL,NULL,NULL,' ',1),('-','2021-01-11 11:43:11','-','2021-01-11 11:43:11',0,2455,'Water supply augmentation plan',' ',0,0,0,0,3,1,NULL,3,20,NULL,NULL,NULL,NULL,NULL,0,NULL,4,'Shape files / Table',NULL,'1',NULL,NULL,NULL,' ',1),('-','2021-01-11 11:43:11','-','2021-01-11 11:43:11',0,2456,'Incident of Salt water intrusions to water intake points of water supply schemes',' ',0,0,0,0,3,1,NULL,3,20,NULL,NULL,NULL,NULL,NULL,0,NULL,4,'Shape files / Table',NULL,'1',NULL,NULL,NULL,' ',1),('-','2021-01-11 11:43:11','-','2021-01-11 11:43:11',0,2457,'Shape files of small water supply schemes',' ',0,0,0,0,3,1,NULL,3,20,NULL,NULL,NULL,NULL,NULL,0,NULL,4,'Shape files / Table',NULL,'1',NULL,NULL,NULL,' ',1),('-','2021-01-11 11:43:11','-','2021-01-11 11:43:11',0,2458,'Per capita water distribution deviation from normal',' ',0,0,0,0,3,1,NULL,3,20,NULL,NULL,NULL,NULL,NULL,0,NULL,4,'Shape files / Table',NULL,'1',NULL,NULL,NULL,' ',1),('-','2021-01-11 11:43:11','-','2021-01-11 11:43:11',0,2459,'Shape files of command area of water supply schemes ',' ',0,0,0,0,3,1,NULL,3,20,NULL,NULL,NULL,NULL,NULL,0,NULL,4,'Shape files / Table',NULL,'1',NULL,NULL,NULL,' ',1),('-','2021-01-11 11:43:11','-','2021-01-11 11:43:11',0,2460,'No. of water cuts events ',' ',0,0,0,0,3,1,61,3,20,NULL,NULL,NULL,NULL,NULL,0,NULL,4,'Shape files / Table',NULL,'1',NULL,NULL,NULL,' ',1),('-','2021-01-11 11:43:11','-','2021-01-11 11:43:11',0,2461,'Water towers distribution map',' ',0,0,0,0,3,1,NULL,3,20,NULL,NULL,NULL,NULL,NULL,0,NULL,4,'Shape files / Table',NULL,'1',NULL,NULL,NULL,' ',1),('-','2021-01-11 11:43:11','-','2021-01-11 11:43:11',0,2462,'Shape files of proposed fluid gates for prevent salt water intrusion.',' ',0,0,0,0,3,1,NULL,3,20,NULL,NULL,NULL,NULL,NULL,0,NULL,4,'Shape files of proposed fluid gates for prevent salt water intrusion.',NULL,'1',NULL,NULL,NULL,' ',1),('-','2021-01-11 11:43:11','-','2021-01-11 11:43:11',0,2463,'Shape files of fluid gate distribution in the coastal zone',' ',0,0,0,0,3,1,NULL,3,20,NULL,NULL,NULL,NULL,NULL,0,NULL,4,'Shape files of fluid gate distribution in the coastal zone',NULL,'1',NULL,NULL,NULL,' ',1),('-','2021-01-11 11:43:11','-','2021-01-11 11:43:11',0,2464,'Shape files of irrigation plans',' ',0,0,0,0,3,1,NULL,3,20,NULL,NULL,NULL,NULL,NULL,0,NULL,4,'Shape files of irrigation plans',NULL,'1',NULL,NULL,NULL,' ',1),('-','2021-01-11 11:43:11','-','2021-01-11 11:43:11',0,2465,'Shape files of tank distribution under Irrigation department',' ',0,0,0,0,3,1,NULL,3,20,NULL,NULL,NULL,NULL,NULL,0,NULL,4,'Shape files of tank distribution under Irrigation department',NULL,'1',NULL,NULL,NULL,' ',1),('-','2021-01-11 11:43:11','-','2021-01-11 11:43:11',0,2466,'Shape files of flood control structures',' ',0,0,0,0,3,1,NULL,3,20,NULL,NULL,NULL,NULL,NULL,0,NULL,4,'Shape files of flood control structures',NULL,'1',NULL,NULL,NULL,' ',1),('-','2021-01-11 11:43:11','-','2021-01-11 11:43:11',0,2467,'Shape files of flood inundation area maps',' ',0,0,0,0,3,1,NULL,3,20,NULL,NULL,NULL,NULL,NULL,0,NULL,4,'Shape files of flood inundation area maps',NULL,'1',NULL,NULL,NULL,' ',1),('-','2021-01-11 11:43:11','-','2021-01-11 11:43:11',0,2468,'Small water supply schemes including rain water harvesting units by DSD',' ',0,0,0,0,3,1,NULL,3,20,NULL,NULL,NULL,NULL,NULL,0,NULL,4,'Small water supply schemes including rain water harvesting units by DSD',NULL,'1',NULL,NULL,NULL,' ',1),('-','2021-01-11 11:43:11','-','2021-01-11 11:43:11',0,2469,'Shape files\\list of rainwater harvesting tanks (Households in DSD)',' ',0,0,0,0,3,1,NULL,3,20,NULL,NULL,NULL,NULL,NULL,0,NULL,4,'Shape files/ list',NULL,'1',NULL,NULL,NULL,' ',1),('-','2021-01-11 11:43:11','-','2021-01-11 11:43:11',0,2470,'% of area equipped for irrigation by desalinated water*  ',' ',0,0,0,0,3,3,52,3,20,NULL,NULL,NULL,NULL,NULL,0,NULL,4,'100*[Area equipped for irrigation by desalinated water]/[Area equipped for irrigation: total]',NULL,'1',NULL,NULL,NULL,' ',1),('-','2021-01-11 11:43:11','-','2021-01-11 11:43:11',0,2471,'% of area equipped for irrigation by direct use of  treated municipal wastewater*   ',' ',0,0,0,0,3,3,52,3,20,NULL,NULL,NULL,NULL,NULL,0,NULL,4,'100*[Area equipped for irrigation by direct use of treated municipal wastewater]/[Area equipped for irrigation: total]',NULL,'1',NULL,NULL,NULL,' ',1),('-','2021-01-11 11:43:11','-','2021-01-11 11:43:11',0,2472,'% of area equipped for irrigation by direct use of non treated municipal wastewater*   ',' ',0,0,0,0,3,3,52,3,20,NULL,NULL,NULL,NULL,NULL,0,NULL,4,'100*[Area equipped for irrigation by direct use of non-treated municipal wastewater]/[Area equipped for irrigation: total]',NULL,'1',NULL,NULL,NULL,' ',1),('-','2021-01-11 11:43:11','-','2021-01-11 11:43:11',0,2473,'% of area equipped for irrigation by mixed surface water and groundwater*   ',' ',0,0,0,0,3,3,52,3,20,NULL,NULL,NULL,NULL,NULL,0,NULL,4,'100*[Area equipped for irrigation by mixed surface water and groundwater]/[Area equipped for irrigation: total]',NULL,'1',NULL,NULL,NULL,' ',1),('-','2021-01-11 11:43:11','-','2021-01-11 11:43:11',0,2474,'% of area equipped for irrigation power irrigated* ',' ',0,0,0,0,3,3,52,3,20,NULL,NULL,NULL,NULL,NULL,0,NULL,4,'',NULL,'1',NULL,NULL,NULL,' ',1),('-','2021-01-11 11:43:11','-','2021-01-11 11:43:11',0,2475,'% of the agricultural holdings with irrigation managed by women*   ',' ',0,0,0,0,3,3,52,3,20,NULL,NULL,NULL,NULL,NULL,0,NULL,4,'It is the number of agricultural holdings with irrigation managed by women as percentage of total number of agricultural holdings with irrigation',NULL,'1',NULL,NULL,NULL,' ',1),('-','2021-01-11 11:43:11','-','2021-01-11 11:43:11',0,2476,'% of the area equipped for irrigation managed by women*',' ',0,0,0,0,3,3,52,3,20,NULL,NULL,NULL,NULL,NULL,0,NULL,4,'It is the area equipped for irrigation managed by women as percentage of total area equipped for irrigation.',NULL,'1',NULL,NULL,NULL,' ',1),('-','2021-01-11 11:43:11','-','2021-01-11 11:43:11',0,2477,'Percentage of poor people in drought-prone areas with access to safe and reliable water*',' ',0,0,0,0,3,3,52,3,20,NULL,NULL,NULL,NULL,NULL,0,NULL,4,'Percentage of poor people in drought-prone areas with access to safe and reliable water*',NULL,'1',NULL,NULL,NULL,' ',1),('-','2021-01-11 11:43:11','-','2021-01-11 11:43:11',0,2478,'Percentage of total livestock killed by drought*',' ',0,0,0,0,3,3,52,3,20,NULL,NULL,NULL,NULL,NULL,0,NULL,4,'Percentage of total livestock killed by drought*',NULL,'1',NULL,NULL,NULL,' ',1),('-','2021-01-11 11:43:11','-','2021-01-11 11:43:11',0,2479,'Volume of water supply by DSD',' ',0,0,0,0,3,4,47,3,20,NULL,NULL,NULL,NULL,NULL,0,NULL,4,'Volume of water supply by DSD',NULL,'1',NULL,NULL,NULL,' ',1),('-','2021-01-11 11:43:11','-','2021-01-11 11:43:11',0,2480,'Volume of water collection by DSD',' ',0,0,0,0,3,4,47,3,20,NULL,NULL,NULL,NULL,NULL,0,NULL,4,'Volume of water collection by DSD',NULL,'1',NULL,NULL,NULL,' ',1),('-','2021-01-11 11:43:11','-','2021-01-11 11:43:11',0,2481,'Quantity of direct use of non treated municipal wastewater for irrigation purposes* ',' ',0,0,0,0,3,3,46,3,20,NULL,NULL,NULL,NULL,NULL,0,NULL,4,'Quantity of direct use of non treated municipal wastewater for irrigation purposes* ',NULL,'1',NULL,NULL,NULL,' ',1),('-','2021-01-11 11:43:11','-','2021-01-11 11:43:11',0,2482,'Quantity of direct use of agricultural drainage water* ',' ',0,0,0,0,3,3,46,3,20,NULL,NULL,NULL,NULL,NULL,0,NULL,4,'Quantity of direct use of agricultural drainage water* ',NULL,'1',NULL,NULL,NULL,' ',1),('-','2021-01-11 11:43:11','-','2021-01-11 11:43:11',0,2483,'Number of farmers involved in pilot irrigation messaging projects*',' ',0,0,0,0,3,3,61,3,20,NULL,NULL,NULL,NULL,NULL,0,NULL,4,'Number of farmers involved in pilot irrigation messaging projects*',NULL,'1',NULL,NULL,NULL,' ',1),('-','2021-01-11 11:43:11','-','2021-01-11 11:43:11',0,2484,'Number of farmers involved in pilot irrigation messaging projects*',' ',0,0,0,0,3,3,61,3,20,NULL,NULL,NULL,NULL,NULL,0,NULL,4,'Number of farmers involved in pilot irrigation messaging projects*',NULL,'1',NULL,NULL,NULL,' ',1),('-','2021-01-11 11:43:11','-','2021-01-11 11:43:11',0,2485,'Shape files of agri well distribution map',' ',0,0,0,0,3,1,NULL,3,20,NULL,NULL,NULL,NULL,NULL,0,NULL,4,'Digital map/ Shape fles',NULL,'1',NULL,NULL,NULL,' ',1),('-','2021-01-11 11:43:11','-','2021-01-11 11:43:11',0,2486,'Area equipped for irrigation by desalinated water*',' ',0,0,0,0,3,3,54,3,20,NULL,NULL,NULL,NULL,NULL,0,NULL,4,'Portion of the equipped for irrigation area that is irrigated by desalinated water',NULL,'1',NULL,NULL,NULL,' ',1),('-','2021-01-11 11:43:11','-','2021-01-11 11:43:11',0,2487,'Area equipped for irrigation by direct use of agricultural drainage water*',' ',0,0,0,0,3,3,54,3,20,NULL,NULL,NULL,NULL,NULL,0,NULL,4,'Portion of the equipped for irrigation area that is irrigated by direct use (i.e. with no or little prior dilution with freshwater during most of the year)of agricultural drainage water',NULL,'1',NULL,NULL,NULL,' ',1),('-','2021-01-11 11:43:11','-','2021-01-11 11:43:11',0,2488,'Area equipped for irrigation by direct use of non  treated municipal wastewater*',' ',0,0,0,0,3,3,54,3,20,NULL,NULL,NULL,NULL,NULL,0,NULL,4,'Portion of the equipped for irrigation area that is irrigated by direct use (i.e. with no or little prior dilution with freshwater during most of the year) of not treated wastewater.',NULL,'1',NULL,NULL,NULL,' ',1),('-','2021-01-11 11:43:11','-','2021-01-11 11:43:11',0,2489,'Area equipped for irrigation by direct use of non  treated municipal wastewater* ',' ',0,0,0,0,3,3,54,3,20,NULL,NULL,NULL,NULL,NULL,0,NULL,4,'Portion of the equipped for irrigation area that is irrigated by direct use (i.e. with no or little prior dilution with freshwater during most of the year) of not treated wastewater.',NULL,'1',NULL,NULL,NULL,' ',1),('-','2021-01-11 11:43:11','-','2021-01-11 11:43:11',0,2491,'Area equipped for irrigation by direct use of Non-treated municipal wastewater*   ',' ',0,0,0,0,3,3,54,3,20,NULL,NULL,NULL,NULL,NULL,0,NULL,4,'Portion of the equipped for irrigation area that is irrigated by direct use (i.e. with no or little prior dilution with freshwater during most of the year) of not treated wastewater.',NULL,'1',NULL,NULL,NULL,' ',1),('-','2021-01-11 11:43:11','-','2021-01-11 11:43:11',0,2492,'Area equipped for irrigation by direct use of treated municipal wastewater* ',' ',0,0,0,0,3,3,54,3,20,NULL,NULL,NULL,NULL,NULL,0,NULL,4,'Portion of the equipped for irrigation area that is irrigated by direct use (i.e. with no or little prior dilution with freshwater during most of the year) of not treated wastewater.',NULL,'1',NULL,NULL,NULL,' ',1),('-','2021-01-11 11:43:11','-','2021-01-11 11:43:11',0,2493,'Area equipped for irrigation by direct use of treated municipal wastewater* ',' ',0,0,0,0,3,3,54,3,20,NULL,NULL,NULL,NULL,NULL,0,NULL,4,'Portion of the equipped for irrigation area that is irrigated by direct use (i.e. with no or little prior dilution with freshwater during most of the year) of treated wastewater.',NULL,'1',NULL,NULL,NULL,' ',1),('-','2021-01-11 11:43:11','-','2021-01-11 11:43:11',0,2494,'Area equipped for irrigation by mixed surface water and groundwater* ',' ',0,0,0,0,3,3,54,3,20,NULL,NULL,NULL,NULL,NULL,0,NULL,4,'Portion of the equipped for irrigation area that is irrigated from mixed surface water and groundwater.',NULL,'1',NULL,NULL,NULL,' ',1),('-','2021-01-11 11:43:11','-','2021-01-11 11:43:11',0,2495,'Area of cultivated wetlands and inland valley bottoms (Non-equipped)*',' ',0,0,0,0,3,3,54,3,20,NULL,NULL,NULL,NULL,NULL,0,NULL,4,'Wetland and inland valley bottoms (IVB) that have not been equipped with water control structures but are used for cropping. They are often found in Africa. They will have limited (mostly traditional) arrangements to regulate water and control drainage.',NULL,'1',NULL,NULL,NULL,' ',1),('-','2021-01-11 11:43:11','-','2021-01-11 11:43:11',0,2496,'Area of Flood recession cropping area (non equipped)*',' ',0,0,0,0,3,3,54,3,20,NULL,NULL,NULL,NULL,NULL,0,NULL,4,'Areas along rivers where cultivation occurs in the areas exposed as floods recedes and where nothing is undertaken to retain the receding water. The special case of floating rice is included in this category.',NULL,'1',NULL,NULL,NULL,' ',1),('-','2021-01-11 11:43:11','-','2021-01-11 11:43:11',0,2497,'Area of permanent meadows and pastures irrigated*',' ',0,0,0,0,3,3,54,3,20,NULL,NULL,NULL,NULL,NULL,0,NULL,4,'The land used permanently (five years or more) to grow herbaceous forage crops and actually irrigated in a given year . Permanent meadows and pasture do not fall under permanent crops  and therefore, do not fall under cultivated area.',NULL,'1',NULL,NULL,NULL,' ',1),('-','2021-01-11 11:43:11','-','2021-01-11 11:43:11',0,2498,'Flood recession cropping area (Not equipped)*',' ',0,0,0,0,3,3,54,3,20,NULL,NULL,NULL,NULL,NULL,0,NULL,4,'Areas along rivers where cultivation occurs in the areas exposed as floods recedes and where nothing is undertaken to retain the receding water. The special case of floating rice is included in this category.',NULL,'1',NULL,NULL,NULL,' ',1),('-','2021-01-11 11:43:11','-','2021-01-11 11:43:11',0,2499,'Harvested irrigated permanent crop area: Citrus under purview of DoI*   ',' ',0,0,0,0,3,3,54,3,20,NULL,NULL,NULL,NULL,NULL,0,NULL,4,'Harvested irrigated permanent crop area: Citrus under purview of DoI*   ',NULL,'1',NULL,NULL,NULL,' ',1),('-','2021-01-11 11:43:11','-','2021-01-11 11:43:11',0,2500,'Harvested irrigated permanent crop area: Coffee under purview of DoAD*   ',' ',0,0,0,0,3,3,54,3,20,NULL,NULL,NULL,NULL,NULL,0,NULL,4,'Harvested irrigated permanent crop area: Coffee under purview of DoAD*   ',NULL,'1',NULL,NULL,NULL,' ',1),('-','2021-01-11 11:43:11','-','2021-01-11 11:43:11',0,2501,'Harvested irrigated permanent crop area: Coffee under purview of DoI*   ',' ',0,0,0,0,3,3,54,3,20,NULL,NULL,NULL,NULL,NULL,0,NULL,4,'Harvested irrigated permanent crop area: Coffee under purview of DoI*   ',NULL,'1',NULL,NULL,NULL,' ',1),('-','2021-01-11 11:43:11','-','2021-01-11 11:43:11',0,2502,'Harvested irrigated permanent crop area: Grapes under purview of DoAD*  ',' ',0,0,0,0,3,3,54,3,20,NULL,NULL,NULL,NULL,NULL,0,NULL,4,'Harvested irrigated permanent crop area: Grapes under purview of DoAD*  ',NULL,'1',NULL,NULL,NULL,' ',1),('-','2021-01-11 11:43:11','-','2021-01-11 11:43:11',0,2503,'Harvested irrigated permanent crop area: Grapes under purview of DoI*  ',' ',0,0,0,0,3,3,54,3,20,NULL,NULL,NULL,NULL,NULL,0,NULL,4,'Harvested irrigated permanent crop area: Grapes under purview of DoI*  ',NULL,'1',NULL,NULL,NULL,' ',1),('-','2021-01-11 11:43:11','-','2021-01-11 11:43:11',0,2504,'Harvested irrigated permanent crop area: Grass and Fodder under purview of DoAD*   ',' ',0,0,0,0,3,3,54,3,20,NULL,NULL,NULL,NULL,NULL,0,NULL,4,'Harvested irrigated permanent crop area: Grass and Fodder under purview of DoAD*   ',NULL,'1',NULL,NULL,NULL,' ',1),('-','2021-01-11 11:43:11','-','2021-01-11 11:43:11',0,2505,'Harvested irrigated permanent crop area: Grass and Fodder under purview of DoI*   ',' ',0,0,0,0,3,3,54,3,20,NULL,NULL,NULL,NULL,NULL,0,NULL,4,'Harvested irrigated permanent crop area: Grass and Fodder under purview of DoI*   ',NULL,'1',NULL,NULL,NULL,' ',1),('-','2021-01-11 11:43:11','-','2021-01-11 11:43:11',0,2506,'Harvested irrigated permanent crop area: Oil palm under purview of DoAD*  ',' ',0,0,0,0,3,3,54,3,20,NULL,NULL,NULL,NULL,NULL,0,NULL,4,'Harvested irrigated permanent crop area: Oil palm under purview of DoAD*  ',NULL,'1',NULL,NULL,NULL,' ',1),('-','2021-01-11 11:43:11','-','2021-01-11 11:43:11',0,2507,'Harvested irrigated permanent crop area: Oil palm under purview of DoI*  ',' ',0,0,0,0,3,3,54,3,20,NULL,NULL,NULL,NULL,NULL,0,NULL,4,'Harvested irrigated permanent crop area: Oil palm under purview of DoI*  ',NULL,'1',NULL,NULL,NULL,' ',1),('-','2021-01-11 11:43:11','-','2021-01-11 11:43:11',0,2508,'Harvested irrigated permanent crop area: Olives*  ',' ',0,0,0,0,3,3,54,3,20,NULL,NULL,NULL,NULL,NULL,0,NULL,4,'Harvested irrigated permanent crop area: Olives*  ',NULL,'1',NULL,NULL,NULL,' ',1),('-','2021-01-11 11:43:11','-','2021-01-11 11:43:11',0,2509,'Harvested irrigated temporary crop area: Barley under purview of DoAD* ',' ',0,0,0,0,3,3,54,3,20,NULL,NULL,NULL,NULL,NULL,0,NULL,4,'Harvested irrigated temporary crop area: Barley under purview of DoAD* ',NULL,'1',NULL,NULL,NULL,' ',1),('-','2021-01-11 11:43:11','-','2021-01-11 11:43:11',0,2510,'Harvested irrigated temporary crop area: Barley under purview of DoI* ',' ',0,0,0,0,3,3,54,3,20,NULL,NULL,NULL,NULL,NULL,0,NULL,4,'Harvested irrigated temporary crop area: Barley under purview of DoI* ',NULL,'1',NULL,NULL,NULL,' ',1),('-','2021-01-11 11:43:11','-','2021-01-11 11:43:11',0,2511,'Harvested irrigated temporary crop area: Cassava under purview of DoAD*  ',' ',0,0,0,0,3,3,54,3,20,NULL,NULL,NULL,NULL,NULL,0,NULL,4,'Harvested irrigated temporary crop area: Cassava under purview of DoAD*  ',NULL,'1',NULL,NULL,NULL,' ',1),('-','2021-01-11 11:43:11','-','2021-01-11 11:43:11',0,2512,'Harvested irrigated temporary crop area: Cassava under purview of DoI*  ',' ',0,0,0,0,3,3,54,3,20,NULL,NULL,NULL,NULL,NULL,0,NULL,4,'Harvested irrigated temporary crop area: Cassava under purview of DoI*  ',NULL,'1',NULL,NULL,NULL,' ',1),('-','2021-01-11 11:43:11','-','2021-01-11 11:43:11',0,2513,'Harvested irrigated temporary crop area: Cotton under purview of DoAD*   ',' ',0,0,0,0,3,3,54,3,20,NULL,NULL,NULL,NULL,NULL,0,NULL,4,'Harvested irrigated temporary crop area: Cotton under purview of DoAD*   ',NULL,'1',NULL,NULL,NULL,' ',1),('-','2021-01-11 11:43:11','-','2021-01-11 11:43:11',0,2514,'Harvested irrigated temporary crop area: Cotton under purview of DoI*   ',' ',0,0,0,0,3,3,54,3,20,NULL,NULL,NULL,NULL,NULL,0,NULL,4,'Harvested irrigated temporary crop area: Cotton under purview of DoI*   ',NULL,'1',NULL,NULL,NULL,' ',1),('-','2021-01-11 11:43:11','-','2021-01-11 11:43:11',0,2515,'Harvested irrigated temporary crop area: Flowers under purview of DoAD*  ',' ',0,0,0,0,3,3,54,3,20,NULL,NULL,NULL,NULL,NULL,0,NULL,4,'Harvested irrigated temporary crop area: Flowers under purview of DoAD*  ',NULL,'1',NULL,NULL,NULL,' ',1),('-','2021-01-11 11:43:11','-','2021-01-11 11:43:11',0,2516,'Harvested irrigated temporary crop area: Flowers under purview of DoI*  ',' ',0,0,0,0,3,3,54,3,20,NULL,NULL,NULL,NULL,NULL,0,NULL,4,'Harvested irrigated temporary crop area: Flowers under purview of DoI*  ',NULL,'1',NULL,NULL,NULL,' ',1),('-','2021-01-11 11:43:11','-','2021-01-11 11:43:11',0,2517,'Harvested irrigated temporary crop area: Fodder under purview of DoI*  ',' ',0,0,0,0,3,3,54,3,20,NULL,NULL,NULL,NULL,NULL,0,NULL,4,'Harvested irrigated temporary crop area: Fodder under purview of DoI*  ',NULL,'1',NULL,NULL,NULL,' ',1),('-','2021-01-11 11:43:11','-','2021-01-11 11:43:11',0,2518,'Harvested irrigated temporary crop area: Millet  ',' ',0,0,0,0,3,3,54,3,20,NULL,NULL,NULL,NULL,NULL,0,NULL,4,'Harvested irrigated temporary crop area: Millet  ',NULL,'1',NULL,NULL,NULL,' ',1),('-','2021-01-11 11:43:11','-','2021-01-11 11:43:11',0,2519,'Harvested irrigated temporary crop area: Millet under purview of DoI* ',' ',0,0,0,0,3,3,54,3,20,NULL,NULL,NULL,NULL,NULL,0,NULL,4,'Harvested irrigated temporary crop area: Millet under purview of DoI* ',NULL,'1',NULL,NULL,NULL,' ',1),('-','2021-01-11 11:43:11','-','2021-01-11 11:43:11',0,2520,'Harvested irrigated temporary crop area: Sesame under purview of DoAD*  ',' ',0,0,0,0,3,3,54,3,20,NULL,NULL,NULL,NULL,NULL,0,NULL,4,'Harvested irrigated temporary crop area: Sesame under purview of DoAD*  ',NULL,'1',NULL,NULL,NULL,' ',1),('-','2021-01-11 11:43:11','-','2021-01-11 11:43:11',0,2521,'Harvested irrigated temporary crop area: Sesame under purview of DoI*  ',' ',0,0,0,0,3,3,54,3,20,NULL,NULL,NULL,NULL,NULL,0,NULL,4,'Harvested irrigated temporary crop area: Sesame under purview of DoI*  ',NULL,'1',NULL,NULL,NULL,' ',1),('-','2021-01-11 11:43:11','-','2021-01-11 11:43:11',0,2522,'Harvested irrigated temporary crop area: Sorghum under purview of  DoI* ',' ',0,0,0,0,3,3,54,3,20,NULL,NULL,NULL,NULL,NULL,0,NULL,4,'Harvested irrigated temporary crop area: Sorghum under purview of  DoI* ',NULL,'1',NULL,NULL,NULL,' ',1),('-','2021-01-11 11:43:11','-','2021-01-11 11:43:11',0,2523,'Harvested irrigated temporary crop area: Sorghum under purview of DoAD* ',' ',0,0,0,0,3,3,54,3,20,NULL,NULL,NULL,NULL,NULL,0,NULL,4,'Harvested irrigated temporary crop area: Sorghum under purview of DoAD* ',NULL,'1',NULL,NULL,NULL,' ',1),('-','2021-01-11 11:43:11','-','2021-01-11 11:43:11',0,2524,'Harvested irrigated temporary crop area: Soybeans under purview of DoAD*   ',' ',0,0,0,0,3,3,54,3,20,NULL,NULL,NULL,NULL,NULL,0,NULL,4,'Harvested irrigated temporary crop area: Soybeans under purview of DoAD*   ',NULL,'1',NULL,NULL,NULL,' ',1),('-','2021-01-11 11:43:11','-','2021-01-11 11:43:11',0,2525,'Harvested irrigated temporary crop area: Soybeans under purview of DoI*   ',' ',0,0,0,0,3,3,54,3,20,NULL,NULL,NULL,NULL,NULL,0,NULL,4,'Harvested irrigated temporary crop area: Soybeans under purview of DoI*   ',NULL,'1',NULL,NULL,NULL,' ',1),('-','2021-01-11 11:43:11','-','2021-01-11 11:43:11',0,2526,'Harvested irrigated temporary crop area: Sunflower under purview of DoAD*   ',' ',0,0,0,0,3,3,54,3,20,NULL,NULL,NULL,NULL,NULL,0,NULL,4,'Harvested irrigated temporary crop area: Sunflower under purview of DoAD*   ',NULL,'1',NULL,NULL,NULL,' ',1),('-','2021-01-11 11:43:11','-','2021-01-11 11:43:11',0,2527,'Harvested irrigated temporary crop area: Sunflower under purview of DoI*   ',' ',0,0,0,0,3,3,54,3,20,NULL,NULL,NULL,NULL,NULL,0,NULL,4,'Harvested irrigated temporary crop area: Sunflower under purview of DoI*   ',NULL,'1',NULL,NULL,NULL,' ',1),('-','2021-01-11 11:43:11','-','2021-01-11 11:43:11',0,2579,'Fuel combustion in Manufacturing Industries and Construction (Including electricity generation for own use)','103',0,0,0,0,3,3,45,2,3,NULL,NULL,NULL,NULL,NULL,0,NULL,4,'Necessary to consider each type of fuel seperatley If the consumption of fuel considered as liters. However, simple calculation need to calculate cumulative energy valuegeneration',NULL,'1000',NULL,NULL,NULL,' ',1),('-','2021-01-11 11:43:11','-','2021-01-11 11:43:11',0,2580,'Fisheries sector contribution to the national economy by producing fish for export and local market, in the last 10 years, current situation and future expectations in the industry.','53483',0,0,0,0,3,1,85,3,21,NULL,NULL,NULL,NULL,NULL,0,NULL,4,'Tables, reports, maps',NULL,'100000',NULL,NULL,NULL,' ',1),('-','2021-01-11 11:43:11','-','2021-01-11 11:43:11',0,2581,'Production capacity of plants under purview of CEA *',' ',0,0,0,0,3,1,NULL,2,5,NULL,NULL,NULL,NULL,NULL,0,NULL,4,'Production capacity of plants under purview of CEA *',NULL,NULL,NULL,NULL,NULL,' ',1),('-','2021-01-11 11:43:11','-','2021-01-11 11:43:11',0,2582,'Annual Capacity utilization of Plant Production ',' ',0,0,0,0,3,1,NULL,2,5,NULL,NULL,NULL,NULL,NULL,0,NULL,4,'Annual Capacity utilization of Plant Production ',NULL,NULL,NULL,NULL,NULL,' ',1),('-','2021-01-11 11:43:11','-','2021-01-11 11:43:11',0,2583,'Location of industries with EPL issued ',' ',0,0,0,0,3,1,NULL,2,5,NULL,NULL,NULL,NULL,NULL,0,NULL,4,'Location of industries with EPL issued ',NULL,NULL,NULL,NULL,NULL,' ',1),('-','2021-01-11 11:43:11','-','2021-01-11 11:43:11',0,2584,'Annual foreign exchange earnings by tourism sector*','646362',0,0,0,0,3,1,85,3,14,NULL,NULL,NULL,NULL,NULL,0,NULL,4,'Annual foreign exchange earnings by tourism sector*',NULL,'100000000',NULL,NULL,NULL,' ',1),('-','2021-01-11 11:43:11','-','2021-01-11 11:43:11',0,2585,'Modal share of tricycle','25',0,0,0,0,3,1,52,2,3,NULL,NULL,NULL,NULL,NULL,0,NULL,4,'Modal share of tricycle',NULL,'100',NULL,NULL,NULL,'  ',1),('-','2023-02-23 12:02:14','-','2023-02-23 12:02:14',0,2586,'AAAAAAAAA','',0,0,0,0,3,1,NULL,3,12,NULL,NULL,NULL,NULL,1,0,NULL,4,'bbbbbbbbbbbb','','',1,20,NULL,'',2),('-','2023-02-23 12:43:23','-','2023-02-23 12:43:23',0,2587,'Test parameter','',0,0,0,0,3,2,NULL,3,12,NULL,NULL,NULL,NULL,1,0,NULL,4,'aaaaaaaaaaaaaaaaaaaaaaaaaaaaaaaaaaaa','','',1,20,NULL,'',2),('-','2021-01-11 11:43:11','-','2021-01-11 11:43:11',0,2588,'GDP Predictions of Sri Lanka for 2030','27462245',0,0,0,0,3,1,117,2,2,NULL,NULL,NULL,NULL,NULL,0,NULL,4,'GDP Predictions of Sri Lanka for 2030',NULL,'100000000',NULL,NULL,NULL,' ',1),('-','2021-01-11 11:43:11','-','2021-01-11 11:43:11',0,2589,'Production of cow\'s milk','356590117',0,0,0,0,2,1,47,2,7,NULL,NULL,NULL,NULL,NULL,0,NULL,4,'Production of cow\'s milk',NULL,'1000000000',NULL,NULL,NULL,' ',1),('-','2021-01-11 11:43:11','-','2021-01-11 11:43:11',0,2590,'Crop failure data under purview of DAD',' ',0,0,0,0,3,1,NULL,3,4,NULL,NULL,NULL,NULL,0,0,NULL,4,'Crop failure data',NULL,NULL,NULL,NULL,NULL,' ',1),('-','2021-01-11 11:43:11','-','2021-01-11 11:43:11',0,2591,'Quantity of MSW handled  (tonnes/year) under purview of UDA','1000',0,0,0,0,3,1,63,2,6,NULL,NULL,NULL,NULL,NULL,0,NULL,4,'MSW managed in sites maanged by UDA',NULL,'5000',NULL,NULL,NULL,' ',1),('-','2021-01-11 11:43:11','-','2021-01-11 11:43:11',0,2592,'Average receipt per tourist per day (LKR)','181.2',0,0,0,0,3,1,117,3,14,NULL,NULL,NULL,NULL,NULL,0,NULL,4,'Average receipt per tourist per day (LKR)',NULL,'10000',NULL,NULL,NULL,' ',1),('-','2021-01-11 11:43:11','-','2021-01-11 11:43:11',0,2593,'BOD of Wastewater under purview of BOI','200',0,0,0,0,3,1,53,2,5,NULL,NULL,NULL,NULL,NULL,0,NULL,4,'BOD of Wastewater under purview of BOI',NULL,'200',NULL,NULL,NULL,' ',1),('-','2021-01-11 11:43:11','-','2021-01-11 11:43:11',0,2594,'Total organically degradable matter  in the removed sludge ( S )     (kg COD/tonne of sludge )  under purview of BOI*','200',0,0,0,0,3,1,NULL,2,6,NULL,NULL,NULL,NULL,NULL,0,NULL,4,'average TOD value of sludge removed ','0','5000',NULL,NULL,NULL,' ',1),('-','2021-01-11 11:43:11','-','2021-01-11 11:43:11',0,2595,' Methane recovered ( kgCH4/year) under purview of BOI*','1000',0,0,0,0,3,1,NULL,2,6,NULL,NULL,NULL,NULL,NULL,0,NULL,4,'amount of methane recovered in waste management in BOI zones','0','10000',NULL,NULL,NULL,' ',1),('-','2021-01-11 11:43:11','-','2021-01-11 11:43:11',0,2596,'Net calorific value of Diesel','3',0,0,0,0,3,1,108,2,3,NULL,NULL,NULL,NULL,NULL,0,NULL,4,'Net calorific value of Diesel','0','100',NULL,NULL,NULL,' ',1),('-','2021-01-11 11:43:11','-','2021-01-11 11:43:11',0,2597,'Total Diesel consumption in the rail transport sub-sector (mobile)','100000',0,0,0,0,3,1,47,2,3,NULL,NULL,NULL,NULL,NULL,0,NULL,4,'Total Diesel consumption in the rail transport sub-sector (mobile)','0','500000',NULL,NULL,NULL,' ',1),('-','2021-01-10 15:19:07','-','2021-01-10 15:19:07',0,2598,'Area of Exclusive Economic Zone','200',0,0,0,0,3,1,118,3,11,NULL,NULL,NULL,NULL,1,0,NULL,4,'Area of Exclusive Economic Zone','0','1000',NULL,NULL,NULL,' ',1),('-','2021-01-10 15:19:07','-','2021-01-10 15:19:07',0,2599,'Food availability, accessibility and affordability by year*','2704',0,0,0,0,3,1,119,3,1,NULL,NULL,NULL,NULL,NULL,0,NULL,4,'Calories Available per persom per day, 2017',NULL,'100000',NULL,NULL,NULL,' ',1),('-','2021-01-10 15:19:07','-','2021-01-10 15:19:07',0,2600,'Number of Irrigation Reservoirs under purview of MoI*','73',0,0,0,0,3,1,61,2,7,NULL,NULL,NULL,NULL,NULL,0,NULL,4,'Number of major Reservoirs',NULL,'100',NULL,NULL,NULL,' ',1),('-','2021-01-10 15:19:07','-','2021-01-10 15:19:07',0,2601,'Number of Tanks under purview of MoI*','7620',0,0,0,0,3,1,61,2,7,NULL,NULL,NULL,NULL,NULL,0,NULL,4,'Number of minor tanks, 2013',NULL,'10000',NULL,NULL,NULL,' ',1),('-','2021-01-10 15:19:07','-','2021-01-10 15:19:07',0,2602,'Quantity of Calcific Limestone (CaCO3) (tonnes yr-1) used as fertilizers*',' ',0,0,0,0,3,1,66,2,7,NULL,NULL,NULL,NULL,NULL,0,NULL,4,'Quantity of Calcific Limestone (CaCO3)',NULL,NULL,NULL,NULL,NULL,' ',1),('-','2021-01-10 15:19:07','-','2021-01-10 15:19:07',0,2603,'Quantity of Dolomite (CaMg(CO3)2) (tonnes yr-1) used as fertilizers*','103307',0,0,0,0,3,1,66,2,7,NULL,NULL,NULL,NULL,NULL,0,NULL,4,'Quantity of Dolomite (CaMg(CO3)2) used as fertilizers',NULL,'1000000',NULL,NULL,NULL,' ',1),('-','2021-01-11 11:43:11','-','2021-01-11 11:43:11',0,2604,'Methane recovered ( kgCH4/year) under purview of CEA*','1000',0,0,0,0,3,1,37,2,6,NULL,NULL,NULL,NULL,0,0,NULL,4,'amount of methane recovered from waste management processes by industries',NULL,'100000',NULL,NULL,NULL,' ',1),('-','2023-04-18 05:25:27','-','2023-04-18 05:25:27',0,2605,'BOD of Wastewater','200',0,0,0,0,3,1,53,2,5,NULL,NULL,NULL,NULL,1,0,NULL,1,'BOD of Wastewater','','200',5,4,NULL,'',1);
/*!40000 ALTER TABLE `parameter` ENABLE KEYS */;
UNLOCK TABLES;

--
-- Table structure for table `parameter_data_type`
--

DROP TABLE IF EXISTS `parameter_data_type`;
/*!40101 SET @saved_cs_client     = @@character_set_client */;
/*!50503 SET character_set_client = utf8mb4 */;
CREATE TABLE `parameter_data_type` (
  `createdBy` varchar(255) NOT NULL,
  `createdOn` datetime NOT NULL,
  `editedBy` varchar(255) NOT NULL,
  `editedOn` datetime NOT NULL,
  `status` int NOT NULL,
  `id` int NOT NULL AUTO_INCREMENT,
  `name` varchar(255) NOT NULL,
  `description` varchar(2500) NOT NULL,
  `sortOrder` int NOT NULL,
  PRIMARY KEY (`id`)
) ENGINE=InnoDB AUTO_INCREMENT=3 DEFAULT CHARSET=utf8mb4 COLLATE=utf8mb4_0900_ai_ci;
/*!40101 SET character_set_client = @saved_cs_client */;

--
-- Dumping data for table `parameter_data_type`
--

LOCK TABLES `parameter_data_type` WRITE;
/*!40000 ALTER TABLE `parameter_data_type` DISABLE KEYS */;
INSERT INTO `parameter_data_type` VALUES ('a','2020-12-28 14:02:36',' ','2020-12-28 14:02:36',0,1,'Numeric','Numeric',1),(' ','2020-12-28 14:02:36',' ','2020-12-28 14:02:36',0,2,'Content','Content',2);
/*!40000 ALTER TABLE `parameter_data_type` ENABLE KEYS */;
UNLOCK TABLES;

--
-- Table structure for table `parameter_location`
--

DROP TABLE IF EXISTS `parameter_location`;
/*!40101 SET @saved_cs_client     = @@character_set_client */;
/*!50503 SET character_set_client = utf8mb4 */;
CREATE TABLE `parameter_location` (
  `createdBy` varchar(255) NOT NULL,
  `createdOn` datetime NOT NULL,
  `editedBy` varchar(255) NOT NULL,
  `editedOn` datetime NOT NULL,
  `status` int NOT NULL,
  `id` int NOT NULL AUTO_INCREMENT,
  `isNational` tinyint NOT NULL,
  `parameterId` int DEFAULT NULL,
  `provinceId` int DEFAULT NULL,
  `districtId` int DEFAULT NULL,
  `divisionalSecretariatId` int DEFAULT NULL,
  `dataSourceId` int DEFAULT NULL,
  `isSpecificLocation` tinyint NOT NULL,
  `deletedAt` datetime(6) DEFAULT NULL,
  PRIMARY KEY (`id`),
  KEY `FK_137c1647b9bddafbd4b17b09136` (`provinceId`),
  KEY `FK_9e4e11f2a24125584ee6c7012d0` (`districtId`),
  KEY `FK_63e438fde645f4f8b932d355c99` (`divisionalSecretariatId`),
  KEY `FK_94e1a6da183c124072a5bf80933` (`dataSourceId`),
  KEY `FK_af8cbc4967664c625d2289a9efe` (`parameterId`),
  CONSTRAINT `FK_137c1647b9bddafbd4b17b09136` FOREIGN KEY (`provinceId`) REFERENCES `province` (`id`),
  CONSTRAINT `FK_63e438fde645f4f8b932d355c99` FOREIGN KEY (`divisionalSecretariatId`) REFERENCES `divisional_secretariat` (`id`),
  CONSTRAINT `FK_94e1a6da183c124072a5bf80933` FOREIGN KEY (`dataSourceId`) REFERENCES `institution` (`id`),
  CONSTRAINT `FK_9e4e11f2a24125584ee6c7012d0` FOREIGN KEY (`districtId`) REFERENCES `district` (`id`),
  CONSTRAINT `FK_af8cbc4967664c625d2289a9efe` FOREIGN KEY (`parameterId`) REFERENCES `parameter` (`id`)
) ENGINE=InnoDB AUTO_INCREMENT=4216 DEFAULT CHARSET=utf8mb4 COLLATE=utf8mb4_0900_ai_ci;
/*!40101 SET character_set_client = @saved_cs_client */;

--
-- Dumping data for table `parameter_location`
--

LOCK TABLES `parameter_location` WRITE;
/*!40000 ALTER TABLE `parameter_location` DISABLE KEYS */;
INSERT INTO `parameter_location` VALUES ('-','2021-01-10 12:28:38','-','2021-01-10 12:28:38',0,755,1,104,NULL,NULL,NULL,96,0,'2021-01-10 12:44:42.000000'),('-','2021-01-10 12:48:38','-','2021-01-10 12:48:38',0,757,0,106,NULL,NULL,NULL,96,1,NULL),('-','2021-01-10 12:52:20','-','2021-01-10 12:52:20',0,758,1,107,NULL,NULL,NULL,96,0,NULL),('-','2021-01-10 13:12:34','-','2021-01-10 13:12:34',0,759,1,108,NULL,NULL,NULL,96,0,NULL),('-','2021-01-10 13:22:45','-','2021-01-10 13:22:45',0,760,1,109,NULL,NULL,NULL,192,0,NULL),('-','2021-01-10 13:23:10','-','2021-01-10 13:23:10',0,761,1,109,NULL,NULL,NULL,89,0,'2021-10-11 00:00:00.000000'),('-','2021-01-10 15:19:17','-','2021-01-10 15:19:17',0,763,1,111,NULL,NULL,NULL,101,0,NULL),('-','2021-01-10 16:11:10','-','2021-01-10 16:11:10',0,764,1,112,NULL,NULL,NULL,107,0,NULL),('-','2021-01-10 16:23:11','-','2021-01-10 16:23:11',0,765,1,113,NULL,NULL,NULL,104,0,'2021-01-11 13:52:25.000000'),('-','2021-01-10 16:26:40','-','2021-01-10 16:26:40',0,766,0,114,9,NULL,NULL,104,0,'2021-01-11 13:50:23.000000'),('-','2021-01-10 16:26:40','-','2021-01-10 16:26:40',0,767,0,114,1,NULL,NULL,104,0,'2021-01-11 13:50:23.000000'),('-','2021-01-10 16:26:40','-','2021-01-10 16:26:40',0,768,0,114,3,NULL,NULL,104,0,'2021-01-11 13:50:23.000000'),('-','2021-01-10 16:26:40','-','2021-01-10 16:26:40',0,769,0,114,4,NULL,NULL,104,0,'2021-01-11 13:50:23.000000'),('-','2021-01-10 16:26:40','-','2021-01-10 16:26:40',0,770,0,114,7,NULL,NULL,104,0,'2021-01-11 13:50:23.000000'),('-','2021-01-10 16:32:43','-','2021-01-10 16:32:43',0,771,1,115,NULL,NULL,NULL,104,0,'2021-01-11 13:51:02.000000'),('-','2021-01-10 16:33:16','-','2021-01-10 16:33:16',0,772,1,115,NULL,NULL,NULL,89,0,'2021-10-11 00:00:00.000000'),('-','2021-01-10 17:07:59','-','2021-01-10 17:07:59',0,773,1,116,NULL,NULL,NULL,101,0,NULL),('-','2021-01-10 18:32:29','-','2021-01-10 18:32:29',0,774,1,117,NULL,NULL,NULL,93,0,NULL),('-','2021-01-10 18:53:54','-','2021-01-10 18:53:54',0,775,0,118,NULL,NULL,NULL,131,1,'2021-01-11 11:23:51.000000'),('-','2021-01-10 18:59:39','-','2021-01-10 18:59:39',0,776,1,119,NULL,NULL,NULL,218,0,NULL),('-','2021-01-10 19:43:34','-','2021-01-10 19:43:34',0,780,1,122,NULL,NULL,NULL,185,0,NULL),('-','2021-01-10 19:46:59','-','2021-01-10 19:46:59',0,781,1,122,NULL,NULL,NULL,89,0,'2021-10-11 00:00:00.000000'),('-','2021-01-11 05:42:10','-','2021-01-11 05:42:10',0,783,1,124,NULL,NULL,NULL,211,0,NULL),('-','2021-01-11 06:03:27','-','2021-01-11 06:03:27',0,786,1,127,NULL,NULL,NULL,211,0,NULL),('-','2021-01-11 06:15:52','-','2021-01-11 06:15:52',0,787,1,128,NULL,NULL,NULL,222,0,NULL),('-','2021-01-11 06:27:20','-','2021-01-11 06:27:20',0,789,1,130,NULL,NULL,NULL,92,0,NULL),('-','2021-01-11 06:39:33','-','2021-01-11 06:39:33',0,792,1,133,NULL,NULL,NULL,92,0,NULL),('-','2021-01-11 06:47:29','-','2021-01-11 06:47:29',0,794,1,135,NULL,NULL,NULL,174,0,NULL),('-','2021-01-11 07:14:44','-','2021-01-11 07:14:44',0,799,1,140,NULL,NULL,NULL,96,0,NULL),('-','2021-01-11 07:16:41','-','2021-01-11 07:16:41',0,801,1,142,NULL,NULL,NULL,225,0,NULL),('-','2021-01-11 07:33:39','-','2021-01-11 07:33:39',0,802,1,143,NULL,NULL,NULL,225,0,NULL),('-','2021-01-11 07:39:17','-','2021-01-11 07:39:17',0,805,1,146,NULL,NULL,NULL,192,0,NULL),('-','2021-01-11 07:56:35','-','2021-01-11 07:56:35',0,806,1,147,NULL,NULL,NULL,70,0,NULL),('-','2021-01-11 07:59:34','-','2021-01-11 07:59:34',0,807,1,148,NULL,NULL,NULL,148,0,NULL),('-','2021-01-11 08:01:32','-','2021-01-11 08:01:32',0,808,1,149,NULL,NULL,NULL,148,0,NULL),('-','2021-01-11 08:14:10','-','2021-01-11 08:14:10',0,812,1,153,NULL,NULL,NULL,168,0,NULL),('-','2021-01-11 08:36:43','-','2021-01-11 08:36:43',0,813,1,154,NULL,NULL,NULL,75,0,NULL),('-','2021-01-11 08:47:27','-','2021-01-11 08:47:27',0,814,1,155,NULL,NULL,NULL,168,0,NULL),('-','2021-01-11 09:46:54','-','2021-01-11 09:46:54',0,819,1,159,NULL,NULL,NULL,125,0,NULL),('-','2021-01-11 10:26:01','-','2021-01-11 10:26:01',0,820,1,160,NULL,NULL,NULL,125,0,NULL),('-','2021-01-11 11:16:50','-','2021-01-11 11:16:50',0,821,1,162,NULL,NULL,NULL,192,0,NULL),('-','2021-01-11 11:37:29','-','2021-01-11 11:37:29',0,822,1,163,NULL,NULL,NULL,195,0,NULL),('-','2021-01-11 11:43:24','-','2021-01-11 11:43:24',0,823,1,164,NULL,NULL,NULL,163,0,NULL),('-','2021-01-11 11:55:39','-','2021-01-11 11:55:39',0,824,1,165,NULL,NULL,NULL,192,0,NULL),('-','2021-01-11 12:34:18','-','2021-01-11 12:34:18',0,825,1,166,NULL,NULL,NULL,102,0,NULL),('-','2021-01-11 12:38:27','-','2021-01-11 12:38:27',0,827,1,168,NULL,NULL,NULL,171,0,NULL),('-','2021-01-11 12:43:27','-','2021-01-11 12:43:27',0,829,1,170,NULL,NULL,NULL,141,0,NULL),('-','2021-01-11 12:58:04','-','2021-01-11 12:58:04',0,830,1,171,NULL,NULL,NULL,185,0,NULL),('-','2021-01-11 13:01:54','-','2021-01-11 13:01:54',0,831,1,172,NULL,NULL,NULL,227,0,NULL),('-','2021-01-11 13:01:59','-','2021-01-11 13:01:59',0,832,1,173,NULL,NULL,NULL,89,0,NULL),('-','2021-01-11 13:19:56','-','2021-01-11 13:19:56',0,833,0,174,NULL,24,NULL,192,0,NULL),('-','2021-01-11 13:26:36','-','2021-01-11 13:26:36',0,834,1,175,NULL,NULL,NULL,192,0,NULL),('-','2021-01-11 13:50:55','-','2021-01-11 13:50:55',0,835,1,176,NULL,NULL,NULL,92,0,NULL),('-','2021-01-11 13:54:16','-','2021-01-11 13:54:16',0,836,1,177,NULL,NULL,NULL,NULL,0,'2021-01-11 23:58:47.000000'),('-','2021-01-11 13:58:04','-','2021-01-11 13:58:04',0,837,1,178,NULL,NULL,NULL,NULL,0,'2021-01-12 00:10:25.000000'),('-','2021-01-11 13:59:23','-','2021-01-11 13:59:23',0,838,1,179,NULL,NULL,NULL,92,0,NULL),('-','2021-01-11 14:00:46','-','2021-01-11 14:00:46',0,839,1,180,NULL,NULL,NULL,92,0,NULL),('-','2021-01-11 14:51:07','-','2021-01-11 14:51:07',0,841,1,182,NULL,NULL,NULL,101,0,NULL),('-','2021-01-11 14:53:04','-','2021-01-11 14:53:04',0,842,1,183,NULL,NULL,NULL,106,0,NULL),('-','2021-01-11 15:10:42','-','2021-01-11 15:10:42',0,843,1,184,NULL,NULL,NULL,108,0,NULL),('-','2021-01-12 00:14:24','-','2021-01-12 00:14:24',0,847,0,188,NULL,NULL,NULL,NULL,1,NULL),('-','2021-01-12 05:14:24','-','2021-01-12 05:14:24',0,850,0,191,NULL,NULL,NULL,107,1,NULL),('-','2021-01-19 03:24:58','-','2021-01-19 03:24:58',0,854,1,196,NULL,NULL,NULL,107,0,NULL),('-','2021-01-24 14:28:30','-','2021-01-24 14:28:30',0,855,1,197,NULL,NULL,NULL,104,0,NULL),('-','2021-02-22 16:04:02','-','2021-02-22 16:04:02',0,1591,1,405,NULL,NULL,NULL,192,0,NULL),('-','2021-12-04 03:30:08','-','2021-12-04 03:30:08',0,1692,1,485,NULL,NULL,NULL,NULL,0,'2021-12-04 03:35:44.000000'),('-','2022-03-28 16:31:06','-','2022-03-28 16:31:06',0,1718,1,509,NULL,NULL,NULL,73,0,'2022-03-28 17:21:26.000000'),('-','2022-04-03 09:39:58','-','2022-04-03 09:39:58',0,1733,1,524,NULL,NULL,NULL,497,0,'2022-04-03 12:46:05.000000'),('-','2022-04-03 12:19:42','-','2022-04-03 12:19:42',0,1734,1,524,NULL,NULL,NULL,NULL,0,'2022-04-03 12:46:05.000000'),('-','2022-04-07 06:34:12','-','2022-04-07 06:34:12',0,1807,0,593,NULL,23,NULL,NULL,0,NULL),('-','2023-02-02 11:54:08','-','2023-02-02 11:54:08',0,2012,0,1750,1,NULL,NULL,NULL,0,NULL),('-','2023-02-02 11:54:08','-','2023-02-02 11:54:08',0,2013,0,717,NULL,NULL,NULL,192,0,NULL),('-','2023-02-02 11:54:08','-','2023-02-02 11:54:08',0,2014,0,721,NULL,NULL,NULL,163,0,NULL),('-','2023-02-02 11:54:08','-','2023-02-02 11:54:08',0,2015,0,722,NULL,NULL,NULL,192,0,NULL),('-','2023-02-02 11:54:08','-','2023-02-02 11:54:08',0,2016,0,723,NULL,NULL,NULL,192,0,NULL),('-','2023-02-02 11:54:08','-','2023-02-02 11:54:08',0,2017,0,724,NULL,NULL,NULL,163,0,NULL),('-','2023-02-02 11:54:08','-','2023-02-02 11:54:08',0,2018,0,725,NULL,NULL,NULL,192,0,NULL),('-','2023-02-02 11:54:08','-','2023-02-02 11:54:08',0,2019,0,726,NULL,NULL,NULL,192,0,NULL),('-','2023-02-02 11:54:08','-','2023-02-02 11:54:08',0,2020,0,727,NULL,NULL,NULL,192,0,NULL),('-','2023-02-02 11:54:08','-','2023-02-02 11:54:08',0,2021,0,728,NULL,NULL,NULL,192,0,NULL),('-','2023-02-02 11:54:08','-','2023-02-02 11:54:08',0,2022,0,729,NULL,NULL,NULL,192,0,NULL),('-','2023-02-02 11:54:08','-','2023-02-02 11:54:08',0,2023,0,730,NULL,NULL,NULL,192,0,NULL),('-','2023-02-02 11:54:08','-','2023-02-02 11:54:08',0,2024,0,731,NULL,NULL,NULL,192,0,NULL),('-','2023-02-02 11:54:08','-','2023-02-02 11:54:08',0,2025,0,732,NULL,NULL,NULL,163,0,NULL),('-','2023-02-02 11:54:08','-','2023-02-02 11:54:08',0,2026,0,733,NULL,NULL,NULL,192,0,NULL),('-','2023-02-02 11:54:08','-','2023-02-02 11:54:08',0,2027,0,734,NULL,NULL,NULL,192,0,NULL),('-','2023-02-02 11:54:08','-','2023-02-02 11:54:08',0,2028,0,735,NULL,NULL,NULL,192,0,NULL),('-','2023-02-02 11:54:08','-','2023-02-02 11:54:08',0,2029,0,736,NULL,NULL,NULL,192,0,NULL),('-','2023-02-02 11:54:08','-','2023-02-02 11:54:08',0,2030,0,737,NULL,NULL,NULL,89,0,NULL),('-','2023-02-02 11:54:08','-','2023-02-02 11:54:08',0,2031,0,738,NULL,NULL,NULL,89,0,NULL),('-','2023-02-02 11:54:08','-','2023-02-02 11:54:08',0,2032,0,739,NULL,NULL,NULL,89,0,NULL),('-','2023-02-02 11:54:08','-','2023-02-02 11:54:08',0,2033,0,740,NULL,NULL,NULL,89,0,NULL),('-','2023-02-02 11:54:08','-','2023-02-02 11:54:08',0,2034,0,741,NULL,NULL,NULL,89,0,NULL),('-','2023-02-02 11:54:08','-','2023-02-02 11:54:08',0,2035,0,742,NULL,NULL,NULL,89,0,NULL),('-','2023-02-02 11:54:08','-','2023-02-02 11:54:08',0,2036,0,743,NULL,NULL,NULL,89,0,NULL),('-','2023-02-02 11:54:08','-','2023-02-02 11:54:08',0,2037,0,744,NULL,NULL,NULL,89,0,NULL),('-','2023-02-02 11:54:08','-','2023-02-02 11:54:08',0,2038,0,745,NULL,NULL,NULL,163,0,NULL),('-','2023-02-02 11:54:08','-','2023-02-02 11:54:08',0,2039,0,746,NULL,NULL,NULL,89,0,NULL),('-','2023-02-02 11:54:08','-','2023-02-02 11:54:08',0,2040,0,747,NULL,NULL,NULL,89,0,NULL),('-','2023-02-02 11:54:08','-','2023-02-02 11:54:08',0,2041,0,749,NULL,NULL,NULL,89,0,NULL),('-','2023-02-02 11:54:08','-','2023-02-02 11:54:08',0,2042,0,750,NULL,NULL,NULL,89,0,NULL),('-','2023-02-02 11:54:08','-','2023-02-02 11:54:08',0,2043,0,751,NULL,NULL,NULL,89,0,NULL),('-','2023-02-02 11:54:08','-','2023-02-02 11:54:08',0,2044,0,754,NULL,NULL,NULL,89,0,NULL),('-','2023-02-02 11:54:08','-','2023-02-02 11:54:08',0,2045,0,757,NULL,NULL,NULL,89,0,NULL),('-','2023-02-02 11:54:08','-','2023-02-02 11:54:08',0,2046,0,758,NULL,NULL,NULL,89,0,NULL),('-','2023-02-02 11:54:08','-','2023-02-02 11:54:08',0,2047,0,759,NULL,NULL,NULL,89,0,NULL),('-','2023-02-02 11:54:08','-','2023-02-02 11:54:08',0,2048,0,760,NULL,NULL,NULL,89,0,NULL),('-','2023-02-02 11:54:08','-','2023-02-02 11:54:08',0,2049,0,755,NULL,NULL,NULL,147,0,NULL),('-','2023-02-02 11:54:08','-','2023-02-02 11:54:08',0,2050,0,748,NULL,NULL,NULL,147,0,NULL),('-','2023-02-02 11:54:08','-','2023-02-02 11:54:08',0,2051,0,761,NULL,NULL,NULL,89,0,NULL),('-','2023-02-02 11:54:08','-','2023-02-02 11:54:08',0,2052,0,762,NULL,NULL,NULL,185,0,NULL),('-','2023-02-02 11:54:08','-','2023-02-02 11:54:08',0,2053,0,763,NULL,NULL,NULL,185,0,NULL),('-','2023-02-02 11:54:08','-','2023-02-02 11:54:08',0,2054,0,764,NULL,NULL,NULL,125,0,NULL),('-','2023-02-02 11:54:08','-','2023-02-02 11:54:08',0,2055,0,765,NULL,NULL,NULL,182,0,NULL),('-','2023-02-02 11:54:08','-','2023-02-02 11:54:08',0,2056,0,766,NULL,NULL,NULL,192,0,NULL),('-','2023-02-02 11:54:08','-','2023-02-02 11:54:08',0,2057,0,767,NULL,NULL,NULL,214,0,NULL),('-','2023-02-02 11:54:08','-','2023-02-02 11:54:08',0,2058,0,768,NULL,NULL,NULL,192,0,NULL),('-','2023-02-02 11:54:08','-','2023-02-02 11:54:08',0,2059,0,769,NULL,NULL,NULL,125,0,NULL),('-','2023-02-02 11:54:08','-','2023-02-02 11:54:08',0,2060,0,770,NULL,NULL,NULL,192,0,NULL),('-','2023-02-02 11:54:08','-','2023-02-02 11:54:08',0,2061,0,771,NULL,NULL,NULL,192,0,NULL),('-','2023-02-02 11:54:08','-','2023-02-02 11:54:08',0,2062,0,772,NULL,NULL,NULL,192,0,NULL),('-','2023-02-02 11:54:08','-','2023-02-02 11:54:08',0,2063,0,773,NULL,NULL,NULL,214,0,NULL),('-','2023-02-02 11:54:08','-','2023-02-02 11:54:08',0,2064,0,774,NULL,NULL,NULL,192,0,NULL),('-','2023-02-02 11:54:08','-','2023-02-02 11:54:08',0,2065,0,775,NULL,NULL,NULL,128,0,NULL),('-','2023-02-02 11:54:08','-','2023-02-02 11:54:08',0,2066,0,776,NULL,NULL,NULL,128,0,NULL),('-','2023-02-02 11:54:08','-','2023-02-02 11:54:08',0,2067,0,777,NULL,NULL,NULL,89,0,NULL),('-','2023-02-02 11:54:08','-','2023-02-02 11:54:08',0,2068,0,778,NULL,NULL,NULL,89,0,NULL),('-','2023-02-02 11:54:08','-','2023-02-02 11:54:08',0,2069,0,779,NULL,NULL,NULL,89,0,NULL),('-','2023-02-02 11:54:08','-','2023-02-02 11:54:08',0,2070,0,780,NULL,NULL,NULL,89,0,NULL),('-','2023-02-02 11:54:08','-','2023-02-02 11:54:08',0,2071,0,781,NULL,NULL,NULL,89,0,NULL),('-','2023-02-02 11:54:08','-','2023-02-02 11:54:08',0,2072,0,782,NULL,NULL,NULL,89,0,NULL),('-','2023-02-02 11:54:08','-','2023-02-02 11:54:08',0,2073,0,783,NULL,NULL,NULL,89,0,NULL),('-','2023-02-02 11:54:08','-','2023-02-02 11:54:08',0,2074,0,784,NULL,NULL,NULL,89,0,NULL),('-','2023-02-02 11:54:08','-','2023-02-02 11:54:08',0,2075,0,785,NULL,NULL,NULL,89,0,NULL),('-','2023-02-02 11:54:08','-','2023-02-02 11:54:08',0,2076,0,786,NULL,NULL,NULL,89,0,NULL),('-','2023-02-02 11:54:08','-','2023-02-02 11:54:08',0,2077,0,787,NULL,NULL,NULL,89,0,NULL),('','2023-02-02 11:54:08','-','2023-02-02 11:54:08',0,2078,0,788,NULL,NULL,NULL,89,0,NULL),('-','2023-02-02 11:54:08','-','2023-02-02 11:54:08',0,2079,0,789,NULL,NULL,NULL,89,0,NULL),('-','2023-02-02 11:54:08','-','2023-02-02 11:54:08',0,2080,0,790,NULL,NULL,NULL,192,0,NULL),('-','2023-02-02 11:54:08','-','2023-02-02 11:54:08',0,2081,0,791,NULL,NULL,NULL,185,0,NULL),('-','2023-02-02 11:54:08','-','2023-02-02 11:54:08',0,2082,0,792,NULL,NULL,NULL,147,0,NULL),('-','2023-02-02 11:54:08','-','2023-02-02 11:54:08',0,2083,0,793,NULL,NULL,NULL,148,0,NULL),('-','2023-02-02 11:54:08','-','2023-02-02 11:54:08',0,2084,0,794,NULL,NULL,NULL,148,0,NULL),('-','2023-02-02 11:54:08','-','2023-02-02 11:54:08',0,2085,0,795,NULL,NULL,NULL,89,0,NULL),('-','2023-02-02 11:54:08','-','2023-02-02 11:54:08',0,2086,0,796,NULL,NULL,NULL,180,0,NULL),('-','2023-02-02 11:54:08','-','2023-02-02 11:54:08',0,2087,0,797,NULL,NULL,NULL,89,0,NULL),('-','2023-02-02 11:54:08','-','2023-02-02 11:54:08',0,2088,0,798,NULL,NULL,NULL,185,0,NULL),('-','2023-02-02 11:54:08','-','2023-02-02 11:54:08',0,2089,0,799,NULL,NULL,NULL,185,0,NULL),('-','2023-02-02 11:54:08','-','2023-02-02 11:54:08',0,2090,0,800,NULL,NULL,NULL,185,0,NULL),('-','2023-02-02 11:54:08','-','2023-02-02 11:54:08',0,2091,0,801,NULL,NULL,NULL,201,0,NULL),('-','2023-02-02 11:54:08','-','2023-02-02 11:54:08',0,2092,0,802,NULL,NULL,NULL,185,0,NULL),('-','2023-02-02 11:54:08','-','2023-02-02 11:54:08',0,2093,0,803,NULL,NULL,NULL,175,0,NULL),('-','2023-02-02 11:54:08','-','2023-02-02 11:54:08',0,2094,0,804,NULL,NULL,NULL,175,0,NULL),('-','2023-02-02 11:54:08','-','2023-02-02 11:54:08',0,2095,0,805,NULL,NULL,NULL,185,0,NULL),('-','2023-02-02 11:54:08','-','2023-02-02 11:54:08',0,2096,0,806,NULL,NULL,NULL,185,0,NULL),('-','2023-02-02 11:54:08','-','2023-02-02 11:54:08',0,2097,0,807,NULL,NULL,NULL,185,0,NULL),('-','2023-02-02 11:54:08','-','2023-02-02 11:54:08',0,2098,0,808,NULL,NULL,NULL,185,0,NULL),('-','2023-02-02 11:54:08','-','2023-02-02 11:54:08',0,2099,0,809,NULL,NULL,NULL,185,0,NULL),('','2023-02-02 11:54:08','-','2023-02-02 11:54:08',0,2100,0,810,NULL,NULL,NULL,185,0,NULL),('-','2023-02-02 11:54:08','-','2023-02-02 11:54:08',0,2101,0,811,NULL,NULL,NULL,185,0,NULL),('','2023-02-02 11:54:08','-','2023-02-02 11:54:08',0,2102,0,812,NULL,NULL,NULL,185,0,NULL),('-','2023-02-02 11:54:08','-','2023-02-02 11:54:08',0,2103,0,813,NULL,NULL,NULL,185,0,NULL),('-','2023-02-02 11:54:08','-','2023-02-02 11:54:08',0,2104,0,814,NULL,NULL,NULL,185,0,NULL),('-','2023-02-02 11:54:08','-','2023-02-02 11:54:08',0,2105,0,815,NULL,NULL,NULL,185,0,NULL),('-','2023-02-02 11:54:08','-','2023-02-02 11:54:08',0,2106,0,816,NULL,NULL,NULL,214,0,NULL),('-','2023-02-02 11:54:08','-','2023-02-02 11:54:08',0,2107,0,817,NULL,NULL,NULL,185,0,NULL),('-','2023-02-02 11:54:08','-','2023-02-02 11:54:08',0,2108,0,818,NULL,NULL,NULL,214,0,NULL),('-','2023-02-02 11:54:08','-','2023-02-02 11:54:08',0,2109,0,819,NULL,NULL,NULL,214,0,NULL),('-','2023-02-02 11:54:08','-','2023-02-02 11:54:08',0,2110,0,820,NULL,NULL,NULL,214,0,NULL),('-','2023-02-02 11:54:08','-','2023-02-02 11:54:08',0,2111,0,821,NULL,NULL,NULL,214,0,NULL),('-','2023-02-02 11:54:08','-','2023-02-02 11:54:08',0,2112,0,822,NULL,NULL,NULL,214,0,NULL),('','2023-02-02 11:54:08','-','2023-02-02 11:54:08',0,2113,0,823,NULL,NULL,NULL,214,0,NULL),('-','2023-02-02 11:54:08','-','2023-02-02 11:54:08',0,2114,0,824,NULL,NULL,NULL,214,0,NULL),('-','2023-02-02 11:54:08','-','2023-02-02 11:54:08',0,2115,0,825,NULL,NULL,NULL,214,0,NULL),('-','2023-02-02 11:54:08','-','2023-02-02 11:54:08',0,2116,0,826,NULL,NULL,NULL,214,0,NULL),('-','2023-02-02 11:54:08','-','2023-02-02 11:54:08',0,2117,0,827,NULL,NULL,NULL,214,0,NULL),('-','2023-02-02 11:54:08','-','2023-02-02 11:54:08',0,2118,0,828,NULL,NULL,NULL,214,0,NULL),('-','2023-02-02 11:54:08','-','2023-02-02 11:54:08',0,2119,0,829,NULL,NULL,NULL,214,0,NULL),('-','2023-02-02 11:54:08','-','2023-02-02 11:54:08',0,2120,0,830,NULL,NULL,NULL,214,0,NULL),('','2023-02-02 11:54:08','-','2023-02-02 11:54:08',0,2121,0,831,NULL,NULL,NULL,185,0,NULL),('-','2023-02-02 11:54:08','-','2023-02-02 11:54:08',0,2122,0,834,NULL,NULL,NULL,214,0,NULL),('-','2023-02-02 11:54:08','-','2023-02-02 11:54:08',0,2123,0,833,NULL,NULL,NULL,214,0,NULL),('-','2023-02-02 11:54:08','-','2023-02-02 11:54:08',0,2124,0,835,NULL,NULL,NULL,185,0,NULL),('-','2023-02-02 11:54:08','-','2023-02-02 11:54:08',0,2125,0,836,NULL,NULL,NULL,185,0,NULL),('-','2023-02-02 11:54:08','-','2023-02-02 11:54:08',0,2126,0,837,NULL,NULL,NULL,185,0,NULL),('-','2023-02-02 11:54:08','-','2023-02-02 11:54:08',0,2127,0,838,NULL,NULL,NULL,185,0,NULL),('-','2023-02-02 11:54:08','-','2023-02-02 11:54:08',0,2128,0,839,NULL,NULL,NULL,185,0,NULL),('','2023-02-02 11:54:08','-','2023-02-02 11:54:08',0,2129,0,840,NULL,NULL,NULL,211,0,NULL),('-','2023-02-02 11:54:08','-','2023-02-02 11:54:08',0,2130,0,841,NULL,NULL,NULL,211,0,NULL),('-','2023-02-02 11:54:08','-','2023-02-02 11:54:08',0,2131,0,842,NULL,NULL,NULL,185,0,NULL),('-','2023-02-02 11:54:08','-','2023-02-02 11:54:08',0,2132,0,843,NULL,NULL,NULL,211,0,NULL),('-','2023-02-02 11:54:08','-','2023-02-02 11:54:08',0,2133,0,844,NULL,NULL,NULL,211,0,NULL),('-','2023-02-02 11:54:08','-','2023-02-02 11:54:08',0,2134,0,845,NULL,NULL,NULL,211,0,NULL),('-','2023-02-02 11:54:08','-','2023-02-02 11:54:08',0,2135,0,846,NULL,NULL,NULL,215,0,NULL),('-','2023-02-02 11:54:08','-','2023-02-02 11:54:08',0,2136,0,847,NULL,NULL,NULL,225,0,NULL),('-','2023-02-02 11:54:08','-','2023-02-02 11:54:08',0,2137,0,848,NULL,NULL,NULL,222,0,NULL),('','2023-02-02 11:54:08','-','2023-02-02 11:54:08',0,2138,0,849,NULL,NULL,NULL,185,0,NULL),('-','2023-02-02 11:54:08','-','2023-02-02 11:54:08',0,2139,0,850,NULL,NULL,NULL,185,0,NULL),('-','2023-02-02 11:54:08','-','2023-02-02 11:54:08',0,2140,0,851,NULL,NULL,NULL,211,0,NULL),('-','2023-02-02 11:54:08','-','2023-02-02 11:54:08',0,2141,0,852,NULL,NULL,NULL,192,0,NULL),('-','2023-02-02 11:54:08','-','2023-02-02 11:54:08',0,2142,0,853,NULL,NULL,NULL,224,0,NULL),('-','2023-02-02 11:54:08','-','2023-02-02 11:54:08',0,2143,0,854,NULL,NULL,NULL,211,0,NULL),('-','2023-02-02 11:54:08','-','2023-02-02 11:54:08',0,2144,0,855,NULL,NULL,NULL,185,0,NULL),('-','2023-02-02 11:54:08','-','2023-02-02 11:54:08',0,2145,0,856,NULL,NULL,NULL,185,0,NULL),('','2023-02-02 11:54:08','-','2023-02-02 11:54:08',0,2146,0,857,NULL,NULL,NULL,185,0,NULL),('-','2023-02-02 11:54:08','-','2023-02-02 11:54:08',0,2147,0,858,NULL,NULL,NULL,185,0,NULL),('-','2023-02-02 11:54:08','-','2023-02-02 11:54:08',0,2148,0,859,NULL,NULL,NULL,185,0,NULL),('-','2023-02-02 11:54:08','-','2023-02-02 11:54:08',0,2149,0,860,NULL,NULL,NULL,185,0,NULL),('-','2023-02-02 11:54:08','-','2023-02-02 11:54:08',0,2150,0,861,NULL,NULL,NULL,212,0,NULL),('-','2023-02-02 11:54:08','-','2023-02-02 11:54:08',0,2151,0,862,NULL,NULL,NULL,213,0,NULL),('-','2023-02-02 11:54:08','-','2023-02-02 11:54:08',0,2152,0,863,NULL,NULL,NULL,211,0,NULL),('-','2023-02-02 11:54:08','-','2023-02-02 11:54:08',0,2153,0,864,NULL,NULL,NULL,185,0,NULL),('-','2023-02-02 11:54:08','-','2023-02-02 11:54:08',0,2154,0,865,NULL,NULL,NULL,185,0,NULL),('-','2023-02-02 11:54:08','-','2023-02-02 11:54:08',0,2155,0,866,NULL,NULL,NULL,224,0,NULL),('-','2023-02-02 11:54:08','-','2023-02-02 11:54:08',0,2156,0,867,NULL,NULL,NULL,222,0,NULL),('-','2023-02-02 11:54:08','-','2023-02-02 11:54:08',0,2157,0,868,NULL,NULL,NULL,222,0,NULL),('-','2023-02-02 11:54:08','-','2023-02-02 11:54:08',0,2158,0,869,NULL,NULL,NULL,70,0,NULL),('-','2023-02-02 11:54:08','-','2023-02-02 11:54:08',0,2159,0,870,NULL,NULL,NULL,92,0,NULL),('-','2023-02-02 11:54:08','-','2023-02-02 11:54:08',0,2160,0,871,NULL,NULL,NULL,222,0,NULL),('-','2023-02-02 11:54:08','-','2023-02-02 11:54:08',0,2161,0,872,NULL,NULL,NULL,222,0,NULL),('','2023-02-02 11:54:08','-','2023-02-02 11:54:08',0,2162,0,873,NULL,NULL,NULL,222,0,NULL),('-','2023-02-02 11:54:08','-','2023-02-02 11:54:08',0,2163,0,874,NULL,NULL,NULL,222,0,NULL),('-','2023-02-02 11:54:08','-','2023-02-02 11:54:08',0,2164,0,875,NULL,NULL,NULL,222,0,NULL),('-','2023-02-02 11:54:08','-','2023-02-02 11:54:08',0,2165,0,876,NULL,NULL,NULL,222,0,NULL),('-','2023-02-02 11:54:08','-','2023-02-02 11:54:08',0,2166,0,877,NULL,NULL,NULL,222,0,NULL),('-','2023-02-02 11:54:08','-','2023-02-02 11:54:08',0,2167,0,878,NULL,NULL,NULL,222,0,NULL),('-','2023-02-02 11:54:08','-','2023-02-02 11:54:08',0,2168,0,879,NULL,NULL,NULL,222,0,NULL),('-','2023-02-02 11:54:08','-','2023-02-02 11:54:08',0,2169,0,880,NULL,NULL,NULL,222,0,NULL),('','2023-02-02 11:54:08','-','2023-02-02 11:54:08',0,2170,0,881,NULL,NULL,NULL,222,0,NULL),('-','2023-02-02 11:54:08','-','2023-02-02 11:54:08',0,2171,0,882,NULL,NULL,NULL,222,0,NULL),('-','2023-02-02 11:54:08','-','2023-02-02 11:54:08',0,2172,0,883,NULL,NULL,NULL,185,0,NULL),('-','2023-02-02 11:54:08','-','2023-02-02 11:54:08',0,2173,0,884,NULL,NULL,NULL,224,0,NULL),('-','2023-02-02 11:54:08','-','2023-02-02 11:54:08',0,2174,0,885,NULL,NULL,NULL,222,0,NULL),('-','2023-02-02 11:54:08','-','2023-02-02 11:54:08',0,2175,0,886,NULL,NULL,NULL,222,0,NULL),('-','2023-02-02 11:54:08','-','2023-02-02 11:54:08',0,2176,0,887,NULL,NULL,NULL,222,0,NULL),('-','2023-02-02 11:54:08','-','2023-02-02 11:54:08',0,2177,0,888,NULL,NULL,NULL,222,0,NULL),('-','2023-02-02 11:54:08','-','2023-02-02 11:54:08',0,2178,0,889,NULL,NULL,NULL,222,0,NULL),('-','2023-02-02 11:54:08','-','2023-02-02 11:54:08',0,2179,0,890,NULL,NULL,NULL,222,0,NULL),('-','2023-02-02 11:54:08','-','2023-02-02 11:54:08',0,2180,0,891,NULL,NULL,NULL,222,0,NULL),('-','2023-02-02 11:54:08','-','2023-02-02 11:54:08',0,2181,0,892,NULL,NULL,NULL,222,0,NULL),('-','2023-02-02 11:54:08','-','2023-02-02 11:54:08',0,2182,0,893,NULL,NULL,NULL,222,0,NULL),('-','2023-02-02 11:54:08','-','2023-02-02 11:54:08',0,2183,0,894,NULL,NULL,NULL,222,0,NULL),('-','2023-02-02 11:54:08','-','2023-02-02 11:54:08',0,2184,0,895,NULL,NULL,NULL,95,0,NULL),('-','2023-02-02 11:54:08','-','2023-02-02 11:54:08',0,2186,0,897,NULL,NULL,NULL,222,0,NULL),('-','2023-02-02 11:54:08','-','2023-02-02 11:54:08',0,2187,0,898,NULL,NULL,NULL,222,0,NULL),('-','2023-02-02 11:54:08','-','2023-02-02 11:54:08',0,2188,0,899,NULL,NULL,NULL,222,0,NULL),('-','2023-02-02 11:54:08','-','2023-02-02 11:54:08',0,2189,0,900,NULL,NULL,NULL,222,0,NULL),('-','2023-02-02 11:54:08','-','2023-02-02 11:54:08',0,2190,0,901,NULL,NULL,NULL,222,0,NULL),('-','2023-02-02 11:54:08','-','2023-02-02 11:54:08',0,2191,0,902,NULL,NULL,NULL,222,0,NULL),('-','2023-02-02 11:54:08','-','2023-02-02 11:54:08',0,2192,0,903,NULL,NULL,NULL,222,0,NULL),('-','2023-02-02 11:54:08','-','2023-02-02 11:54:08',0,2193,0,904,NULL,NULL,NULL,222,0,NULL),('-','2023-02-02 11:54:08','-','2023-02-02 11:54:08',0,2194,0,905,NULL,NULL,NULL,222,0,NULL),('-','2023-02-02 11:54:08','-','2023-02-02 11:54:08',0,2195,0,906,NULL,NULL,NULL,222,0,NULL),('-','2023-02-02 11:54:08','-','2023-02-02 11:54:08',0,2196,0,907,NULL,NULL,NULL,222,0,NULL),('-','2023-02-02 11:54:08','-','2023-02-02 11:54:08',0,2197,0,908,NULL,NULL,NULL,222,0,NULL),('-','2023-02-02 11:54:08','-','2023-02-02 11:54:08',0,2198,0,909,NULL,NULL,NULL,222,0,NULL),('-','2023-02-02 11:54:08','-','2023-02-02 11:54:08',0,2199,0,910,NULL,NULL,NULL,171,0,NULL),('-','2023-02-02 11:54:08','-','2023-02-02 11:54:08',0,2200,0,911,NULL,NULL,NULL,171,0,NULL),('-','2023-02-02 11:54:08','-','2023-02-02 11:54:08',0,2201,0,912,NULL,NULL,NULL,171,0,NULL),('-','2023-02-02 11:54:08','-','2023-02-02 11:54:08',0,2202,0,913,NULL,NULL,NULL,171,0,NULL),('-','2023-02-02 11:54:08','-','2023-02-02 11:54:08',0,2203,0,914,NULL,NULL,NULL,171,0,NULL),('-','2023-02-02 11:54:08','-','2023-02-02 11:54:08',0,2204,0,915,NULL,NULL,NULL,171,0,NULL),('-','2023-02-02 11:54:08','-','2023-02-02 11:54:08',0,2205,0,916,NULL,NULL,NULL,171,0,NULL),('-','2023-02-02 11:54:08','-','2023-02-02 11:54:08',0,2206,0,917,NULL,NULL,NULL,171,0,NULL),('-','2023-02-02 11:54:08','-','2023-02-02 11:54:08',0,2207,0,918,NULL,NULL,NULL,211,0,NULL),('-','2023-02-02 11:54:08','-','2023-02-02 11:54:08',0,2208,0,919,NULL,NULL,NULL,175,0,NULL),('-','2023-02-02 11:54:08','-','2023-02-02 11:54:08',0,2209,0,920,NULL,NULL,NULL,175,0,NULL),('-','2023-02-02 11:54:08','-','2023-02-02 11:54:08',0,2210,0,921,NULL,NULL,NULL,224,0,NULL),('-','2023-02-02 11:54:08','-','2023-02-02 11:54:08',0,2211,0,922,NULL,NULL,NULL,173,0,NULL),('-','2023-02-02 11:54:08','-','2023-02-02 11:54:08',0,2212,0,923,NULL,NULL,NULL,222,0,NULL),('-','2023-02-02 11:54:08','-','2023-02-02 11:54:08',0,2213,0,924,NULL,NULL,NULL,222,0,NULL),('-','2023-02-02 11:54:08','-','2023-02-02 11:54:08',0,2214,0,925,NULL,NULL,NULL,171,0,NULL),('-','2023-02-02 11:54:08','-','2023-02-02 11:54:08',0,2215,0,926,NULL,NULL,NULL,171,0,NULL),('-','2023-02-02 11:54:08','-','2023-02-02 11:54:08',0,2216,0,928,NULL,NULL,NULL,175,0,NULL),('-','2023-02-02 11:54:08','-','2023-02-02 11:54:08',0,2217,0,929,NULL,NULL,NULL,171,0,NULL),('-','2023-02-02 11:54:08','-','2023-02-02 11:54:08',0,2218,0,930,NULL,NULL,NULL,175,0,NULL),('-','2023-02-02 11:54:08','-','2023-02-02 11:54:08',0,2219,0,931,NULL,NULL,NULL,171,0,NULL),('-','2023-02-02 11:54:08','-','2023-02-02 11:54:08',0,2220,0,932,NULL,NULL,NULL,171,0,NULL),('-','2023-02-02 11:54:08','-','2023-02-02 11:54:08',0,2221,0,933,NULL,NULL,NULL,171,0,NULL),('-','2023-02-02 11:54:08','-','2023-02-02 11:54:08',0,2222,0,934,NULL,NULL,NULL,222,0,NULL),('-','2023-02-02 11:54:08','-','2023-02-02 11:54:08',0,2223,0,935,NULL,NULL,NULL,222,0,NULL),('-','2023-02-02 11:54:08','-','2023-02-02 11:54:08',0,2224,0,936,NULL,NULL,NULL,222,0,NULL),('-','2023-02-02 11:54:08','-','2023-02-02 11:54:08',0,2225,0,937,NULL,NULL,NULL,222,0,NULL),('-','2023-02-02 11:54:08','-','2023-02-02 11:54:08',0,2226,0,938,NULL,NULL,NULL,222,0,NULL),('-','2023-02-02 11:54:08','-','2023-02-02 11:54:08',0,2227,0,939,NULL,NULL,NULL,222,0,NULL),('-','2023-02-02 11:54:08','-','2023-02-02 11:54:08',0,2228,0,940,NULL,NULL,NULL,222,0,NULL),('-','2023-02-02 11:54:08','-','2023-02-02 11:54:08',0,2229,0,941,NULL,NULL,NULL,222,0,NULL),('-','2023-02-02 11:54:08','-','2023-02-02 11:54:08',0,2230,0,942,NULL,NULL,NULL,222,0,NULL),('-','2023-02-02 11:54:08','-','2023-02-02 11:54:08',0,2231,0,943,NULL,NULL,NULL,222,0,NULL),('-','2023-02-02 11:54:08','-','2023-02-02 11:54:08',0,2232,0,944,NULL,NULL,NULL,222,0,NULL),('-','2023-02-02 11:54:08','-','2023-02-02 11:54:08',0,2233,0,945,NULL,NULL,NULL,222,0,NULL),('-','2023-02-02 11:54:08','-','2023-02-02 11:54:08',0,2234,0,946,NULL,NULL,NULL,224,0,NULL),('-','2023-02-02 11:54:08','-','2023-02-02 11:54:08',0,2235,0,947,NULL,NULL,NULL,222,0,NULL),('-','2023-02-02 11:54:08','-','2023-02-02 11:54:08',0,2236,0,948,NULL,NULL,NULL,222,0,NULL),('-','2023-02-02 11:54:08','-','2023-02-02 11:54:08',0,2237,0,949,NULL,NULL,NULL,224,0,NULL),('-','2023-02-02 11:54:08','-','2023-02-02 11:54:08',0,2238,0,950,NULL,NULL,NULL,224,0,NULL),('-','2023-02-02 11:54:08','-','2023-02-02 11:54:08',0,2239,0,951,NULL,NULL,NULL,224,0,NULL),('-','2023-02-02 11:54:08','-','2023-02-02 11:54:08',0,2240,0,952,NULL,NULL,NULL,224,0,NULL),('-','2023-02-02 11:54:08','-','2023-02-02 11:54:08',0,2241,0,953,NULL,NULL,NULL,224,0,NULL),('-','2023-02-02 11:54:08','-','2023-02-02 11:54:08',0,2243,0,954,NULL,NULL,NULL,224,0,NULL),('-','2023-02-02 11:54:08','-','2023-02-02 11:54:08',0,2244,0,955,NULL,NULL,NULL,176,0,NULL),('-','2023-02-02 11:54:08','-','2023-02-02 11:54:08',0,2245,0,956,NULL,NULL,NULL,175,0,NULL),('-','2023-02-02 11:54:08','-','2023-02-02 11:54:08',0,2246,0,957,NULL,NULL,NULL,224,0,NULL),('-','2023-02-02 11:54:08','-','2023-02-02 11:54:08',0,2247,0,958,NULL,NULL,NULL,224,0,NULL),('-','2023-02-02 11:54:08','-','2023-02-02 11:54:08',0,2248,0,959,NULL,NULL,NULL,224,0,NULL),('-','2023-02-02 11:54:08','-','2023-02-02 11:54:08',0,2249,0,960,NULL,NULL,NULL,224,0,NULL),('-','2023-02-02 11:54:08','-','2023-02-02 11:54:08',0,2250,0,961,NULL,NULL,NULL,224,0,NULL),('-','2023-02-02 11:54:08','-','2023-02-02 11:54:08',0,2251,0,962,NULL,NULL,NULL,175,0,NULL),('-','2023-02-02 11:54:08','-','2023-02-02 11:54:08',0,2252,0,963,NULL,NULL,NULL,171,0,NULL),('-','2023-02-02 11:54:08','-','2023-02-02 11:54:08',0,2253,0,964,NULL,NULL,NULL,171,0,NULL),('-','2023-02-02 11:54:08','-','2023-02-02 11:54:08',0,2254,0,965,NULL,NULL,NULL,171,0,NULL),('-','2023-02-02 11:54:08','-','2023-02-02 11:54:08',0,2255,0,966,NULL,NULL,NULL,171,0,NULL),('-','2023-02-02 11:54:08','-','2023-02-02 11:54:08',0,2256,0,972,NULL,NULL,NULL,224,0,NULL),('-','2023-02-02 11:54:08','-','2023-02-02 11:54:08',0,2257,0,973,NULL,NULL,NULL,224,0,NULL),('-','2023-02-02 11:54:08','-','2023-02-02 11:54:08',0,2258,0,969,NULL,NULL,NULL,171,0,NULL),('-','2023-02-02 11:54:08','-','2023-02-02 11:54:08',0,2259,0,970,NULL,NULL,NULL,171,0,NULL),('-','2023-02-02 11:54:08','-','2023-02-02 11:54:08',0,2260,0,971,NULL,NULL,NULL,92,0,NULL),('-','2023-02-02 11:54:08','-','2023-02-02 11:54:08',0,2261,0,974,NULL,NULL,NULL,224,0,NULL),('-','2023-02-02 11:54:08','-','2023-02-02 11:54:08',0,2263,0,976,NULL,NULL,NULL,222,0,NULL),('-','2023-02-02 11:54:08','-','2023-02-02 11:54:08',0,2264,0,977,NULL,NULL,NULL,222,0,NULL),('-','2023-02-02 11:54:08','-','2023-02-02 11:54:08',0,2265,0,978,NULL,NULL,NULL,222,0,NULL),('-','2023-02-02 11:54:08','-','2023-02-02 11:54:08',0,2266,0,979,NULL,NULL,NULL,222,0,NULL),('-','2023-02-02 11:54:08','-','2023-02-02 11:54:08',0,2267,0,997,NULL,NULL,NULL,222,0,NULL),('-','2023-02-02 11:54:08','-','2023-02-02 11:54:08',0,2268,0,981,NULL,NULL,NULL,171,0,NULL),('-','2023-02-02 11:54:08','-','2023-02-02 11:54:08',0,2269,0,982,NULL,NULL,NULL,175,0,NULL),('-','2023-02-02 11:54:08','-','2023-02-02 11:54:08',0,2270,0,998,NULL,NULL,NULL,222,0,NULL),('-','2023-02-02 11:54:08','-','2023-02-02 11:54:08',0,2271,0,984,NULL,NULL,NULL,211,0,NULL),('-','2023-02-02 11:54:08','-','2023-02-02 11:54:08',0,2272,0,985,NULL,NULL,NULL,211,0,NULL),('-','2023-02-02 11:54:08','-','2023-02-02 11:54:08',0,2273,0,986,NULL,NULL,NULL,175,0,NULL),('-','2023-02-02 11:54:08','-','2023-02-02 11:54:08',0,2274,0,987,NULL,NULL,NULL,175,0,NULL),('-','2023-02-02 11:54:08','-','2023-02-02 11:54:08',0,2275,0,988,NULL,NULL,NULL,175,0,NULL),('-','2023-02-02 11:54:08','-','2023-02-02 11:54:08',0,2276,0,989,NULL,NULL,NULL,175,0,NULL),('-','2023-02-02 11:54:08','-','2023-02-02 11:54:08',0,2277,0,990,NULL,NULL,NULL,175,0,NULL),('-','2023-02-02 11:54:08','-','2023-02-02 11:54:08',0,2278,0,991,NULL,NULL,NULL,175,0,NULL),('-','2023-02-02 11:54:08','-','2023-02-02 11:54:08',0,2279,0,992,NULL,NULL,NULL,175,0,NULL),('-','2023-02-02 11:54:08','-','2023-02-02 11:54:08',0,2280,0,993,NULL,NULL,NULL,175,0,NULL),('-','2023-02-02 11:54:08','-','2023-02-02 11:54:08',0,2281,0,994,NULL,NULL,NULL,175,0,NULL),('-','2023-02-02 11:54:08','-','2023-02-02 11:54:08',0,2282,0,995,NULL,NULL,NULL,175,0,NULL),('-','2023-02-02 11:54:08','-','2023-02-02 11:54:08',0,2283,0,996,NULL,NULL,NULL,175,0,NULL),('-','2023-02-02 11:54:08','-','2023-02-02 11:54:08',0,2284,0,999,NULL,NULL,NULL,175,0,NULL),('-','2023-02-02 11:54:08','-','2023-02-02 11:54:08',0,2285,0,1000,NULL,NULL,NULL,175,0,NULL),('-','2023-02-02 11:54:08','-','2023-02-02 11:54:08',0,2286,0,1001,NULL,NULL,NULL,175,0,NULL),('-','2023-02-02 11:54:08','-','2023-02-02 11:54:08',0,2287,0,1002,NULL,NULL,NULL,185,0,NULL),('-','2023-02-02 11:54:08','-','2023-02-02 11:54:08',0,2288,0,1003,NULL,NULL,NULL,211,0,NULL),('-','2023-02-02 11:54:08','-','2023-02-02 11:54:08',0,2289,0,1004,NULL,NULL,NULL,185,0,NULL),('-','2023-02-02 11:54:08','-','2023-02-02 11:54:08',0,2290,0,1005,NULL,NULL,NULL,185,0,NULL),('-','2023-02-02 11:54:08','-','2023-02-02 11:54:08',0,2291,0,1006,NULL,NULL,NULL,185,0,NULL),('-','2023-02-02 11:54:08','-','2023-02-02 11:54:08',0,2292,0,1007,NULL,NULL,NULL,185,0,NULL),('-','2023-02-02 11:54:08','-','2023-02-02 11:54:08',0,2293,0,1008,NULL,NULL,NULL,185,0,NULL),('-','2023-02-02 11:54:08','-','2023-02-02 11:54:08',0,2294,0,1009,NULL,NULL,NULL,224,0,NULL),('-','2023-02-02 11:54:08','-','2023-02-02 11:54:08',0,2295,0,1010,NULL,NULL,NULL,224,0,NULL),('-','2023-02-02 11:54:08','-','2023-02-02 11:54:08',0,2296,0,1011,NULL,NULL,NULL,185,0,NULL),('-','2023-02-02 11:54:08','-','2023-02-02 11:54:08',0,2297,0,1012,NULL,NULL,NULL,224,0,NULL),('-','2023-02-02 11:54:08','-','2023-02-02 11:54:08',0,2298,0,1013,NULL,NULL,NULL,224,0,NULL),('-','2023-02-02 11:54:08','-','2023-02-02 11:54:08',0,2299,0,1014,NULL,NULL,NULL,224,0,NULL),('-','2023-02-02 11:54:08','-','2023-02-02 11:54:08',0,2300,0,1015,NULL,NULL,NULL,224,0,NULL),('-','2023-02-02 11:54:08','-','2023-02-02 11:54:08',0,2301,0,1016,NULL,NULL,NULL,224,0,NULL),('-','2023-02-02 11:54:08','-','2023-02-02 11:54:08',0,2302,0,1017,NULL,NULL,NULL,224,0,NULL),('-','2023-02-02 11:54:08','-','2023-02-02 11:54:08',0,2303,0,1018,NULL,NULL,NULL,224,0,NULL),('-','2023-02-02 11:54:08','-','2023-02-02 11:54:08',0,2304,0,1019,NULL,NULL,NULL,163,0,NULL),('-','2023-02-02 11:54:08','-','2023-02-02 11:54:08',0,2305,0,1020,NULL,NULL,NULL,176,0,NULL),('-','2023-02-02 11:54:08','-','2023-02-02 11:54:08',0,2306,0,1021,NULL,NULL,NULL,176,0,NULL),('-','2023-02-02 11:54:08','-','2023-02-02 11:54:08',0,2307,0,1022,NULL,NULL,NULL,224,0,NULL),('-','2023-02-02 11:54:08','-','2023-02-02 11:54:08',0,2308,0,1023,NULL,NULL,NULL,95,0,NULL),('-','2023-02-02 11:54:08','-','2023-02-02 11:54:08',0,2309,0,1024,NULL,NULL,NULL,95,0,NULL),('-','2023-02-02 11:54:08','-','2023-02-02 11:54:08',0,2310,0,1025,NULL,NULL,NULL,95,0,NULL),('-','2023-02-02 11:54:08','-','2023-02-02 11:54:08',0,2311,0,1026,NULL,NULL,NULL,95,0,NULL),('-','2023-02-02 11:54:08','-','2023-02-02 11:54:08',0,2312,0,1027,NULL,NULL,NULL,95,0,NULL),('-','2023-02-02 11:54:08','-','2023-02-02 11:54:08',0,2313,0,1028,NULL,NULL,NULL,95,0,NULL),('-','2023-02-02 11:54:08','-','2023-02-02 11:54:08',0,2314,0,1029,NULL,NULL,NULL,96,0,NULL),('-','2023-02-02 11:54:08','-','2023-02-02 11:54:08',0,2315,0,1030,NULL,NULL,NULL,96,0,NULL),('-','2023-02-02 11:54:08','-','2023-02-02 11:54:08',0,2316,0,1040,NULL,NULL,NULL,96,0,NULL),('-','2023-02-02 11:54:08','-','2023-02-02 11:54:08',0,2317,0,1032,NULL,NULL,NULL,96,0,NULL),('-','2023-02-02 11:54:08','-','2023-02-02 11:54:08',0,2318,0,1033,NULL,NULL,NULL,97,0,NULL),('-','2023-02-02 11:54:08','-','2023-02-02 11:54:08',0,2319,0,1034,NULL,NULL,NULL,97,0,NULL),('-','2023-02-02 11:54:08','-','2023-02-02 11:54:08',0,2320,0,1035,NULL,NULL,NULL,96,0,NULL),('-','2023-02-02 11:54:08','-','2023-02-02 11:54:08',0,2321,0,1036,NULL,NULL,NULL,96,0,NULL),('-','2023-02-02 11:54:08','-','2023-02-02 11:54:08',0,2322,0,1037,NULL,NULL,NULL,96,0,NULL),('-','2023-02-02 11:54:08','-','2023-02-02 11:54:08',0,2323,0,1038,NULL,NULL,NULL,96,0,NULL),('-','2023-02-02 11:54:08','-','2023-02-02 11:54:08',0,2324,0,1039,NULL,NULL,NULL,96,0,NULL),('-','2023-02-02 11:54:08','-','2023-02-02 11:54:08',0,2325,0,1041,NULL,NULL,NULL,96,0,NULL),('-','2023-02-02 11:54:08','-','2023-02-02 11:54:08',0,2326,0,1040,NULL,NULL,NULL,96,0,NULL),('-','2023-02-02 11:54:08','-','2023-02-02 11:54:08',0,2327,0,1042,NULL,NULL,NULL,96,0,NULL),('-','2023-02-02 11:54:08','-','2023-02-02 11:54:08',0,2328,0,1043,NULL,NULL,NULL,96,0,NULL),('-','2023-02-02 11:54:08','-','2023-02-02 11:54:08',0,2329,0,1044,NULL,NULL,NULL,96,0,NULL),('-','2023-02-02 11:54:08','-','2023-02-02 11:54:08',0,2330,0,1045,NULL,NULL,NULL,96,0,NULL),('-','2023-02-02 11:54:08','-','2023-02-02 11:54:08',0,2331,0,1046,NULL,NULL,NULL,96,0,NULL),('-','2023-02-02 11:54:08','-','2023-02-02 11:54:08',0,2332,0,1047,NULL,NULL,NULL,96,0,NULL),('-','2023-02-02 11:54:08','-','2023-02-02 11:54:08',0,2333,0,1048,NULL,NULL,NULL,96,0,NULL),('-','2023-02-02 11:54:08','-','2023-02-02 11:54:08',0,2334,0,1049,NULL,NULL,NULL,96,0,NULL),('-','2023-02-02 11:54:08','-','2023-02-02 11:54:08',0,2335,0,1050,NULL,NULL,NULL,96,0,NULL),('-','2023-02-02 11:54:08','-','2023-02-02 11:54:08',0,2336,0,1051,NULL,NULL,NULL,96,0,NULL),('-','2023-02-02 11:54:08','-','2023-02-02 11:54:08',0,2337,0,1052,NULL,NULL,NULL,96,0,NULL),('-','2023-02-02 11:54:08','-','2023-02-02 11:54:08',0,2338,0,1053,NULL,NULL,NULL,96,0,NULL),('-','2023-02-02 11:54:08','-','2023-02-02 11:54:08',0,2339,0,1054,NULL,NULL,NULL,96,0,NULL),('-','2023-02-02 11:54:08','-','2023-02-02 11:54:08',0,2340,0,1055,NULL,NULL,NULL,96,0,NULL),('-','2023-02-02 11:54:08','-','2023-02-02 11:54:08',0,2341,0,1056,NULL,NULL,NULL,96,0,NULL),('-','2023-02-02 11:54:08','-','2023-02-02 11:54:08',0,2342,0,1057,NULL,NULL,NULL,95,0,NULL),('-','2023-02-02 11:54:08','-','2023-02-02 11:54:08',0,2343,0,1059,NULL,NULL,NULL,96,0,NULL),('-','2023-02-02 11:54:08','-','2023-02-02 11:54:08',0,2344,0,1060,NULL,NULL,NULL,96,0,NULL),('-','2023-02-02 11:54:08','-','2023-02-02 11:54:08',0,2345,0,1061,NULL,NULL,NULL,96,0,NULL),('-','2023-02-02 11:54:08','-','2023-02-02 11:54:08',0,2346,0,1062,NULL,NULL,NULL,96,0,NULL),('-','2023-02-02 11:54:08','-','2023-02-02 11:54:08',0,2347,0,1063,NULL,NULL,NULL,96,0,NULL),('-','2023-02-02 11:54:08','-','2023-02-02 11:54:08',0,2348,0,1064,NULL,NULL,NULL,96,0,NULL),('-','2023-02-02 11:54:08','-','2023-02-02 11:54:08',0,2349,0,1065,NULL,NULL,NULL,96,0,NULL),('-','2023-02-02 11:54:08','-','2023-02-02 11:54:08',0,2350,0,1066,NULL,NULL,NULL,96,0,NULL),('-','2023-02-02 11:54:08','-','2023-02-02 11:54:08',0,2351,0,1067,NULL,NULL,NULL,96,0,NULL),('-','2023-02-02 11:54:08','-','2023-02-02 11:54:08',0,2352,0,1068,NULL,NULL,NULL,96,0,NULL),('-','2023-02-02 11:54:08','-','2023-02-02 11:54:08',0,2353,0,1069,NULL,NULL,NULL,96,0,NULL),('-','2023-02-02 11:54:08','-','2023-02-02 11:54:08',0,2354,0,1070,NULL,NULL,NULL,96,0,NULL),('-','2023-02-02 11:54:08','-','2023-02-02 11:54:08',0,2355,0,1071,NULL,NULL,NULL,96,0,NULL),('-','2023-02-02 11:54:08','-','2023-02-02 11:54:08',0,2356,0,1072,NULL,NULL,NULL,96,0,NULL),('-','2023-02-02 11:54:08','-','2023-02-02 11:54:08',0,2357,0,1073,NULL,NULL,NULL,96,0,NULL),('-','2023-02-02 11:54:08','-','2023-02-02 11:54:08',0,2358,0,1074,NULL,NULL,NULL,96,0,NULL),('-','2023-02-02 11:54:08','-','2023-02-02 11:54:08',0,2359,0,1075,NULL,NULL,NULL,96,0,NULL),('-','2023-02-02 11:54:08','-','2023-02-02 11:54:08',0,2360,0,1076,NULL,NULL,NULL,96,0,NULL),('-','2023-02-02 11:54:08','-','2023-02-02 11:54:08',0,2361,0,1077,NULL,NULL,NULL,96,0,NULL),('-','2023-02-02 11:54:08','-','2023-02-02 11:54:08',0,2362,0,1078,NULL,NULL,NULL,96,0,NULL),('-','2023-02-02 11:54:08','-','2023-02-02 11:54:08',0,2363,0,1079,NULL,NULL,NULL,96,0,NULL),('-','2023-02-02 11:54:08','-','2023-02-02 11:54:08',0,2364,0,1080,NULL,NULL,NULL,96,0,NULL),('-','2023-02-02 11:54:08','-','2023-02-02 11:54:08',0,2365,0,1081,NULL,NULL,NULL,96,0,NULL),('-','2023-02-02 11:54:08','-','2023-02-02 11:54:08',0,2366,0,1082,NULL,NULL,NULL,96,0,NULL),('-','2023-02-02 11:54:08','-','2023-02-02 11:54:08',0,2367,0,1083,NULL,NULL,NULL,96,0,NULL),('-','2023-02-02 11:54:08','-','2023-02-02 11:54:08',0,2368,0,1084,NULL,NULL,NULL,96,0,NULL),('-','2023-02-02 11:54:08','-','2023-02-02 11:54:08',0,2369,0,1085,NULL,NULL,NULL,96,0,NULL),('-','2023-02-02 11:54:08','-','2023-02-02 11:54:08',0,2370,0,1086,NULL,NULL,NULL,96,0,NULL),('-','2023-02-02 11:54:08','-','2023-02-02 11:54:08',0,2371,0,1087,NULL,NULL,NULL,96,0,NULL),('-','2023-02-02 11:54:08','-','2023-02-02 11:54:08',0,2372,0,1088,NULL,NULL,NULL,96,0,NULL),('-','2023-02-02 11:54:08','-','2023-02-02 11:54:08',0,2373,0,1089,NULL,NULL,NULL,96,0,NULL),('-','2023-02-02 11:54:08','-','2023-02-02 11:54:08',0,2374,0,1090,NULL,NULL,NULL,96,0,NULL),('-','2023-02-02 11:54:08','-','2023-02-02 11:54:08',0,2375,0,1091,NULL,NULL,NULL,96,0,NULL),('-','2023-02-02 11:54:08','-','2023-02-02 11:54:08',0,2376,0,1092,NULL,NULL,NULL,96,0,NULL),('-','2023-02-02 11:54:08','-','2023-02-02 11:54:08',0,2377,0,1093,NULL,NULL,NULL,96,0,NULL),('-','2023-02-02 11:54:08','-','2023-02-02 11:54:08',0,2378,0,1094,NULL,NULL,NULL,96,0,NULL),('-','2023-02-02 11:54:08','-','2023-02-02 11:54:08',0,2379,0,1095,NULL,NULL,NULL,96,0,NULL),('-','2023-02-02 11:54:08','-','2023-02-02 11:54:08',0,2380,0,1096,NULL,NULL,NULL,96,0,NULL),('-','2023-02-02 11:54:08','-','2023-02-02 11:54:08',0,2381,0,1097,NULL,NULL,NULL,96,0,NULL),('-','2023-02-02 11:54:08','-','2023-02-02 11:54:08',0,2382,0,1098,NULL,NULL,NULL,95,0,NULL),('-','2023-02-02 11:54:08','-','2023-02-02 11:54:08',0,2383,0,1099,NULL,NULL,NULL,95,0,NULL),('-','2023-02-02 11:54:08','-','2023-02-02 11:54:08',0,2384,0,1100,NULL,NULL,NULL,95,0,NULL),('-','2023-02-02 11:54:08','-','2023-02-02 11:54:08',0,2385,0,1101,NULL,NULL,NULL,95,0,NULL),('-','2023-02-02 11:54:08','-','2023-02-02 11:54:08',0,2386,0,1102,NULL,NULL,NULL,95,0,NULL),('-','2023-02-02 11:54:08','-','2023-02-02 11:54:08',0,2387,0,1103,NULL,NULL,NULL,131,0,NULL),('-','2023-02-02 11:54:08','-','2023-02-02 11:54:08',0,2388,0,1104,NULL,NULL,NULL,95,0,NULL),('-','2023-02-02 11:54:08','-','2023-02-02 11:54:08',0,2389,0,1105,NULL,NULL,NULL,95,0,NULL),('-','2023-02-02 11:54:08','-','2023-02-02 11:54:08',0,2390,0,1106,NULL,NULL,NULL,95,0,NULL),('-','2023-02-02 11:54:08','-','2023-02-02 11:54:08',0,2391,0,1107,NULL,NULL,NULL,96,0,NULL),('-','2023-02-02 11:54:08','-','2023-02-02 11:54:08',0,2392,0,1108,NULL,NULL,NULL,95,0,NULL),('-','2023-02-02 11:54:08','-','2023-02-02 11:54:08',0,2393,0,1110,NULL,NULL,NULL,95,0,NULL),('-','2023-02-02 11:54:08','-','2023-02-02 11:54:08',0,2394,1,1111,NULL,NULL,NULL,95,0,NULL),('-','2023-02-02 11:54:08','-','2023-02-02 11:54:08',0,2395,1,1112,NULL,NULL,NULL,95,0,NULL),('-','2023-02-02 11:54:08','-','2023-02-02 11:54:08',0,2396,1,1113,NULL,NULL,NULL,95,0,NULL),('-','2023-02-02 11:54:08','-','2023-02-02 11:54:08',0,2397,1,1114,NULL,NULL,NULL,95,0,NULL),('-','2023-02-02 11:54:08','-','2023-02-02 11:54:08',0,2398,1,1115,NULL,NULL,NULL,95,0,NULL),('-','2023-02-02 11:54:08','-','2023-02-02 11:54:08',0,2399,1,1116,NULL,NULL,NULL,95,0,NULL),('-','2023-02-02 11:54:08','-','2023-02-02 11:54:08',0,2400,1,1117,NULL,NULL,NULL,95,0,NULL),('-','2023-02-02 11:54:08','-','2023-02-02 11:54:08',0,2401,1,1118,NULL,NULL,NULL,95,0,NULL),('-','2023-02-02 11:54:08','-','2023-02-02 11:54:08',0,2402,1,1119,NULL,NULL,NULL,95,0,NULL),('-','2023-02-02 11:54:08','-','2023-02-02 11:54:08',0,2403,1,1120,NULL,NULL,NULL,95,0,NULL),('-','2023-02-02 11:54:08','-','2023-02-02 11:54:08',0,2404,1,1121,NULL,NULL,NULL,192,0,NULL),('-','2023-02-02 11:54:08','-','2023-02-02 11:54:08',0,2405,1,1122,NULL,NULL,NULL,89,0,NULL),('-','2023-02-02 11:54:08','-','2023-02-02 11:54:08',0,2406,1,1123,NULL,NULL,NULL,89,0,NULL),('-','2023-02-02 11:54:08','-','2023-02-02 11:54:08',0,2407,1,1124,NULL,NULL,NULL,89,0,NULL),('-','2023-02-02 11:54:08','-','2023-02-02 11:54:08',0,2408,1,1125,NULL,NULL,NULL,89,0,NULL),('-','2023-02-02 11:54:08','-','2023-02-02 11:54:08',0,2409,1,1126,NULL,NULL,NULL,89,0,NULL),('-','2023-02-02 11:54:08','-','2023-02-02 11:54:08',0,2410,1,1127,NULL,NULL,NULL,89,0,NULL),('-','2023-02-02 11:54:08','-','2023-02-02 11:54:08',0,2411,1,1128,NULL,NULL,NULL,95,0,NULL),('-','2023-02-02 11:54:08','-','2023-02-02 11:54:08',0,2412,1,1129,NULL,NULL,NULL,192,0,NULL),('-','2023-02-02 11:54:08','-','2023-02-02 11:54:08',0,2413,1,1130,NULL,NULL,NULL,192,0,NULL),('-','2023-02-02 11:54:08','-','2023-02-02 11:54:08',0,2414,1,1131,NULL,NULL,NULL,101,0,NULL),('-','2023-02-02 11:54:08','-','2023-02-02 11:54:08',0,2415,1,1132,NULL,NULL,NULL,95,0,NULL),('-','2023-02-02 11:54:08','-','2023-02-02 11:54:08',0,2416,1,1133,NULL,NULL,NULL,95,0,NULL),('-','2023-02-02 11:54:08','-','2023-02-02 11:54:08',0,2417,1,1134,NULL,NULL,NULL,95,0,NULL),('-','2023-02-02 11:54:08','-','2023-02-02 11:54:08',0,2418,1,1135,NULL,NULL,NULL,95,0,NULL),('-','2023-02-02 11:54:08','-','2023-02-02 11:54:08',0,2419,1,1136,NULL,NULL,NULL,95,0,NULL),('-','2023-02-02 11:54:08','-','2023-02-02 11:54:08',0,2420,1,1137,NULL,NULL,NULL,95,0,NULL),('-','2023-02-02 11:54:08','-','2023-02-02 11:54:08',0,2421,1,1138,NULL,NULL,NULL,95,0,NULL),('-','2023-02-02 11:54:08','-','2023-02-02 11:54:08',0,2422,1,1139,NULL,NULL,NULL,95,0,NULL),('-','2023-02-02 11:54:08','-','2023-02-02 11:54:08',0,2423,1,1140,NULL,NULL,NULL,95,0,NULL),('-','2023-02-02 11:54:08','-','2023-02-02 11:54:08',0,2424,1,1141,NULL,NULL,NULL,102,0,NULL),('-','2023-02-02 11:54:08','-','2023-02-02 11:54:08',0,2425,1,1142,NULL,NULL,NULL,89,0,NULL),('-','2023-02-02 11:54:08','-','2023-02-02 11:54:08',0,2426,1,1143,NULL,NULL,NULL,89,0,NULL),('-','2023-02-02 11:54:08','-','2023-02-02 11:54:08',0,2427,1,1144,NULL,NULL,NULL,89,0,NULL),('-','2023-02-02 11:54:08','-','2023-02-02 11:54:08',0,2428,1,1145,NULL,NULL,NULL,89,0,NULL),('-','2023-02-02 11:54:08','-','2023-02-02 11:54:08',0,2429,1,1146,NULL,NULL,NULL,89,0,NULL),('-','2023-02-02 11:54:08','-','2023-02-02 11:54:08',0,2430,1,1147,NULL,NULL,NULL,89,0,NULL),('-','2023-02-02 11:54:08','-','2023-02-02 11:54:08',0,2431,1,1148,NULL,NULL,NULL,89,0,NULL),('-','2023-02-02 11:54:08','-','2023-02-02 11:54:08',0,2432,1,1149,NULL,NULL,NULL,89,0,NULL),('-','2023-02-02 11:54:08','-','2023-02-02 11:54:08',0,2433,1,1150,NULL,NULL,NULL,89,0,NULL),('-','2023-02-02 11:54:08','-','2023-02-02 11:54:08',0,2434,1,1151,NULL,NULL,NULL,89,0,NULL),('-','2023-02-02 11:54:08','-','2023-02-02 11:54:08',0,2435,1,1152,NULL,NULL,NULL,89,0,NULL),('-','2023-02-02 11:54:08','-','2023-02-02 11:54:08',0,2436,1,1153,NULL,NULL,NULL,89,0,NULL),('-','2023-02-02 11:54:08','-','2023-02-02 11:54:08',0,2437,1,1154,NULL,NULL,NULL,89,0,NULL),('-','2023-02-02 11:54:08','-','2023-02-02 11:54:08',0,2438,1,1155,NULL,NULL,NULL,89,0,NULL),('-','2023-02-02 11:54:08','-','2023-02-02 11:54:08',0,2439,1,1156,NULL,NULL,NULL,89,0,NULL),('-','2023-02-02 11:54:08','-','2023-02-02 11:54:08',0,2440,1,1157,NULL,NULL,NULL,89,0,NULL),('-','2023-02-02 11:54:08','-','2023-02-02 11:54:08',0,2441,1,1158,NULL,NULL,NULL,101,0,NULL),('-','2023-02-02 11:54:08','-','2023-02-02 11:54:08',0,2442,1,1159,NULL,NULL,NULL,96,0,NULL),('-','2023-02-02 11:54:08','-','2023-02-02 11:54:08',0,2443,1,1160,NULL,NULL,NULL,96,0,NULL),('-','2023-02-02 11:54:08','-','2023-02-02 11:54:08',0,2444,1,1161,NULL,NULL,NULL,96,0,NULL),('-','2023-02-02 11:54:08','-','2023-02-02 11:54:08',0,2445,1,1162,NULL,NULL,NULL,96,0,NULL),('-','2023-02-02 11:54:08','-','2023-02-02 11:54:08',0,2446,1,1163,NULL,NULL,NULL,96,0,NULL),('-','2023-02-02 11:54:08','-','2023-02-02 11:54:08',0,2447,1,1164,NULL,NULL,NULL,96,0,NULL),('-','2023-02-02 11:54:08','-','2023-02-02 11:54:08',0,2448,1,1165,NULL,NULL,NULL,96,0,NULL),('-','2023-02-02 11:54:08','-','2023-02-02 11:54:08',0,2449,1,1166,NULL,NULL,NULL,70,0,NULL),('-','2023-02-02 11:54:08','-','2023-02-02 11:54:08',0,2450,1,1167,NULL,NULL,NULL,70,0,NULL),('-','2023-02-02 11:54:08','-','2023-02-02 11:54:08',0,2451,1,1168,NULL,NULL,NULL,95,0,NULL),('-','2023-02-02 11:54:08','-','2023-02-02 11:54:08',0,2452,1,1169,NULL,NULL,NULL,96,0,NULL),('-','2023-02-02 11:54:08','-','2023-02-02 11:54:08',0,2453,1,1170,NULL,NULL,NULL,95,0,NULL),('-','2023-02-02 11:54:08','-','2023-02-02 11:54:08',0,2454,1,1171,NULL,NULL,NULL,95,0,NULL),('-','2023-02-02 11:54:08','-','2023-02-02 11:54:08',0,2455,1,1172,NULL,NULL,NULL,96,0,NULL),('-','2023-02-02 11:54:08','-','2023-02-02 11:54:08',0,2456,1,1173,NULL,NULL,NULL,95,0,NULL),('-','2023-02-02 11:54:08','-','2023-02-02 11:54:08',0,2457,1,1174,NULL,NULL,NULL,95,0,NULL),('-','2023-02-02 11:54:08','-','2023-02-02 11:54:08',0,2458,1,1175,NULL,NULL,NULL,95,0,NULL),('-','2023-02-02 11:54:08','-','2023-02-02 11:54:08',0,2459,1,1176,NULL,NULL,NULL,95,0,NULL),('-','2023-02-02 11:54:08','-','2023-02-02 11:54:08',0,2460,1,1177,NULL,NULL,NULL,92,0,NULL),('-','2023-02-02 11:54:08','-','2023-02-02 11:54:08',0,2461,1,1178,NULL,NULL,NULL,92,0,NULL),('-','2023-02-02 11:54:08','-','2023-02-02 11:54:08',0,2462,1,1179,NULL,NULL,NULL,96,0,NULL),('-','2023-02-02 11:54:08','-','2023-02-02 11:54:08',0,2463,1,1180,NULL,NULL,NULL,101,0,NULL),('-','2023-02-02 11:54:08','-','2023-02-02 11:54:08',0,2464,1,1201,NULL,NULL,NULL,168,0,NULL),('-','2023-02-02 11:54:08','-','2023-02-02 11:54:08',0,2466,1,1203,NULL,NULL,NULL,143,0,NULL),('-','2023-02-02 11:54:08','-','2023-02-02 11:54:08',0,2467,1,1204,NULL,NULL,NULL,143,0,NULL),('-','2023-02-02 11:54:08','-','2023-02-02 11:54:08',0,2468,1,1205,NULL,NULL,NULL,192,0,NULL),('-','2023-02-02 11:54:08','-','2023-02-02 11:54:08',0,2469,1,1206,NULL,NULL,NULL,168,0,NULL),('-','2023-02-02 11:54:08','-','2023-02-02 11:54:08',0,2470,1,1207,NULL,NULL,NULL,148,0,NULL),('-','2023-02-02 11:54:08','-','2023-02-02 11:54:08',0,2471,1,1208,NULL,NULL,NULL,148,0,NULL),('-','2023-02-02 11:54:08','-','2023-02-02 11:54:08',0,2472,1,1189,NULL,NULL,NULL,147,0,NULL),('-','2023-02-02 11:54:08','-','2023-02-02 11:54:08',0,2473,1,1190,NULL,NULL,NULL,147,0,NULL),('-','2023-02-02 11:54:08','-','2023-02-02 11:54:08',0,2474,1,1191,NULL,NULL,NULL,147,0,NULL),('-','2023-02-02 11:54:08','-','2023-02-02 11:54:08',0,2475,1,1192,NULL,NULL,NULL,154,0,NULL),('-','2023-02-02 11:54:08','-','2023-02-02 11:54:08',0,2476,1,1193,NULL,NULL,NULL,147,0,NULL),('-','2023-02-02 11:54:08','-','2023-02-02 11:54:08',0,2477,1,1194,NULL,NULL,NULL,185,0,NULL),('-','2023-02-02 11:54:08','-','2023-02-02 11:54:08',0,2478,1,1195,NULL,NULL,NULL,147,0,NULL),('-','2023-02-02 11:54:08','-','2023-02-02 11:54:08',0,2479,1,1196,NULL,NULL,NULL,185,0,NULL),('-','2023-02-02 11:54:08','-','2023-02-02 11:54:08',0,2480,1,1197,NULL,NULL,NULL,147,0,NULL),('-','2023-02-02 11:54:08','-','2023-02-02 11:54:08',0,2481,1,1198,NULL,NULL,NULL,192,0,NULL),('-','2023-02-02 11:54:08','-','2023-02-02 11:54:08',0,2482,1,1199,NULL,NULL,NULL,143,0,NULL),('-','2023-02-02 11:54:08','-','2023-02-02 11:54:08',0,2483,1,1200,NULL,NULL,NULL,168,0,NULL),('-','2023-02-02 11:54:08','-','2023-02-02 11:54:08',0,2484,1,1209,NULL,NULL,NULL,147,0,NULL),('-','2023-02-02 11:54:08','-','2023-02-02 11:54:08',0,2485,1,1210,NULL,NULL,NULL,147,0,NULL),('-','2023-02-02 11:54:08','-','2023-02-02 11:54:08',0,2486,1,1211,NULL,NULL,NULL,143,0,NULL),('-','2023-02-02 11:54:08','-','2023-02-02 11:54:08',0,2487,1,1212,NULL,NULL,NULL,147,0,NULL),('-','2023-02-02 11:54:08','-','2023-02-02 11:54:08',0,2488,1,1213,NULL,NULL,NULL,91,0,NULL),('-','2023-02-02 11:54:08','-','2023-02-02 11:54:08',0,2489,1,1214,NULL,NULL,NULL,147,0,NULL),('-','2023-02-02 11:54:08','-','2023-02-02 11:54:08',0,2490,1,1215,NULL,NULL,NULL,148,0,NULL),('-','2023-02-02 11:54:08','-','2023-02-02 11:54:08',0,2491,1,1216,NULL,NULL,NULL,149,0,NULL),('-','2023-02-02 11:54:08','-','2023-02-02 11:54:08',0,2492,1,1217,NULL,NULL,NULL,148,0,NULL),('-','2023-02-02 11:54:08','-','2023-02-02 11:54:08',0,2493,1,1218,NULL,NULL,NULL,149,0,NULL),('-','2023-02-02 11:54:08','-','2023-02-02 11:54:08',0,2494,1,1219,NULL,NULL,NULL,214,0,NULL),('-','2023-02-02 11:54:08','-','2023-02-02 11:54:08',0,2495,1,1220,NULL,NULL,NULL,224,0,NULL),('-','2023-02-02 11:54:08','-','2023-02-02 11:54:08',0,2496,1,1221,NULL,NULL,NULL,147,0,NULL),('-','2023-02-02 11:54:08','-','2023-02-02 11:54:08',0,2497,1,1222,NULL,NULL,NULL,147,0,NULL),('-','2023-02-02 11:54:08','-','2023-02-02 11:54:08',0,2498,1,1223,NULL,NULL,NULL,148,0,NULL),('-','2023-02-02 11:54:08','-','2023-02-02 11:54:08',0,2499,1,1224,NULL,NULL,NULL,147,0,NULL),('-','2023-02-02 11:54:08','-','2023-02-02 11:54:08',0,2500,1,1225,NULL,NULL,NULL,181,0,NULL),('-','2023-02-02 11:54:08','-','2023-02-02 11:54:08',0,2501,1,1226,NULL,NULL,NULL,201,0,NULL),('-','2023-02-02 11:54:08','-','2023-02-02 11:54:08',0,2502,1,1227,NULL,NULL,NULL,147,0,NULL),('-','2023-02-02 11:54:08','-','2023-02-02 11:54:08',0,2503,1,1228,NULL,NULL,NULL,147,0,NULL),('-','2023-02-02 11:54:08','-','2023-02-02 11:54:08',0,2504,1,1229,NULL,NULL,NULL,147,0,NULL),('-','2023-02-02 11:54:08','-','2023-02-02 11:54:08',0,2505,1,1230,NULL,NULL,NULL,147,0,NULL),('-','2023-02-02 11:54:08','-','2023-02-02 11:54:08',0,2506,1,1231,NULL,NULL,NULL,147,0,NULL),('-','2023-02-02 11:54:08','-','2023-02-02 11:54:08',0,2507,1,1232,NULL,NULL,NULL,147,0,NULL),('-','2023-02-02 11:54:08','-','2023-02-02 11:54:08',0,2508,1,1233,NULL,NULL,NULL,154,0,NULL),('-','2023-02-02 11:54:08','-','2023-02-02 11:54:08',0,2509,1,1234,NULL,NULL,NULL,147,0,NULL),('-','2023-02-02 11:54:08','-','2023-02-02 11:54:08',0,2510,1,1235,NULL,NULL,NULL,147,0,NULL),('-','2023-02-02 11:54:08','-','2023-02-02 11:54:08',0,2511,1,1236,NULL,NULL,NULL,148,0,NULL),('-','2023-02-02 11:54:08','-','2023-02-02 11:54:08',0,2512,1,1237,NULL,NULL,NULL,218,0,NULL),('-','2023-02-02 11:54:08','-','2023-02-02 11:54:08',0,2513,1,1238,NULL,NULL,NULL,148,0,NULL),('-','2023-02-02 11:54:08','-','2023-02-02 11:54:08',0,2514,1,1239,NULL,NULL,NULL,147,0,NULL),('-','2023-02-02 11:54:08','-','2023-02-02 11:54:08',0,2515,1,1240,NULL,NULL,NULL,181,0,NULL),('-','2023-02-02 11:54:08','-','2023-02-02 11:54:08',0,2517,1,1242,NULL,NULL,NULL,143,0,NULL),('-','2023-02-02 11:54:08','-','2023-02-02 11:54:08',0,2518,1,1243,NULL,NULL,NULL,147,0,NULL),('-','2023-02-02 11:54:08','-','2023-02-02 11:54:08',0,2519,1,1244,NULL,NULL,NULL,147,0,NULL),('-','2023-02-02 11:54:08','-','2023-02-02 11:54:08',0,2520,1,1245,NULL,NULL,NULL,192,0,NULL),('-','2023-02-02 11:54:08','-','2023-02-02 11:54:08',0,2521,1,1246,NULL,NULL,NULL,147,0,NULL),('-','2023-02-02 11:54:08','-','2023-02-02 11:54:08',0,2522,1,1247,NULL,NULL,NULL,148,0,NULL),('-','2023-02-02 11:54:08','-','2023-02-02 11:54:08',0,2523,1,1248,NULL,NULL,NULL,148,0,NULL),('-','2023-02-02 11:54:08','-','2023-02-02 11:54:08',0,2524,1,1249,NULL,NULL,NULL,154,0,NULL),('-','2023-02-02 11:54:08','-','2023-02-02 11:54:08',0,2525,1,1250,NULL,NULL,NULL,214,0,NULL),('-','2023-02-02 11:54:08','-','2023-02-02 11:54:08',0,2526,1,1251,NULL,NULL,NULL,224,0,NULL),('-','2023-02-02 11:54:08','-','2023-02-02 11:54:08',0,2527,1,1252,NULL,NULL,NULL,148,0,NULL),('-','2023-02-02 11:54:08','-','2023-02-02 11:54:08',0,2529,1,1254,NULL,NULL,NULL,154,0,NULL),('-','2023-02-02 11:54:08','-','2023-02-02 11:54:08',0,2530,1,1255,NULL,NULL,NULL,148,0,NULL),('-','2023-02-02 11:54:08','-','2023-02-02 11:54:08',0,2531,1,1256,NULL,NULL,NULL,148,0,NULL),('-','2023-02-02 11:54:08','-','2023-02-02 11:54:08',0,2532,1,1257,NULL,NULL,NULL,192,0,NULL),('-','2023-02-02 11:54:08','-','2023-02-02 11:54:08',0,2533,1,1258,NULL,NULL,NULL,147,0,NULL),('-','2023-02-02 11:54:08','-','2023-02-02 11:54:08',0,2534,1,1259,NULL,NULL,NULL,147,0,NULL),('-','2023-02-02 11:54:08','-','2023-02-02 11:54:08',0,2535,1,1260,NULL,NULL,NULL,192,0,NULL),('-','2023-02-02 11:54:08','-','2023-02-02 11:54:08',0,2536,1,1261,NULL,NULL,NULL,153,0,NULL),('-','2023-02-02 11:54:08','-','2023-02-02 11:54:08',0,2537,1,1262,NULL,NULL,NULL,147,0,NULL),('-','2023-02-02 11:54:08','-','2023-02-02 11:54:08',0,2538,1,1263,NULL,NULL,NULL,185,0,NULL),('-','2023-02-02 11:54:08','-','2023-02-02 11:54:08',0,2539,1,1265,NULL,NULL,NULL,147,0,NULL),('-','2023-02-02 11:54:08','-','2023-02-02 11:54:08',0,2540,1,1266,NULL,NULL,NULL,154,0,NULL),('-','2023-02-02 11:54:08','-','2023-02-02 11:54:08',0,2541,1,1267,NULL,NULL,NULL,148,0,NULL),('-','2023-02-02 11:54:08','-','2023-02-02 11:54:08',0,2542,1,1268,NULL,NULL,NULL,151,0,NULL),('-','2023-02-02 11:54:08','-','2023-02-02 11:54:08',0,2543,1,1269,NULL,NULL,NULL,137,0,NULL),('-','2023-02-02 11:54:08','-','2023-02-02 11:54:08',0,2544,1,1270,NULL,NULL,NULL,192,0,NULL),('-','2023-02-02 11:54:08','-','2023-02-02 11:54:08',0,2545,1,1271,NULL,NULL,NULL,143,0,NULL),('-','2023-02-02 11:54:08','-','2023-02-02 11:54:08',0,2546,1,1272,NULL,NULL,NULL,192,0,NULL),('-','2023-02-02 11:54:08','-','2023-02-02 11:54:08',0,2547,1,1273,NULL,NULL,NULL,143,0,NULL),('-','2023-02-02 11:54:08','-','2023-02-02 11:54:08',0,2548,1,1274,NULL,NULL,NULL,192,0,NULL),('-','2023-02-02 11:54:08','-','2023-02-02 11:54:08',0,2549,1,1275,NULL,NULL,NULL,192,0,NULL),('-','2023-02-02 11:54:08','-','2023-02-02 11:54:08',0,2550,1,1276,NULL,NULL,NULL,143,0,NULL),('-','2023-02-02 11:54:08','-','2023-02-02 11:54:08',0,2551,1,1277,NULL,NULL,NULL,192,0,NULL),('-','2023-02-02 11:54:08','-','2023-02-02 11:54:08',0,2552,1,1278,NULL,NULL,NULL,192,0,NULL),('-','2023-02-02 11:54:08','-','2023-02-02 11:54:08',0,2553,1,1279,NULL,NULL,NULL,192,0,NULL),('-','2023-02-02 11:54:08','-','2023-02-02 11:54:08',0,2554,1,1280,NULL,NULL,NULL,147,0,NULL),('-','2023-02-02 11:54:08','-','2023-02-02 11:54:08',0,2555,1,1281,NULL,NULL,NULL,192,0,NULL),('-','2023-02-02 11:54:08','-','2023-02-02 11:54:08',0,2556,1,1282,NULL,NULL,NULL,192,0,NULL),('-','2023-02-02 11:54:08','-','2023-02-02 11:54:08',0,2557,1,1283,NULL,NULL,NULL,171,0,NULL),('-','2023-02-02 11:54:08','-','2023-02-02 11:54:08',0,2558,1,1284,NULL,NULL,NULL,137,0,NULL),('-','2023-02-02 11:54:08','-','2023-02-02 11:54:08',0,2559,1,1285,NULL,NULL,NULL,138,0,NULL),('-','2023-02-02 11:54:08','-','2023-02-02 11:54:08',0,2560,1,1286,NULL,NULL,NULL,155,0,NULL),('-','2023-02-02 11:54:08','-','2023-02-02 11:54:08',0,2561,1,1287,NULL,NULL,NULL,172,0,NULL),('-','2023-02-02 11:54:08','-','2023-02-02 11:54:08',0,2562,1,1288,NULL,NULL,NULL,148,0,NULL),('-','2023-02-02 11:54:08','-','2023-02-02 11:54:08',0,2563,1,1289,NULL,NULL,NULL,148,0,NULL),('-','2023-02-02 11:54:08','-','2023-02-02 11:54:08',0,2564,1,1290,NULL,NULL,NULL,148,0,NULL),('-','2023-02-02 11:54:08','-','2023-02-02 11:54:08',0,2565,1,1291,NULL,NULL,NULL,192,0,NULL),('-','2023-02-02 11:54:08','-','2023-02-02 11:54:08',0,2566,1,1292,NULL,NULL,NULL,192,0,NULL),('-','2023-02-02 11:54:08','-','2023-02-02 11:54:08',0,2567,1,1293,NULL,NULL,NULL,148,0,NULL),('-','2023-02-02 11:54:08','-','2023-02-02 11:54:08',0,2568,1,1294,NULL,NULL,NULL,148,0,NULL),('-','2023-02-02 11:54:08','-','2023-02-02 11:54:08',0,2569,1,1295,NULL,NULL,NULL,148,0,NULL),('-','2023-02-02 11:54:08','-','2023-02-02 11:54:08',0,2570,1,1296,NULL,NULL,NULL,173,0,NULL),('-','2023-02-02 11:54:08','-','2023-02-02 11:54:08',0,2571,1,1297,NULL,NULL,NULL,173,0,NULL),('-','2023-02-02 11:54:08','-','2023-02-02 11:54:08',0,2572,1,1298,NULL,NULL,NULL,171,0,NULL),('-','2023-02-02 11:54:08','-','2023-02-02 11:54:08',0,2573,1,1302,NULL,NULL,NULL,224,0,NULL),('-','2023-02-02 11:54:08','-','2023-02-02 11:54:08',0,2574,1,1303,NULL,NULL,NULL,171,0,NULL),('-','2023-02-02 11:54:08','-','2023-02-02 11:54:08',0,2575,1,1304,NULL,NULL,NULL,173,0,NULL),('-','2023-02-02 11:54:08','-','2023-02-02 11:54:08',0,2576,1,1305,NULL,NULL,NULL,173,0,NULL),('-','2023-02-02 11:54:08','-','2023-02-02 11:54:08',0,2577,1,1306,NULL,NULL,NULL,171,0,NULL),('-','2023-02-02 11:54:08','-','2023-02-02 11:54:08',0,2578,1,1307,NULL,NULL,NULL,171,0,NULL),('-','2023-02-02 11:54:08','-','2023-02-02 11:54:08',0,2579,1,1308,NULL,NULL,NULL,171,0,NULL),('-','2023-02-02 11:54:08','-','2023-02-02 11:54:08',0,2580,1,1309,NULL,NULL,NULL,171,0,NULL),('-','2023-02-02 11:54:08','-','2023-02-02 11:54:08',0,2581,1,1310,NULL,NULL,NULL,192,0,NULL),('-','2023-02-02 11:54:08','-','2023-02-02 11:54:08',0,2582,1,1311,NULL,NULL,NULL,192,0,NULL),('-','2023-02-02 11:54:08','-','2023-02-02 11:54:08',0,2583,1,1312,NULL,NULL,NULL,192,0,NULL),('-','2023-02-02 11:54:08','-','2023-02-02 11:54:08',0,2584,1,1313,NULL,NULL,NULL,171,0,NULL),('-','2023-02-02 11:54:08','-','2023-02-02 11:54:08',0,2585,1,1314,NULL,NULL,NULL,171,0,NULL),('-','2023-02-02 11:54:08','-','2023-02-02 11:54:08',0,2586,1,1315,NULL,NULL,NULL,171,0,NULL),('-','2023-02-02 11:54:08','-','2023-02-02 11:54:08',0,2587,1,1316,NULL,NULL,NULL,171,0,NULL),('-','2023-02-02 11:54:08','-','2023-02-02 11:54:08',0,2588,1,1317,NULL,NULL,NULL,171,0,NULL),('-','2023-02-02 11:54:08','-','2023-02-02 11:54:08',0,2589,1,1318,NULL,NULL,NULL,171,0,NULL),('-','2023-02-02 11:54:08','-','2023-02-02 11:54:08',0,2590,1,1319,NULL,NULL,NULL,171,0,NULL),('-','2023-02-02 11:54:08','-','2023-02-02 11:54:08',0,2591,1,1320,NULL,NULL,NULL,171,0,NULL),('-','2023-02-02 11:54:08','-','2023-02-02 11:54:08',0,2592,1,1321,NULL,NULL,NULL,171,0,NULL),('-','2023-02-02 11:54:08','-','2023-02-02 11:54:08',0,2593,1,1322,NULL,NULL,NULL,171,0,NULL),('-','2023-02-02 11:54:08','-','2023-02-02 11:54:08',0,2594,1,1323,NULL,NULL,NULL,171,0,NULL),('-','2023-02-02 11:54:08','-','2023-02-02 11:54:08',0,2595,1,1324,NULL,NULL,NULL,171,0,NULL),('-','2023-02-02 11:54:08','-','2023-02-02 11:54:08',0,2596,1,1325,NULL,NULL,NULL,171,0,NULL),('-','2023-02-02 11:54:08','-','2023-02-02 11:54:08',0,2597,1,1326,NULL,NULL,NULL,171,0,NULL),('-','2023-02-02 11:54:08','-','2023-02-02 11:54:08',0,2598,1,1327,NULL,NULL,NULL,171,0,NULL),('-','2023-02-02 11:54:08','-','2023-02-02 11:54:08',0,2599,1,1328,NULL,NULL,NULL,173,0,NULL),('-','2023-02-02 11:54:08','-','2023-02-02 11:54:08',0,2600,1,1329,NULL,NULL,NULL,173,0,NULL),('-','2023-02-02 11:54:08','-','2023-02-02 11:54:08',0,2601,1,1330,NULL,NULL,NULL,171,0,NULL),('-','2023-02-02 11:54:08','-','2023-02-02 11:54:08',0,2602,1,1331,NULL,NULL,NULL,171,0,NULL),('-','2023-02-02 11:54:08','-','2023-02-02 11:54:08',0,2603,1,1332,NULL,NULL,NULL,224,0,NULL),('-','2023-02-02 11:54:08','-','2023-02-02 11:54:08',0,2604,1,1333,NULL,NULL,NULL,171,0,NULL),('-','2023-02-02 11:54:08','-','2023-02-02 11:54:08',0,2605,1,1334,NULL,NULL,NULL,171,0,NULL),('-','2023-02-02 11:54:08','-','2023-02-02 11:54:08',0,2607,1,1336,NULL,NULL,NULL,171,0,NULL),('-','2023-02-02 11:54:08','-','2023-02-02 11:54:08',0,2608,1,1337,NULL,NULL,NULL,171,0,NULL),('-','2023-02-02 11:54:08','-','2023-02-02 11:54:08',0,2609,1,1338,NULL,NULL,NULL,171,0,NULL),('-','2023-02-02 11:54:08','-','2023-02-02 11:54:08',0,2610,1,1339,NULL,NULL,NULL,173,0,NULL),('-','2023-02-02 11:54:08','-','2023-02-02 11:54:08',0,2611,1,1340,NULL,NULL,NULL,224,0,NULL),('-','2023-02-02 11:54:08','-','2023-02-02 11:54:08',0,2612,1,1341,NULL,NULL,NULL,147,0,NULL),('-','2023-02-02 11:54:08','-','2023-02-02 11:54:08',0,2613,1,1342,NULL,NULL,NULL,224,0,NULL),('-','2023-02-02 11:54:08','-','2023-02-02 11:54:08',0,2614,1,1343,NULL,NULL,NULL,224,0,NULL),('-','2023-02-02 11:54:08','-','2023-02-02 11:54:08',0,2615,1,1344,NULL,NULL,NULL,224,0,NULL),('-','2023-02-02 11:54:08','-','2023-02-02 11:54:08',0,2616,1,1345,NULL,NULL,NULL,224,0,NULL),('-','2023-02-02 11:54:08','-','2023-02-02 11:54:08',0,2617,1,1346,NULL,NULL,NULL,224,0,NULL),('-','2023-02-02 11:54:08','-','2023-02-02 11:54:08',0,2618,1,1347,NULL,NULL,NULL,171,0,NULL),('-','2023-02-02 11:54:08','-','2023-02-02 11:54:08',0,2619,1,1348,NULL,NULL,NULL,171,0,NULL),('-','2023-02-02 11:54:08','-','2023-02-02 11:54:08',0,2620,1,1349,NULL,NULL,NULL,171,0,NULL),('-','2023-02-02 11:54:08','-','2023-02-02 11:54:08',0,2621,1,1350,NULL,NULL,NULL,171,0,NULL),('-','2023-02-02 11:54:08','-','2023-02-02 11:54:08',0,2622,1,1351,NULL,NULL,NULL,171,0,NULL),('-','2023-02-02 11:54:08','-','2023-02-02 11:54:08',0,2623,1,1352,NULL,NULL,NULL,171,0,NULL),('-','2023-02-02 11:54:08','-','2023-02-02 11:54:08',0,2624,1,1353,NULL,NULL,NULL,171,0,NULL),('-','2023-02-02 11:54:08','-','2023-02-02 11:54:08',0,2625,1,1354,NULL,NULL,NULL,224,0,NULL),('-','2023-02-02 11:54:08','-','2023-02-02 11:54:08',0,2626,1,1355,NULL,NULL,NULL,224,0,NULL),('-','2023-02-02 11:54:08','-','2023-02-02 11:54:08',0,2627,1,1356,NULL,NULL,NULL,171,0,NULL),('-','2023-02-02 11:54:08','-','2023-02-02 11:54:08',0,2628,1,1357,NULL,NULL,NULL,144,0,NULL),('-','2023-02-02 11:54:08','-','2023-02-02 11:54:08',0,2629,1,1358,NULL,NULL,NULL,171,0,NULL),('-','2023-02-02 11:54:08','-','2023-02-02 11:54:08',0,3194,1,1359,NULL,NULL,NULL,171,0,NULL),('-','2023-02-02 11:54:08','-','2023-02-02 11:54:08',0,3195,1,1360,NULL,NULL,NULL,171,0,NULL),('-','2023-02-02 11:54:08','-','2023-02-02 11:54:08',0,3196,1,1361,NULL,NULL,NULL,171,0,NULL),('-','2023-02-02 11:54:08','-','2023-02-02 11:54:08',0,3197,1,1362,NULL,NULL,NULL,171,0,NULL),('-','2023-02-02 11:54:08','-','2023-02-02 11:54:08',0,3198,1,1363,NULL,NULL,NULL,192,0,NULL),('-','2023-02-02 11:54:08','-','2023-02-02 11:54:08',0,3199,1,1364,NULL,NULL,NULL,175,0,NULL),('-','2023-02-02 11:54:08','-','2023-02-02 11:54:08',0,3200,1,1365,NULL,NULL,NULL,125,0,NULL),('-','2023-02-02 11:54:08','-','2023-02-02 11:54:08',0,3201,1,1366,NULL,NULL,NULL,192,0,NULL),('-','2023-02-02 11:54:08','-','2023-02-02 11:54:08',0,3202,1,1367,NULL,NULL,NULL,192,0,NULL),('-','2023-02-02 11:54:08','-','2023-02-02 11:54:08',0,3203,1,1368,NULL,NULL,NULL,192,0,NULL),('-','2023-02-02 11:54:08','-','2023-02-02 11:54:08',0,3204,1,1369,NULL,NULL,NULL,125,0,NULL),('-','2023-02-02 11:54:08','-','2023-02-02 11:54:08',0,3205,1,1370,NULL,NULL,NULL,156,0,NULL),('-','2023-02-02 11:54:08','-','2023-02-02 11:54:08',0,3206,1,1371,NULL,NULL,NULL,156,0,NULL),('-','2023-02-02 11:54:08','-','2023-02-02 11:54:08',0,3207,1,1301,NULL,NULL,NULL,171,0,NULL),('-','2023-02-02 11:54:08','-','2023-02-02 11:54:08',0,3208,1,1299,NULL,NULL,NULL,171,0,NULL),('-','2023-02-02 11:54:08','-','2023-02-02 11:54:08',0,3209,1,1300,NULL,NULL,NULL,171,0,NULL),('-','2023-02-02 11:54:08','-','2023-02-02 11:54:08',0,3210,1,1372,NULL,NULL,NULL,156,0,NULL),('-','2023-02-02 11:54:08','-','2023-02-02 11:54:08',0,3211,1,1373,NULL,NULL,NULL,192,0,NULL),('-','2023-02-02 11:54:08','-','2023-02-02 11:54:08',0,3212,1,1374,NULL,NULL,NULL,125,0,NULL),('-','2023-02-02 11:54:08','-','2023-02-02 11:54:08',0,3213,1,1375,NULL,NULL,NULL,125,0,NULL),('-','2023-02-02 11:54:08','-','2023-02-02 11:54:08',0,3214,1,1376,NULL,NULL,NULL,192,0,NULL),('-','2023-02-02 11:54:08','-','2023-02-02 11:54:08',0,3215,1,1377,NULL,NULL,NULL,125,0,NULL),('-','2023-02-02 11:54:08','-','2023-02-02 11:54:08',0,3216,1,1378,NULL,NULL,NULL,192,0,NULL),('-','2023-02-02 11:54:08','-','2023-02-02 11:54:08',0,3217,1,1380,NULL,NULL,NULL,192,0,NULL),('-','2023-02-02 11:54:08','-','2023-02-02 11:54:08',0,3218,1,1381,NULL,NULL,NULL,125,0,NULL),('-','2023-02-02 11:54:08','-','2023-02-02 11:54:08',0,3219,1,1382,NULL,NULL,NULL,125,0,NULL),('-','2023-02-02 11:54:08','-','2023-02-02 11:54:08',0,3220,1,1383,NULL,NULL,NULL,125,0,NULL),('-','2023-02-02 11:54:08','-','2023-02-02 11:54:08',0,3221,1,1384,NULL,NULL,NULL,125,0,NULL),('-','2023-02-02 11:54:08','-','2023-02-02 11:54:08',0,3222,1,1385,NULL,NULL,NULL,125,0,NULL),('-','2023-02-02 11:54:08','-','2023-02-02 11:54:08',0,3223,1,1386,NULL,NULL,NULL,125,0,NULL),('-','2023-02-02 11:54:08','-','2023-02-02 11:54:08',0,3224,1,1387,NULL,NULL,NULL,125,0,NULL),('-','2023-02-02 11:54:08','-','2023-02-02 11:54:08',0,3225,1,1388,NULL,NULL,NULL,125,0,NULL),('-','2023-02-02 11:54:08','-','2023-02-02 11:54:08',0,3226,1,1389,NULL,NULL,NULL,125,0,NULL),('-','2023-02-02 11:54:08','-','2023-02-02 11:54:08',0,3227,1,1390,NULL,NULL,NULL,125,0,NULL),('-','2023-02-02 11:54:08','-','2023-02-02 11:54:08',0,3228,1,1391,NULL,NULL,NULL,125,0,NULL),('-','2023-02-02 11:54:08','-','2023-02-02 11:54:08',0,3229,1,1392,NULL,NULL,NULL,125,0,NULL),('-','2023-02-02 11:54:08','-','2023-02-02 11:54:08',0,3230,1,1393,NULL,NULL,NULL,125,0,NULL),('-','2023-02-02 11:54:08','-','2023-02-02 11:54:08',0,3231,1,1398,NULL,NULL,NULL,125,0,NULL),('-','2023-02-02 11:54:08','-','2023-02-02 11:54:08',0,3232,1,1395,NULL,NULL,NULL,125,0,NULL),('-','2023-02-02 11:54:08','-','2023-02-02 11:54:08',0,3233,1,1396,NULL,NULL,NULL,156,0,NULL),('-','2023-02-02 11:54:08','-','2023-02-02 11:54:08',0,3234,1,1397,NULL,NULL,NULL,192,0,NULL),('-','2023-02-02 11:54:08','-','2023-02-02 11:54:08',0,3235,1,1401,NULL,NULL,NULL,125,0,NULL),('-','2023-02-02 11:54:08','-','2023-02-02 11:54:08',0,3236,1,1399,NULL,NULL,NULL,192,0,NULL),('-','2023-02-02 11:54:08','-','2023-02-02 11:54:08',0,3237,1,1400,NULL,NULL,NULL,125,0,NULL),('-','2023-02-02 11:54:08','-','2023-02-02 11:54:08',0,3238,1,1379,NULL,NULL,NULL,192,0,NULL),('-','2023-02-02 11:54:08','-','2023-02-02 11:54:08',0,3239,1,1402,NULL,NULL,NULL,125,0,NULL),('-','2023-02-02 11:54:08','-','2023-02-02 11:54:08',0,3240,1,1403,NULL,NULL,NULL,125,0,NULL),('-','2023-02-02 11:54:08','-','2023-02-02 11:54:08',0,3241,1,1404,NULL,NULL,NULL,125,0,NULL),('-','2023-02-02 11:54:08','-','2023-02-02 11:54:08',0,3242,1,1405,NULL,NULL,NULL,125,0,NULL),('-','2023-02-02 11:54:08','-','2023-02-02 11:54:08',0,3243,1,1406,NULL,NULL,NULL,125,0,NULL),('-','2023-02-02 11:54:08','-','2023-02-02 11:54:08',0,3244,1,1409,NULL,NULL,NULL,69,0,NULL),('-','2023-02-02 11:54:08','-','2023-02-02 11:54:08',0,3245,1,1410,NULL,NULL,NULL,69,0,NULL),('-','2023-02-02 11:54:08','-','2023-02-02 11:54:08',0,3246,1,1411,NULL,NULL,NULL,69,0,NULL),('-','2023-02-02 11:54:08','-','2023-02-02 11:54:08',0,3247,1,1412,NULL,NULL,NULL,69,0,NULL),('-','2023-02-02 11:54:08','-','2023-02-02 11:54:08',0,3248,1,1413,NULL,NULL,NULL,69,0,NULL),('-','2023-02-02 11:54:08','-','2023-02-02 11:54:08',0,3249,1,1425,NULL,NULL,NULL,227,0,NULL),('-','2023-02-02 11:54:08','-','2023-02-02 11:54:08',0,3250,1,1426,NULL,NULL,NULL,227,0,NULL),('-','2023-02-02 11:54:08','-','2023-02-02 11:54:08',0,3251,1,1424,NULL,NULL,NULL,227,0,NULL),('-','2023-02-02 11:54:08','-','2023-02-02 11:54:08',0,3252,1,1427,NULL,NULL,NULL,206,0,NULL),('-','2023-02-02 11:54:08','-','2023-02-02 11:54:08',0,3253,1,1428,NULL,NULL,NULL,206,0,NULL),('-','2023-02-02 11:54:08','-','2023-02-02 11:54:08',0,3254,1,1429,NULL,NULL,NULL,206,0,NULL),('-','2023-02-02 11:54:08','-','2023-02-02 11:54:08',0,3255,1,1414,NULL,NULL,NULL,69,0,NULL),('-','2023-02-02 11:54:08','-','2023-02-02 11:54:08',0,3257,1,1431,NULL,NULL,NULL,180,0,NULL),('-','2023-02-02 11:54:08','-','2023-02-02 11:54:08',0,3258,1,1432,NULL,NULL,NULL,180,0,NULL),('-','2023-02-02 11:54:08','-','2023-02-02 11:54:08',0,3259,1,1433,NULL,NULL,NULL,180,0,NULL),('-','2023-02-02 11:54:08','-','2023-02-02 11:54:08',0,3260,1,1434,NULL,NULL,NULL,180,0,NULL),('-','2023-02-02 11:54:08','-','2023-02-02 11:54:08',0,3261,1,1435,NULL,NULL,NULL,180,0,NULL),('-','2023-02-02 11:54:08','-','2023-02-02 11:54:08',0,3262,1,1436,NULL,NULL,NULL,180,0,NULL),('-','2023-02-02 11:54:08','-','2023-02-02 11:54:08',0,3263,1,1437,NULL,NULL,NULL,180,0,NULL),('-','2023-02-02 11:54:08','-','2023-02-02 11:54:08',0,3264,1,1438,NULL,NULL,NULL,180,0,NULL),('-','2023-02-02 11:54:08','-','2023-02-02 11:54:08',0,3265,1,1439,NULL,NULL,NULL,180,0,NULL),('-','2023-02-02 11:54:08','-','2023-02-02 11:54:08',0,3266,1,1440,NULL,NULL,NULL,92,0,NULL),('-','2023-02-02 11:54:08','-','2023-02-02 11:54:08',0,3267,1,1441,NULL,NULL,NULL,92,0,NULL),('-','2023-02-02 11:54:08','-','2023-02-02 11:54:08',0,3268,1,1442,NULL,NULL,NULL,227,0,NULL),('-','2023-02-02 11:54:08','-','2023-02-02 11:54:08',0,3269,1,1443,NULL,NULL,NULL,227,0,NULL),('-','2023-02-02 11:54:08','-','2023-02-02 11:54:08',0,3270,1,1444,NULL,NULL,NULL,221,0,NULL),('-','2023-02-02 11:54:08','-','2023-02-02 11:54:08',0,3271,1,1445,NULL,NULL,NULL,221,0,NULL),('-','2023-02-02 11:54:08','-','2023-02-02 11:54:08',0,3272,1,1446,NULL,NULL,NULL,221,0,NULL),('-','2023-02-02 11:54:08','-','2023-02-02 11:54:08',0,3273,1,1461,NULL,NULL,NULL,192,0,NULL),('-','2023-02-02 11:54:08','-','2023-02-02 11:54:08',0,3274,1,1448,NULL,NULL,NULL,201,0,NULL),('-','2023-02-02 11:54:08','-','2023-02-02 11:54:08',0,3275,1,1462,NULL,NULL,NULL,192,0,NULL),('-','2023-02-02 11:54:08','-','2023-02-02 11:54:08',0,3276,1,1463,NULL,NULL,NULL,202,0,NULL),('-','2023-02-02 11:54:08','-','2023-02-02 11:54:08',0,3277,1,1464,NULL,NULL,NULL,202,0,NULL),('-','2023-02-02 11:54:08','-','2023-02-02 11:54:08',0,3278,1,1465,NULL,NULL,NULL,202,0,NULL),('-','2023-02-02 11:54:08','-','2023-02-02 11:54:08',0,3279,1,1466,NULL,NULL,NULL,201,0,NULL),('-','2023-02-02 11:54:08','-','2023-02-02 11:54:08',0,3280,1,1467,NULL,NULL,NULL,201,0,NULL),('-','2023-02-02 11:54:08','-','2023-02-02 11:54:08',0,3281,1,1468,NULL,NULL,NULL,201,0,NULL),('-','2023-02-02 11:54:08','-','2023-02-02 11:54:08',0,3282,1,1679,NULL,NULL,NULL,93,0,NULL),('-','2023-02-02 11:54:08','-','2023-02-02 11:54:08',0,3283,1,1680,NULL,NULL,NULL,93,0,NULL),('-','2023-02-02 11:54:08','-','2023-02-02 11:54:08',0,3284,1,1681,NULL,NULL,NULL,93,0,NULL),('-','2023-02-02 11:54:08','-','2023-02-02 11:54:08',0,3285,1,1472,NULL,NULL,NULL,180,0,NULL),('-','2023-02-02 11:54:08','-','2023-02-02 11:54:08',0,3286,1,1473,NULL,NULL,NULL,180,0,NULL),('-','2023-02-02 11:54:08','-','2023-02-02 11:54:08',0,3287,1,1474,NULL,NULL,NULL,180,0,NULL),('-','2023-02-02 11:54:08','-','2023-02-02 11:54:08',0,3288,1,1475,NULL,NULL,NULL,180,0,NULL),('-','2023-02-02 11:54:08','-','2023-02-02 11:54:08',0,3289,1,1501,NULL,NULL,NULL,227,0,NULL),('-','2023-02-02 11:54:08','-','2023-02-02 11:54:08',0,3290,1,1502,NULL,NULL,NULL,227,0,NULL),('-','2023-02-02 11:54:08','-','2023-02-02 11:54:08',0,3291,1,1503,NULL,NULL,NULL,227,0,NULL),('-','2023-02-02 11:54:08','-','2023-02-02 11:54:08',0,3292,1,1504,NULL,NULL,NULL,227,0,NULL),('-','2023-02-02 11:54:08','-','2023-02-02 11:54:08',0,3293,1,1505,NULL,NULL,NULL,227,0,NULL),('-','2023-02-02 11:54:08','-','2023-02-02 11:54:08',0,3294,1,1506,NULL,NULL,NULL,227,0,NULL),('-','2023-02-02 11:54:08','-','2023-02-02 11:54:08',0,3295,1,1516,NULL,NULL,NULL,89,0,NULL),('-','2023-02-02 11:54:08','-','2023-02-02 11:54:08',0,3296,1,1517,NULL,NULL,NULL,206,0,NULL),('-','2023-02-02 11:54:08','-','2023-02-02 11:54:08',0,3297,1,1518,NULL,NULL,NULL,206,0,NULL),('-','2023-02-02 11:54:08','-','2023-02-02 11:54:08',0,3298,1,1486,NULL,NULL,NULL,223,0,NULL),('-','2023-02-02 11:54:08','-','2023-02-02 11:54:08',0,3299,1,1487,NULL,NULL,NULL,223,0,NULL),('-','2023-02-02 11:54:08','-','2023-02-02 11:54:08',0,3300,1,1488,NULL,NULL,NULL,223,0,NULL),('-','2023-02-02 11:54:08','-','2023-02-02 11:54:08',0,3301,1,1489,NULL,NULL,NULL,223,0,NULL),('-','2023-02-02 11:54:08','-','2023-02-02 11:54:08',0,3302,1,1490,NULL,NULL,NULL,227,0,NULL),('-','2023-02-02 11:54:08','-','2023-02-02 11:54:08',0,3303,1,1491,NULL,NULL,NULL,227,0,NULL),('-','2023-02-02 11:54:08','-','2023-02-02 11:54:08',0,3304,1,1492,NULL,NULL,NULL,227,0,NULL),('-','2023-02-02 11:54:08','-','2023-02-02 11:54:08',0,3305,1,1493,NULL,NULL,NULL,227,0,NULL),('-','2023-02-02 11:54:08','-','2023-02-02 11:54:08',0,3306,1,1494,NULL,NULL,NULL,227,0,NULL),('-','2023-02-02 11:54:08','-','2023-02-02 11:54:08',0,3307,1,1495,NULL,NULL,NULL,227,0,NULL),('-','2023-02-02 11:54:08','-','2023-02-02 11:54:08',0,3308,1,1496,NULL,NULL,NULL,227,0,NULL),('-','2023-02-02 11:54:08','-','2023-02-02 11:54:08',0,3309,1,1497,NULL,NULL,NULL,227,0,NULL),('-','2023-02-02 11:54:08','-','2023-02-02 11:54:08',0,3310,1,1498,NULL,NULL,NULL,227,0,NULL),('-','2023-02-02 11:54:08','-','2023-02-02 11:54:08',0,3311,1,1499,NULL,NULL,NULL,227,0,NULL),('-','2023-02-02 11:54:08','-','2023-02-02 11:54:08',0,3312,1,1500,NULL,NULL,NULL,227,0,NULL),('-','2023-02-02 11:54:08','-','2023-02-02 11:54:08',0,3313,1,1519,NULL,NULL,NULL,206,0,NULL),('-','2023-02-02 11:54:08','-','2023-02-02 11:54:08',0,3314,1,1520,NULL,NULL,NULL,206,0,NULL),('-','2023-02-02 11:54:08','-','2023-02-02 11:54:08',0,3315,1,1521,NULL,NULL,NULL,206,0,NULL),('-','2023-02-02 11:54:08','-','2023-02-02 11:54:08',0,3316,1,1522,NULL,NULL,NULL,206,0,NULL),('-','2023-02-02 11:54:08','-','2023-02-02 11:54:08',0,3317,1,1523,NULL,NULL,NULL,206,0,NULL),('-','2023-02-02 11:54:08','-','2023-02-02 11:54:08',0,3318,1,1524,NULL,NULL,NULL,206,0,NULL),('-','2023-02-02 11:54:08','-','2023-02-02 11:54:08',0,3319,1,1525,NULL,NULL,NULL,206,0,NULL),('-','2023-02-02 11:54:08','-','2023-02-02 11:54:08',0,3320,1,1526,NULL,NULL,NULL,206,0,NULL),('-','2023-02-02 11:54:08','-','2023-02-02 11:54:08',0,3321,1,1527,NULL,NULL,NULL,206,0,NULL),('-','2023-02-02 11:54:08','-','2023-02-02 11:54:08',0,3322,1,1528,NULL,NULL,NULL,206,0,NULL),('-','2023-02-02 11:54:08','-','2023-02-02 11:54:08',0,3323,1,1529,NULL,NULL,NULL,206,0,NULL),('-','2023-02-02 11:54:08','-','2023-02-02 11:54:08',0,3324,1,1530,NULL,NULL,NULL,206,0,NULL),('-','2023-02-02 11:54:08','-','2023-02-02 11:54:08',0,3325,1,1531,NULL,NULL,NULL,206,0,NULL),('-','2023-02-02 11:54:08','-','2023-02-02 11:54:08',0,3326,1,1532,NULL,NULL,NULL,206,0,NULL),('-','2023-02-02 11:54:08','-','2023-02-02 11:54:08',0,3327,1,1533,NULL,NULL,NULL,206,0,NULL),('-','2023-02-02 11:54:08','-','2023-02-02 11:54:08',0,3328,1,1537,NULL,NULL,NULL,227,0,NULL),('-','2023-02-02 11:54:08','-','2023-02-02 11:54:08',0,3329,1,1540,NULL,NULL,NULL,192,0,NULL),('-','2023-02-02 11:54:08','-','2023-02-02 11:54:08',0,3330,1,1541,NULL,NULL,NULL,192,0,NULL),('-','2023-02-02 11:54:08','-','2023-02-02 11:54:08',0,3331,1,1542,NULL,NULL,NULL,192,0,NULL),('-','2023-02-02 11:54:08','-','2023-02-02 11:54:08',0,3332,1,1543,NULL,NULL,NULL,192,0,NULL),('-','2023-02-02 11:54:08','-','2023-02-02 11:54:08',0,3333,1,1544,NULL,NULL,NULL,192,0,NULL),('-','2023-02-02 11:54:08','-','2023-02-02 11:54:08',0,3334,1,1545,NULL,NULL,NULL,192,0,NULL),('-','2023-02-02 11:54:08','-','2023-02-02 11:54:08',0,3335,1,1546,NULL,NULL,NULL,192,0,NULL),('-','2023-02-02 11:54:08','-','2023-02-02 11:54:08',0,3336,1,1547,NULL,NULL,NULL,192,0,NULL),('-','2023-02-02 11:54:08','-','2023-02-02 11:54:08',0,3337,1,1548,NULL,NULL,NULL,192,0,NULL),('-','2023-02-02 11:54:08','-','2023-02-02 11:54:08',0,3338,1,1549,NULL,NULL,NULL,192,0,NULL),('-','2023-02-02 11:54:08','-','2023-02-02 11:54:08',0,3339,1,1563,NULL,NULL,NULL,223,0,NULL),('-','2023-02-02 11:54:08','-','2023-02-02 11:54:08',0,3340,1,1570,NULL,NULL,NULL,91,0,NULL),('-','2023-02-02 11:54:08','-','2023-02-02 11:54:08',0,3341,1,1571,NULL,NULL,NULL,192,0,NULL),('-','2023-02-02 11:54:08','-','2023-02-02 11:54:08',0,3342,1,1572,NULL,NULL,NULL,92,0,NULL),('-','2023-02-02 11:54:08','-','2023-02-02 11:54:08',0,3343,1,1573,NULL,NULL,NULL,92,0,NULL),('-','2023-02-02 11:54:08','-','2023-02-02 11:54:08',0,3344,1,1574,NULL,NULL,NULL,92,0,NULL),('-','2023-02-02 11:54:08','-','2023-02-02 11:54:08',0,3345,1,1575,NULL,NULL,NULL,92,0,NULL),('-','2023-02-02 11:54:08','-','2023-02-02 11:54:08',0,3346,1,1576,NULL,NULL,NULL,92,0,NULL),('-','2023-02-02 11:54:08','-','2023-02-02 11:54:08',0,3347,1,1577,NULL,NULL,NULL,93,0,NULL),('-','2023-02-02 11:54:08','-','2023-02-02 11:54:08',0,3348,1,1578,NULL,NULL,NULL,92,0,NULL),('-','2023-02-02 11:54:08','-','2023-02-02 11:54:08',0,3349,1,1579,NULL,NULL,NULL,92,0,NULL),('-','2023-02-02 11:54:08','-','2023-02-02 11:54:08',0,3350,1,1580,NULL,NULL,NULL,92,0,NULL),('-','2023-02-02 11:54:08','-','2023-02-02 11:54:08',0,3351,1,1581,NULL,NULL,NULL,92,0,NULL),('-','2023-02-02 11:54:08','-','2023-02-02 11:54:08',0,3352,1,1582,NULL,NULL,NULL,92,0,NULL),('-','2023-02-02 11:54:08','-','2023-02-02 11:54:08',0,3353,1,1583,NULL,NULL,NULL,92,0,NULL),('-','2023-02-02 11:54:08','-','2023-02-02 11:54:08',0,3354,1,1584,NULL,NULL,NULL,92,0,NULL),('-','2023-02-02 11:54:08','-','2023-02-02 11:54:08',0,3355,1,1603,NULL,NULL,NULL,92,0,NULL),('-','2023-02-02 11:54:08','-','2023-02-02 11:54:08',0,3356,1,1586,NULL,NULL,NULL,92,0,NULL),('-','2023-02-02 11:54:08','-','2023-02-02 11:54:08',0,3357,1,1587,NULL,NULL,NULL,92,0,NULL),('-','2023-02-02 11:54:08','-','2023-02-02 11:54:08',0,3358,1,1588,NULL,NULL,NULL,92,0,NULL),('-','2023-02-02 11:54:08','-','2023-02-02 11:54:08',0,3359,1,1589,NULL,NULL,NULL,92,0,NULL),('-','2023-02-02 11:54:08','-','2023-02-02 11:54:08',0,3360,1,1590,NULL,NULL,NULL,92,0,NULL),('-','2023-02-02 11:54:08','-','2023-02-02 11:54:08',0,3361,1,1591,NULL,NULL,NULL,92,0,NULL),('-','2023-02-02 11:54:08','-','2023-02-02 11:54:08',0,3362,1,1592,NULL,NULL,NULL,92,0,NULL),('-','2023-02-02 11:54:08','-','2023-02-02 11:54:08',0,3363,1,1593,NULL,NULL,NULL,92,0,NULL),('-','2023-02-02 11:54:08','-','2023-02-02 11:54:08',0,3364,1,1594,NULL,NULL,NULL,192,0,NULL),('-','2023-02-02 11:54:08','-','2023-02-02 11:54:08',0,3365,1,1595,NULL,NULL,NULL,92,0,NULL),('-','2023-02-02 11:54:08','-','2023-02-02 11:54:08',0,3366,1,1596,NULL,NULL,NULL,92,0,NULL),('-','2023-02-02 11:54:08','-','2023-02-02 11:54:08',0,3367,1,1597,NULL,NULL,NULL,92,0,NULL),('-','2023-02-02 11:54:08','-','2023-02-02 11:54:08',0,3368,1,1598,NULL,NULL,NULL,93,0,NULL),('-','2023-02-02 11:54:08','-','2023-02-02 11:54:08',0,3369,1,1599,NULL,NULL,NULL,92,0,NULL),('-','2023-02-02 11:54:08','-','2023-02-02 11:54:08',0,3370,1,1600,NULL,NULL,NULL,92,0,NULL),('-','2023-02-02 11:54:08','-','2023-02-02 11:54:08',0,3371,1,1601,NULL,NULL,NULL,92,0,NULL),('-','2023-02-02 11:54:08','-','2023-02-02 11:54:08',0,3372,1,1602,NULL,NULL,NULL,92,0,NULL),('-','2023-02-02 11:54:08','-','2023-02-02 11:54:08',0,3373,1,1604,NULL,NULL,NULL,92,0,NULL),('-','2023-02-02 11:54:08','-','2023-02-02 11:54:08',0,3374,1,1605,NULL,NULL,NULL,92,0,NULL),('-','2023-02-02 11:54:08','-','2023-02-02 11:54:08',0,3375,1,1606,NULL,NULL,NULL,92,0,NULL),('-','2023-02-02 11:54:08','-','2023-02-02 11:54:08',0,3376,1,1607,NULL,NULL,NULL,92,0,NULL),('-','2023-02-02 11:54:08','-','2023-02-02 11:54:08',0,3377,1,1608,NULL,NULL,NULL,92,0,NULL),('-','2023-02-02 11:54:08','-','2023-02-02 11:54:08',0,3378,1,1609,NULL,NULL,NULL,92,0,NULL),('-','2023-02-02 11:54:08','-','2023-02-02 11:54:08',0,3379,1,1610,NULL,NULL,NULL,92,0,NULL),('-','2023-02-02 11:54:08','-','2023-02-02 11:54:08',0,3380,1,1611,NULL,NULL,NULL,92,0,NULL),('-','2023-02-02 11:54:08','-','2023-02-02 11:54:08',0,3381,1,1612,NULL,NULL,NULL,92,0,NULL),('-','2023-02-02 11:54:08','-','2023-02-02 11:54:08',0,3382,1,1614,NULL,NULL,NULL,101,0,NULL),('-','2023-02-02 11:54:08','-','2023-02-02 11:54:08',0,3383,1,1615,NULL,NULL,NULL,101,0,NULL),('-','2023-02-02 11:54:08','-','2023-02-02 11:54:08',0,3384,1,1616,NULL,NULL,NULL,93,0,NULL),('-','2023-02-02 11:54:08','-','2023-02-02 11:54:08',0,3385,1,1617,NULL,NULL,NULL,195,0,NULL),('-','2023-02-02 11:54:08','-','2023-02-02 11:54:08',0,3386,1,1618,NULL,NULL,NULL,195,0,NULL),('-','2023-02-02 11:54:08','-','2023-02-02 11:54:08',0,3387,1,1613,NULL,NULL,NULL,93,0,NULL),('-','2023-02-02 11:54:08','-','2023-02-02 11:54:08',0,3388,1,1620,NULL,NULL,NULL,195,0,NULL),('-','2023-02-02 11:54:08','-','2023-02-02 11:54:08',0,3389,1,1621,NULL,NULL,NULL,195,0,NULL),('-','2023-02-02 11:54:08','-','2023-02-02 11:54:08',0,3390,1,1622,NULL,NULL,NULL,195,0,NULL),('-','2023-02-02 11:54:08','-','2023-02-02 11:54:08',0,3391,1,1623,NULL,NULL,NULL,195,0,NULL),('-','2023-02-02 11:54:08','-','2023-02-02 11:54:08',0,3392,1,1624,NULL,NULL,NULL,195,0,NULL),('-','2023-02-02 11:54:08','-','2023-02-02 11:54:08',0,3393,1,1625,NULL,NULL,NULL,195,0,NULL),('-','2023-02-02 11:54:08','-','2023-02-02 11:54:08',0,3394,1,1626,NULL,NULL,NULL,195,0,NULL),('-','2023-02-02 11:54:08','-','2023-02-02 11:54:08',0,3395,1,1627,NULL,NULL,NULL,195,0,NULL),('-','2023-02-02 11:54:08','-','2023-02-02 11:54:08',0,3396,1,1628,NULL,NULL,NULL,195,0,NULL),('-','2023-02-02 11:54:08','-','2023-02-02 11:54:08',0,3397,1,1629,NULL,NULL,NULL,195,0,NULL),('-','2023-02-02 11:54:08','-','2023-02-02 11:54:08',0,3398,1,1630,NULL,NULL,NULL,195,0,NULL),('-','2023-02-02 11:54:08','-','2023-02-02 11:54:08',0,3399,1,1631,NULL,NULL,NULL,195,0,NULL),('-','2023-02-02 11:54:08','-','2023-02-02 11:54:08',0,3400,1,1632,NULL,NULL,NULL,195,0,NULL),('-','2023-02-02 11:54:08','-','2023-02-02 11:54:08',0,3401,1,1633,NULL,NULL,NULL,195,0,NULL),('-','2023-02-02 11:54:08','-','2023-02-02 11:54:08',0,3402,1,1634,NULL,NULL,NULL,195,0,NULL),('-','2023-02-02 11:54:08','-','2023-02-02 11:54:08',0,3403,1,1635,NULL,NULL,NULL,92,0,NULL),('-','2023-02-02 11:54:08','-','2023-02-02 11:54:08',0,3404,1,1636,NULL,NULL,NULL,187,0,NULL),('-','2023-02-02 11:54:08','-','2023-02-02 11:54:08',0,3405,1,1637,NULL,NULL,NULL,93,0,NULL),('-','2023-02-02 11:54:08','-','2023-02-02 11:54:08',0,3406,1,1638,NULL,NULL,NULL,195,0,NULL),('-','2023-02-02 11:54:08','-','2023-02-02 11:54:08',0,3407,1,1639,NULL,NULL,NULL,92,0,NULL),('-','2023-02-02 11:54:08','-','2023-02-02 11:54:08',0,3408,1,1640,NULL,NULL,NULL,92,0,NULL),('-','2023-02-02 11:54:08','-','2023-02-02 11:54:08',0,3409,1,1641,NULL,NULL,NULL,92,0,NULL),('-','2023-02-02 11:54:08','-','2023-02-02 11:54:08',0,3410,1,1642,NULL,NULL,NULL,92,0,NULL),('-','2023-02-02 11:54:08','-','2023-02-02 11:54:08',0,3411,1,1643,NULL,NULL,NULL,92,0,NULL),('-','2023-02-02 11:54:08','-','2023-02-02 11:54:08',0,3412,1,1644,NULL,NULL,NULL,92,0,NULL),('-','2023-02-02 11:54:08','-','2023-02-02 11:54:08',0,3413,1,1645,NULL,NULL,NULL,92,0,NULL),('-','2023-02-02 11:54:08','-','2023-02-02 11:54:08',0,3414,1,1646,NULL,NULL,NULL,92,0,NULL),('-','2023-02-02 11:54:08','-','2023-02-02 11:54:08',0,3415,1,1647,NULL,NULL,NULL,92,0,NULL),('-','2023-02-02 11:54:08','-','2023-02-02 11:54:08',0,3416,1,1648,NULL,NULL,NULL,92,0,NULL),('-','2023-02-02 11:54:08','-','2023-02-02 11:54:08',0,3417,1,1649,NULL,NULL,NULL,92,0,NULL),('-','2023-02-02 11:54:08','-','2023-02-02 11:54:08',0,3418,1,1650,NULL,NULL,NULL,92,0,NULL),('-','2023-02-02 11:54:08','-','2023-02-02 11:54:08',0,3419,1,1651,NULL,NULL,NULL,92,0,NULL),('-','2023-02-02 11:54:08','-','2023-02-02 11:54:08',0,3420,1,1652,NULL,NULL,NULL,92,0,NULL),('-','2023-02-02 11:54:08','-','2023-02-02 11:54:08',0,3421,1,1653,NULL,NULL,NULL,92,0,NULL),('-','2023-02-02 11:54:08','-','2023-02-02 11:54:08',0,3422,1,1654,NULL,NULL,NULL,92,0,NULL),('-','2023-02-02 11:54:08','-','2023-02-02 11:54:08',0,3423,1,1655,NULL,NULL,NULL,92,0,NULL),('-','2023-02-02 11:54:08','-','2023-02-02 11:54:08',0,3424,1,1656,NULL,NULL,NULL,92,0,NULL),('-','2023-02-02 11:54:08','-','2023-02-02 11:54:08',0,3425,1,1657,NULL,NULL,NULL,92,0,NULL),('-','2023-02-02 11:54:08','-','2023-02-02 11:54:08',0,3426,1,1658,NULL,NULL,NULL,92,0,NULL),('-','2023-02-02 11:54:08','-','2023-02-02 11:54:08',0,3427,1,1659,NULL,NULL,NULL,92,0,NULL),('-','2023-02-02 11:54:08','-','2023-02-02 11:54:08',0,3428,1,1660,NULL,NULL,NULL,92,0,NULL),('-','2023-02-02 11:54:08','-','2023-02-02 11:54:08',0,3429,1,1661,NULL,NULL,NULL,92,0,NULL),('-','2023-02-02 11:54:08','-','2023-02-02 11:54:08',0,3430,1,1662,NULL,NULL,NULL,92,0,NULL),('-','2023-02-02 11:54:08','-','2023-02-02 11:54:08',0,3431,1,1663,NULL,NULL,NULL,92,0,NULL),('-','2023-02-02 11:54:08','-','2023-02-02 11:54:08',0,3432,1,1664,NULL,NULL,NULL,92,0,NULL),('-','2023-02-02 11:54:08','-','2023-02-02 11:54:08',0,3433,1,1665,NULL,NULL,NULL,92,0,NULL),('-','2023-02-02 11:54:08','-','2023-02-02 11:54:08',0,3434,1,1666,NULL,NULL,NULL,92,0,NULL),('-','2023-02-02 11:54:08','-','2023-02-02 11:54:08',0,3435,1,1667,NULL,NULL,NULL,92,0,NULL),('-','2023-02-02 11:54:08','-','2023-02-02 11:54:08',0,3436,1,1668,NULL,NULL,NULL,92,0,NULL),('-','2023-02-02 11:54:08','-','2023-02-02 11:54:08',0,3437,1,1669,NULL,NULL,NULL,92,0,NULL),('-','2023-02-02 11:54:08','-','2023-02-02 11:54:08',0,3438,1,1670,NULL,NULL,NULL,92,0,NULL),('-','2023-02-02 11:54:08','-','2023-02-02 11:54:08',0,3439,1,1671,NULL,NULL,NULL,92,0,NULL),('-','2023-02-02 11:54:08','-','2023-02-02 11:54:08',0,3440,1,1672,NULL,NULL,NULL,92,0,NULL),('-','2023-02-02 11:54:08','-','2023-02-02 11:54:08',0,3441,1,1673,NULL,NULL,NULL,92,0,NULL),('-','2023-02-02 11:54:08','-','2023-02-02 11:54:08',0,3442,1,1674,NULL,NULL,NULL,92,0,NULL),('-','2023-02-02 11:54:08','-','2023-02-02 11:54:08',0,3443,1,1675,NULL,NULL,NULL,92,0,NULL),('-','2023-02-02 11:54:08','-','2023-02-02 11:54:08',0,3444,1,1676,NULL,NULL,NULL,92,0,NULL),('-','2023-02-02 11:54:08','-','2023-02-02 11:54:08',0,3445,1,1677,NULL,NULL,NULL,92,0,NULL),('-','2023-02-02 11:54:08','-','2023-02-02 11:54:08',0,3446,1,1678,NULL,NULL,NULL,93,0,NULL),('-','2023-02-02 11:54:08','-','2023-02-02 11:54:08',0,3447,1,1682,NULL,NULL,NULL,93,0,NULL),('-','2023-02-02 11:54:08','-','2023-02-02 11:54:08',0,3448,1,1683,NULL,NULL,NULL,93,0,NULL),('-','2023-02-02 11:54:08','-','2023-02-02 11:54:08',0,3449,1,1684,NULL,NULL,NULL,92,0,NULL),('-','2023-02-02 11:54:08','-','2023-02-02 11:54:08',0,3450,1,1685,NULL,NULL,NULL,93,0,NULL),('-','2023-02-02 11:54:08','-','2023-02-02 11:54:08',0,3451,1,1686,NULL,NULL,NULL,101,0,NULL),('-','2023-02-02 11:54:08','-','2023-02-02 11:54:08',0,3452,1,1687,NULL,NULL,NULL,101,0,NULL),('-','2023-02-02 11:54:08','-','2023-02-02 11:54:08',0,3453,1,1688,NULL,NULL,NULL,101,0,NULL),('-','2023-02-02 11:54:08','-','2023-02-02 11:54:08',0,3454,1,1689,NULL,NULL,NULL,92,0,NULL),('-','2023-02-02 11:54:08','-','2023-02-02 11:54:08',0,3455,1,1690,NULL,NULL,NULL,92,0,NULL),('-','2023-02-02 11:54:08','-','2023-02-02 11:54:08',0,3456,1,1691,NULL,NULL,NULL,92,0,NULL),('-','2023-02-02 11:54:08','-','2023-02-02 11:54:08',0,3457,1,1692,NULL,NULL,NULL,93,0,NULL),('-','2023-02-02 11:54:08','-','2023-02-02 11:54:08',0,3458,1,1704,NULL,NULL,NULL,92,0,NULL),('-','2023-02-02 11:54:08','-','2023-02-02 11:54:08',0,3459,1,1709,NULL,NULL,NULL,195,0,NULL),('-','2023-02-02 11:54:08','-','2023-02-02 11:54:08',0,3460,1,1710,NULL,NULL,NULL,195,0,NULL),('-','2023-02-02 11:54:08','-','2023-02-02 11:54:08',0,3461,1,1711,NULL,NULL,NULL,92,0,NULL),('-','2023-02-02 11:54:08','-','2023-02-02 11:54:08',0,3462,1,1712,NULL,NULL,NULL,89,0,NULL),('-','2023-02-02 11:54:08','-','2023-02-02 11:54:08',0,3463,1,1713,NULL,NULL,NULL,89,0,NULL),('-','2023-02-02 11:54:08','-','2023-02-02 11:54:08',0,3464,1,1714,NULL,NULL,NULL,89,0,NULL),('-','2023-02-02 11:54:08','-','2023-02-02 11:54:08',0,3465,1,1715,NULL,NULL,NULL,187,0,NULL),('-','2023-02-02 11:54:08','-','2023-02-02 11:54:08',0,3466,1,1716,NULL,NULL,NULL,92,0,NULL),('-','2023-02-02 11:54:08','-','2023-02-02 11:54:08',0,3467,1,1717,NULL,NULL,NULL,187,0,NULL),('-','2023-02-02 11:54:08','-','2023-02-02 11:54:08',0,3468,1,1718,NULL,NULL,NULL,187,0,NULL),('-','2023-02-02 11:54:08','-','2023-02-02 11:54:08',0,3469,1,1719,NULL,NULL,NULL,187,0,NULL),('-','2023-02-02 11:54:08','-','2023-02-02 11:54:08',0,3470,1,1721,NULL,NULL,NULL,187,0,NULL),('-','2023-02-02 11:54:08','-','2023-02-02 11:54:08',0,3471,1,1722,NULL,NULL,NULL,92,0,NULL),('-','2023-02-02 11:54:08','-','2023-02-02 11:54:08',0,3472,1,1723,NULL,NULL,NULL,92,0,NULL),('-','2023-02-02 11:54:08','-','2023-02-02 11:54:08',0,3473,1,1724,NULL,NULL,NULL,92,0,NULL),('-','2023-02-02 11:54:08','-','2023-02-02 11:54:08',0,3474,1,1725,NULL,NULL,NULL,92,0,NULL),('-','2023-02-02 11:54:08','-','2023-02-02 11:54:08',0,3475,1,1726,NULL,NULL,NULL,95,0,NULL),('-','2023-02-02 11:54:08','-','2023-02-02 11:54:08',0,3476,1,1728,NULL,NULL,NULL,92,0,NULL),('-','2023-02-02 11:54:08','-','2023-02-02 11:54:08',0,3477,1,1729,NULL,NULL,NULL,141,0,NULL),('-','2023-02-02 11:54:08','-','2023-02-02 11:54:08',0,3478,1,1730,NULL,NULL,NULL,124,0,NULL),('-','2023-02-02 11:54:08','-','2023-02-02 11:54:08',0,3479,1,1731,NULL,NULL,NULL,92,0,NULL),('-','2023-02-02 11:54:08','-','2023-02-02 11:54:08',0,3480,1,1732,NULL,NULL,NULL,92,0,NULL),('-','2023-02-02 11:54:08','-','2023-02-02 11:54:08',0,3481,1,1733,NULL,NULL,NULL,92,0,NULL),('-','2023-02-02 11:54:08','-','2023-02-02 11:54:08',0,3482,1,1734,NULL,NULL,NULL,89,0,NULL),('-','2023-02-02 11:54:08','-','2023-02-02 11:54:08',0,3483,1,1735,NULL,NULL,NULL,102,0,NULL),('-','2023-02-02 11:54:08','-','2023-02-02 11:54:08',0,3484,1,1736,NULL,NULL,NULL,102,0,NULL),('-','2023-02-02 11:54:08','-','2023-02-02 11:54:08',0,3485,1,1737,NULL,NULL,NULL,102,0,NULL),('-','2023-02-02 11:54:08','-','2023-02-02 11:54:08',0,3486,1,1738,NULL,NULL,NULL,102,0,NULL),('-','2023-02-02 11:54:08','-','2023-02-02 11:54:08',0,3487,1,1739,NULL,NULL,NULL,102,0,NULL),('-','2023-02-02 11:54:08','-','2023-02-02 11:54:08',0,3488,1,1740,NULL,NULL,NULL,102,0,NULL),('-','2023-02-02 11:54:08','-','2023-02-02 11:54:08',0,3489,1,1741,NULL,NULL,NULL,187,0,NULL),('-','2023-02-02 11:54:08','-','2023-02-02 11:54:08',0,3490,1,1742,NULL,NULL,NULL,92,0,NULL),('-','2023-02-02 11:54:08','-','2023-02-02 11:54:08',0,3491,1,1743,NULL,NULL,NULL,102,0,NULL),('-','2023-02-02 11:54:08','-','2023-02-02 11:54:08',0,3492,1,1744,NULL,NULL,NULL,102,0,NULL),('-','2023-02-02 11:54:08','-','2023-02-02 11:54:08',0,3493,1,1745,NULL,NULL,NULL,102,0,NULL),('-','2023-02-02 11:54:08','-','2023-02-02 11:54:08',0,3494,1,1746,NULL,NULL,NULL,102,0,NULL),('-','2023-02-02 11:54:08','-','2023-02-02 11:54:08',0,3495,1,1748,NULL,NULL,NULL,102,0,NULL),('-','2023-02-02 11:54:08','-','2023-02-02 11:54:08',0,3496,1,1749,NULL,NULL,NULL,102,0,NULL),('-','2023-02-02 11:54:08','-','2023-02-02 11:54:08',0,3497,1,1766,NULL,NULL,NULL,92,0,NULL),('-','2023-02-02 11:54:08','-','2023-02-02 11:54:08',0,3498,1,1727,NULL,NULL,NULL,187,0,NULL),('-','2023-02-02 11:54:08','-','2023-02-02 11:54:08',0,3499,1,1747,NULL,NULL,NULL,102,0,NULL),('-','2023-02-02 11:54:08','-','2023-02-02 11:54:08',0,3500,1,1771,NULL,NULL,NULL,195,0,NULL),('-','2023-02-02 11:54:08','-','2023-02-02 11:54:08',0,3501,1,1767,NULL,NULL,NULL,93,0,NULL),('-','2023-02-02 11:54:08','-','2023-02-02 11:54:08',0,3502,1,1772,NULL,NULL,NULL,93,0,NULL),('-','2023-02-02 11:54:08','-','2023-02-02 11:54:08',0,3503,1,1769,NULL,NULL,NULL,93,0,NULL),('-','2023-02-02 11:54:08','-','2023-02-02 11:54:08',0,3504,1,1770,NULL,NULL,NULL,92,0,NULL),('-','2023-02-02 11:54:08','-','2023-02-02 11:54:08',0,3505,1,1773,NULL,NULL,NULL,93,0,NULL),('-','2023-02-02 11:54:08','-','2023-02-02 11:54:08',0,3506,1,1774,NULL,NULL,NULL,93,0,NULL),('-','2023-02-02 11:54:08','-','2023-02-02 11:54:08',0,3507,1,1775,NULL,NULL,NULL,93,0,NULL),('-','2023-02-02 11:54:08','-','2023-02-02 11:54:08',0,3508,1,1776,NULL,NULL,NULL,195,0,NULL),('-','2023-02-02 11:54:08','-','2023-02-02 11:54:08',0,3509,1,1777,NULL,NULL,NULL,93,0,NULL),('-','2023-02-02 11:54:08','-','2023-02-02 11:54:08',0,3510,1,1779,NULL,NULL,NULL,89,0,NULL),('-','2023-02-02 11:54:08','-','2023-02-02 11:54:08',0,3511,1,1780,NULL,NULL,NULL,92,0,NULL),('-','2023-02-02 11:54:08','-','2023-02-02 11:54:08',0,3512,1,1781,NULL,NULL,NULL,89,0,NULL),('-','2023-02-02 11:54:08','-','2023-02-02 11:54:08',0,3513,1,1782,NULL,NULL,NULL,89,0,NULL),('-','2023-02-02 11:54:08','-','2023-02-02 11:54:08',0,3514,1,1783,NULL,NULL,NULL,192,0,NULL),('-','2023-02-02 11:54:08','-','2023-02-02 11:54:08',0,3515,1,1784,NULL,NULL,NULL,192,0,NULL),('-','2023-02-02 11:54:08','-','2023-02-02 11:54:08',0,3516,1,1785,NULL,NULL,NULL,147,0,NULL),('-','2023-02-02 11:54:08','-','2023-02-02 11:54:08',0,3517,1,1786,NULL,NULL,NULL,192,0,NULL),('-','2023-02-02 11:54:08','-','2023-02-02 11:54:08',0,3518,1,1787,NULL,NULL,NULL,147,0,NULL),('-','2023-02-02 11:54:08','-','2023-02-02 11:54:08',0,3519,1,1788,NULL,NULL,NULL,125,0,NULL),('-','2023-02-02 11:54:08','-','2023-02-02 11:54:08',0,3520,1,1789,NULL,NULL,NULL,149,0,NULL),('-','2023-02-02 11:54:08','-','2023-02-02 11:54:08',0,3521,1,1790,NULL,NULL,NULL,185,0,NULL),('-','2023-02-02 11:54:08','-','2023-02-02 11:54:08',0,3522,1,1791,NULL,NULL,NULL,168,0,NULL),('-','2023-02-02 11:54:08','-','2023-02-02 11:54:08',0,3523,1,1792,NULL,NULL,NULL,222,0,NULL),('-','2023-02-02 11:54:08','-','2023-02-02 11:54:08',0,3524,1,1793,NULL,NULL,NULL,147,0,NULL),('-','2023-02-02 11:54:08','-','2023-02-02 11:54:08',0,3525,1,1797,NULL,NULL,NULL,147,0,NULL),('-','2023-02-02 11:54:08','-','2023-02-02 11:54:08',0,3526,1,1795,NULL,NULL,NULL,224,0,NULL),('-','2023-02-02 11:54:08','-','2023-02-02 11:54:08',0,3527,1,1796,NULL,NULL,NULL,148,0,NULL),('-','2023-02-02 11:54:08','-','2023-02-02 11:54:08',0,3528,1,1798,NULL,NULL,NULL,224,0,NULL),('-','2023-02-02 11:54:08','-','2023-02-02 11:54:08',0,3529,1,1799,NULL,NULL,NULL,171,0,NULL),('-','2023-02-02 11:54:08','-','2023-02-02 11:54:08',0,3530,1,1800,NULL,NULL,NULL,171,0,NULL),('-','2023-02-02 11:54:08','-','2023-02-02 11:54:08',0,3531,1,1801,NULL,NULL,NULL,192,0,NULL),('-','2023-02-02 11:54:08','-','2023-02-02 11:54:08',0,3532,1,1802,NULL,NULL,NULL,125,0,NULL),('-','2023-02-02 11:54:08','-','2023-02-02 11:54:08',0,3533,1,1803,NULL,NULL,NULL,125,0,NULL),('-','2023-02-02 11:54:08','-','2023-02-02 11:54:08',0,3534,1,1804,NULL,NULL,NULL,125,0,NULL),('-','2023-02-02 11:54:08','-','2023-02-02 11:54:08',0,3535,1,1805,NULL,NULL,NULL,125,0,NULL),('-','2023-02-02 11:54:08','-','2023-02-02 11:54:08',0,3536,1,1806,NULL,NULL,NULL,92,0,NULL),('-','2023-02-02 11:54:08','-','2023-02-02 11:54:08',0,3537,1,1807,NULL,NULL,NULL,92,0,NULL),('-','2023-02-02 11:54:08','-','2023-02-02 11:54:08',0,3538,1,1808,NULL,NULL,NULL,92,0,NULL),('-','2023-02-02 11:54:08','-','2023-02-02 11:54:08',0,3539,1,1809,NULL,NULL,NULL,92,0,NULL),('-','2023-02-02 11:54:08','-','2023-02-02 11:54:08',0,3540,1,1810,NULL,NULL,NULL,92,0,NULL),('-','2023-02-02 11:54:08','-','2023-02-02 11:54:08',0,3541,1,1811,NULL,NULL,NULL,92,0,NULL),('-','2023-02-02 11:54:08','-','2023-02-02 11:54:08',0,3542,1,1812,NULL,NULL,NULL,92,0,NULL),('-','2023-02-02 11:54:08','-','2023-02-02 11:54:08',0,3543,1,1813,NULL,NULL,NULL,92,0,NULL),('-','2023-02-02 11:54:08','-','2023-02-02 11:54:08',0,3544,1,1814,NULL,NULL,NULL,92,0,NULL),('-','2023-02-02 11:54:08','-','2023-02-02 11:54:08',0,3545,1,1815,NULL,NULL,NULL,92,0,NULL),('-','2023-02-02 11:54:08','-','2023-02-02 11:54:08',0,3546,1,1816,NULL,NULL,NULL,92,0,NULL),('-','2023-02-02 11:54:08','-','2023-02-02 11:54:08',0,3547,1,1817,NULL,NULL,NULL,92,0,NULL),('-','2023-02-02 11:54:08','-','2023-02-02 11:54:08',0,3548,1,1818,NULL,NULL,NULL,91,0,NULL),('-','2023-02-02 11:54:08','-','2023-02-02 11:54:08',0,3549,1,1819,NULL,NULL,NULL,180,0,NULL),('-','2023-02-02 11:54:08','-','2023-02-02 11:54:08',0,3550,1,1820,NULL,NULL,NULL,89,0,NULL),('-','2023-02-02 11:54:08','-','2023-02-02 11:54:08',0,3551,1,1821,NULL,NULL,NULL,89,0,NULL),('-','2023-02-02 11:54:08','-','2023-02-02 11:54:08',0,3552,1,1822,NULL,NULL,NULL,89,0,NULL),('-','2023-02-02 11:54:08','-','2023-02-02 11:54:08',0,3553,1,1823,NULL,NULL,NULL,89,0,NULL),('-','2023-02-02 11:54:08','-','2023-02-02 11:54:08',0,3554,1,1824,NULL,NULL,NULL,89,0,NULL),('-','2023-02-02 11:54:08','-','2023-02-02 11:54:08',0,3555,1,1825,NULL,NULL,NULL,89,0,NULL),('-','2023-02-02 11:54:08','-','2023-02-02 11:54:08',0,3556,1,1826,NULL,NULL,NULL,89,0,NULL),('-','2023-02-02 11:54:08','-','2023-02-02 11:54:08',0,3557,1,1827,NULL,NULL,NULL,89,0,NULL),('-','2023-02-02 11:54:08','-','2023-02-02 11:54:08',0,3558,1,1828,NULL,NULL,NULL,89,0,NULL),('-','2023-02-02 11:54:08','-','2023-02-02 11:54:08',0,3559,1,1829,NULL,NULL,NULL,89,0,NULL),('-','2023-02-02 11:54:08','-','2023-02-02 11:54:08',0,3560,1,1830,NULL,NULL,NULL,89,0,NULL),('-','2023-02-02 11:54:08','-','2023-02-02 11:54:08',0,3561,1,1831,NULL,NULL,NULL,89,0,NULL),('-','2023-02-02 11:54:08','-','2023-02-02 11:54:08',0,3562,1,1832,NULL,NULL,NULL,93,0,NULL),('-','2023-02-02 11:54:08','-','2023-02-02 11:54:08',0,3563,1,1833,NULL,NULL,NULL,93,0,NULL),('-','2023-02-02 11:54:08','-','2023-02-02 11:54:08',0,3564,1,1834,NULL,NULL,NULL,93,0,NULL),('-','2023-02-02 11:54:08','-','2023-02-02 11:54:08',0,3565,1,1835,NULL,NULL,NULL,92,0,NULL),('-','2023-02-02 11:54:08','-','2023-02-02 11:54:08',0,3566,1,1877,NULL,NULL,NULL,192,0,NULL),('-','2023-02-02 11:54:08','-','2023-02-02 11:54:08',0,3567,1,1878,NULL,NULL,NULL,192,0,NULL),('-','2023-02-02 11:54:08','-','2023-02-02 11:54:08',0,3568,1,1879,NULL,NULL,NULL,192,0,NULL),('-','2023-02-02 11:54:08','-','2023-02-02 11:54:08',0,3569,1,1880,NULL,NULL,NULL,192,0,NULL),('-','2023-02-02 11:54:08','-','2023-02-02 11:54:08',0,3570,1,1881,NULL,NULL,NULL,192,0,NULL),('-','2023-02-02 11:54:08','-','2023-02-02 11:54:08',0,3571,1,1882,NULL,NULL,NULL,192,0,NULL),('-','2023-02-02 11:54:08','-','2023-02-02 11:54:08',0,3572,1,1883,NULL,NULL,NULL,192,0,NULL),('-','2023-02-02 11:54:08','-','2023-02-02 11:54:08',0,3574,1,1884,NULL,NULL,NULL,192,0,NULL),('-','2023-02-02 11:54:08','-','2023-02-02 11:54:08',0,3575,1,1885,NULL,NULL,NULL,192,0,NULL),('-','2023-02-02 11:54:08','-','2023-02-02 11:54:08',0,3576,1,1886,NULL,NULL,NULL,131,0,NULL),('-','2023-02-02 11:54:08','-','2023-02-02 11:54:08',0,3577,1,1887,NULL,NULL,NULL,192,0,NULL),('-','2023-02-02 11:54:08','-','2023-02-02 11:54:08',0,3578,1,1888,NULL,NULL,NULL,92,0,NULL),('-','2023-02-02 11:54:08','-','2023-02-02 11:54:08',0,3579,1,1889,NULL,NULL,NULL,192,0,NULL),('-','2023-02-02 11:54:08','-','2023-02-02 11:54:08',0,3580,1,1890,NULL,NULL,NULL,192,0,NULL),('-','2023-02-02 11:54:08','-','2023-02-02 11:54:08',0,3581,1,1891,NULL,NULL,NULL,192,0,NULL),('-','2023-02-02 11:54:08','-','2023-02-02 11:54:08',0,3582,1,1892,NULL,NULL,NULL,192,0,NULL),('-','2023-02-02 11:54:08','-','2023-02-02 11:54:08',0,3583,1,1893,NULL,NULL,NULL,192,0,NULL),('-','2023-02-02 11:54:08','-','2023-02-02 11:54:08',0,3584,1,1894,NULL,NULL,NULL,192,0,NULL),('-','2023-02-02 11:54:08','-','2023-02-02 11:54:08',0,3585,1,1895,NULL,NULL,NULL,125,0,NULL),('-','2023-02-02 11:54:08','-','2023-02-02 11:54:08',0,3586,1,1896,NULL,NULL,NULL,192,0,NULL),('-','2023-02-02 11:54:08','-','2023-02-02 11:54:08',0,3587,1,1897,NULL,NULL,NULL,91,0,NULL),('-','2023-02-02 11:54:08','-','2023-02-02 11:54:08',0,3588,1,1898,NULL,NULL,NULL,91,0,NULL),('-','2023-02-02 11:54:08','-','2023-02-02 11:54:08',0,3589,1,1899,NULL,NULL,NULL,91,0,NULL),('-','2023-02-02 11:54:08','-','2023-02-02 11:54:08',0,3590,1,1900,NULL,NULL,NULL,91,0,NULL),('-','2023-02-02 11:54:08','-','2023-02-02 11:54:08',0,3591,1,1901,NULL,NULL,NULL,91,0,NULL),('-','2023-02-02 11:54:08','-','2023-02-02 11:54:08',0,3592,1,1902,NULL,NULL,NULL,91,0,NULL),('-','2023-02-02 11:54:08','-','2023-02-02 11:54:08',0,3593,1,1903,NULL,NULL,NULL,91,0,NULL),('-','2023-02-02 11:54:08','-','2023-02-02 11:54:08',0,3594,1,1904,NULL,NULL,NULL,91,0,NULL),('-','2023-02-02 11:54:08','-','2023-02-02 11:54:08',0,3595,1,1905,NULL,NULL,NULL,91,0,NULL),('-','2023-02-02 11:54:08','-','2023-02-02 11:54:08',0,3596,1,1906,NULL,NULL,NULL,91,0,NULL),('-','2023-02-02 11:54:08','-','2023-02-02 11:54:08',0,3597,1,1907,NULL,NULL,NULL,91,0,NULL),('-','2023-02-02 11:54:08','-','2023-02-02 11:54:08',0,3598,1,1908,NULL,NULL,NULL,91,0,NULL),('-','2023-02-02 11:54:08','-','2023-02-02 11:54:08',0,3599,1,1909,NULL,NULL,NULL,91,0,NULL),('-','2023-02-02 11:54:08','-','2023-02-02 11:54:08',0,3600,1,1910,NULL,NULL,NULL,91,0,NULL),('-','2023-02-02 11:54:08','-','2023-02-02 11:54:08',0,3601,1,1911,NULL,NULL,NULL,91,0,NULL),('-','2023-02-02 11:54:08','-','2023-02-02 11:54:08',0,3602,1,1912,NULL,NULL,NULL,91,0,NULL),('-','2023-02-02 11:54:08','-','2023-02-02 11:54:08',0,3603,1,1913,NULL,NULL,NULL,91,0,NULL),('-','2023-02-02 11:54:08','-','2023-02-02 11:54:08',0,3604,1,1914,NULL,NULL,NULL,91,0,NULL),('-','2023-02-02 11:54:08','-','2023-02-02 11:54:08',0,3605,1,1915,NULL,NULL,NULL,91,0,NULL),('-','2023-02-02 11:54:08','-','2023-02-02 11:54:08',0,3606,1,1916,NULL,NULL,NULL,91,0,NULL),('-','2023-02-02 11:54:08','-','2023-02-02 11:54:08',0,3607,1,1917,NULL,NULL,NULL,91,0,NULL),('-','2023-02-02 11:54:08','-','2023-02-02 11:54:08',0,3608,1,1918,NULL,NULL,NULL,91,0,NULL),('-','2023-02-02 11:54:08','-','2023-02-02 11:54:08',0,3609,1,1919,NULL,NULL,NULL,91,0,NULL),('-','2023-02-02 11:54:08','-','2023-02-02 11:54:08',0,3610,1,1927,NULL,NULL,NULL,181,0,NULL),('-','2023-02-02 11:54:08','-','2023-02-02 11:54:08',0,3611,1,1921,NULL,NULL,NULL,225,0,NULL),('-','2023-02-02 11:54:08','-','2023-02-02 11:54:08',0,3612,1,1922,NULL,NULL,NULL,225,0,NULL),('-','2023-02-02 11:54:08','-','2023-02-02 11:54:08',0,3613,1,1923,NULL,NULL,NULL,164,0,NULL),('-','2023-02-02 11:54:08','-','2023-02-02 11:54:08',0,3614,1,1924,NULL,NULL,NULL,175,0,NULL),('-','2023-02-02 11:54:08','-','2023-02-02 11:54:08',0,3615,1,1925,NULL,NULL,NULL,211,0,NULL),('-','2023-02-02 11:54:08','-','2023-02-02 11:54:08',0,3616,1,1926,NULL,NULL,NULL,185,0,NULL),('-','2023-02-02 11:54:08','-','2023-02-02 11:54:08',0,3617,1,1928,NULL,NULL,NULL,211,0,NULL),('-','2023-02-02 11:54:08','-','2023-02-02 11:54:08',0,3618,1,1929,NULL,NULL,NULL,185,0,NULL),('-','2023-02-02 11:54:08','-','2023-02-02 11:54:08',0,3619,1,1930,NULL,NULL,NULL,225,0,NULL),('-','2023-02-02 11:54:08','-','2023-02-02 11:54:08',0,3620,1,1931,NULL,NULL,NULL,225,0,NULL),('-','2023-02-02 11:54:08','-','2023-02-02 11:54:08',0,3621,1,1932,NULL,NULL,NULL,211,0,NULL),('-','2023-02-02 11:54:08','-','2023-02-02 11:54:08',0,3622,1,1933,NULL,NULL,NULL,185,0,NULL),('-','2023-02-02 11:54:08','-','2023-02-02 11:54:08',0,3623,1,1934,NULL,NULL,NULL,225,0,NULL),('-','2023-02-02 11:54:08','-','2023-02-02 11:54:08',0,3624,1,1935,NULL,NULL,NULL,225,0,NULL),('-','2023-02-02 11:54:08','-','2023-02-02 11:54:08',0,3625,1,1936,NULL,NULL,NULL,225,0,NULL),('-','2023-02-02 11:54:08','-','2023-02-02 11:54:08',0,3626,1,1937,NULL,NULL,NULL,214,0,NULL),('-','2023-02-02 11:54:08','-','2023-02-02 11:54:08',0,3627,1,1938,NULL,NULL,NULL,164,0,NULL),('-','2023-02-02 11:54:08','-','2023-02-02 11:54:08',0,3628,1,1939,NULL,NULL,NULL,164,0,NULL),('-','2023-02-02 11:54:08','-','2023-02-02 11:54:08',0,3629,1,1940,NULL,NULL,NULL,164,0,NULL),('-','2023-02-02 11:54:08','-','2023-02-02 11:54:08',0,3630,1,1941,NULL,NULL,NULL,211,0,NULL),('-','2023-02-02 11:54:08','-','2023-02-02 11:54:08',0,3631,1,1942,NULL,NULL,NULL,175,0,NULL),('-','2023-02-02 11:54:08','-','2023-02-02 11:54:08',0,3632,1,1943,NULL,NULL,NULL,185,0,NULL),('-','2023-02-02 11:54:08','-','2023-02-02 11:54:08',0,3633,1,1944,NULL,NULL,NULL,164,0,NULL),('-','2023-02-02 11:54:08','-','2023-02-02 11:54:08',0,3634,1,1945,NULL,NULL,NULL,225,0,NULL),('-','2023-02-02 11:54:08','-','2023-02-02 11:54:08',0,3635,1,1946,NULL,NULL,NULL,211,0,NULL),('-','2023-02-02 11:54:08','-','2023-02-02 11:54:08',0,3636,1,1947,NULL,NULL,NULL,185,0,NULL),('-','2023-02-02 11:54:08','-','2023-02-02 11:54:08',0,3637,1,1948,NULL,NULL,NULL,175,0,NULL),('-','2023-02-02 11:54:08','-','2023-02-02 11:54:08',0,3638,1,1949,NULL,NULL,NULL,225,0,NULL),('-','2023-02-02 11:54:08','-','2023-02-02 11:54:08',0,3639,1,1950,NULL,NULL,NULL,91,0,NULL),('-','2023-02-02 11:54:08','-','2023-02-02 11:54:08',0,3640,1,1951,NULL,NULL,NULL,164,0,NULL),('-','2023-02-02 11:54:08','-','2023-02-02 11:54:08',0,3641,1,1952,NULL,NULL,NULL,225,0,NULL),('-','2023-02-02 11:54:08','-','2023-02-02 11:54:08',0,3642,1,1953,NULL,NULL,NULL,164,0,NULL),('-','2023-02-02 11:54:08','-','2023-02-02 11:54:08',0,3643,1,1954,NULL,NULL,NULL,225,0,NULL),('-','2023-02-02 11:54:08','-','2023-02-02 11:54:08',0,3644,1,1955,NULL,NULL,NULL,211,0,NULL),('-','2023-02-02 11:54:08','-','2023-02-02 11:54:08',0,3645,1,1956,NULL,NULL,NULL,185,0,NULL),('-','2023-02-02 11:54:08','-','2023-02-02 11:54:08',0,3646,1,1957,NULL,NULL,NULL,175,0,NULL),('-','2023-02-02 11:54:08','-','2023-02-02 11:54:08',0,3647,1,1958,NULL,NULL,NULL,174,0,NULL),('-','2023-02-02 11:54:08','-','2023-02-02 11:54:08',0,3648,1,1959,NULL,NULL,NULL,225,0,NULL),('-','2023-02-02 11:54:08','-','2023-02-02 11:54:08',0,3649,1,1960,NULL,NULL,NULL,164,0,NULL),('-','2023-02-02 11:54:08','-','2023-02-02 11:54:08',0,3650,1,1961,NULL,NULL,NULL,225,0,NULL),('-','2023-02-02 11:54:08','-','2023-02-02 11:54:08',0,3651,1,1962,NULL,NULL,NULL,211,0,NULL),('-','2023-02-02 11:54:08','-','2023-02-02 11:54:08',0,3652,1,1963,NULL,NULL,NULL,185,0,NULL),('-','2023-02-02 11:54:08','-','2023-02-02 11:54:08',0,3653,1,1964,NULL,NULL,NULL,175,0,NULL),('-','2023-02-02 11:54:08','-','2023-02-02 11:54:08',0,3654,1,1965,NULL,NULL,NULL,164,0,NULL),('-','2023-02-02 11:54:08','-','2023-02-02 11:54:08',0,3655,1,1966,NULL,NULL,NULL,225,0,NULL),('-','2023-02-02 11:54:08','-','2023-02-02 11:54:08',0,3656,1,1967,NULL,NULL,NULL,211,0,NULL),('-','2023-02-02 11:54:08','-','2023-02-02 11:54:08',0,3657,1,1968,NULL,NULL,NULL,185,0,NULL),('-','2023-02-02 11:54:08','-','2023-02-02 11:54:08',0,3658,1,1969,NULL,NULL,NULL,175,0,NULL),('-','2023-02-02 11:54:08','-','2023-02-02 11:54:08',0,3659,1,1970,NULL,NULL,NULL,225,0,NULL),('-','2023-02-02 11:54:08','-','2023-02-02 11:54:08',0,3660,1,1971,NULL,NULL,NULL,225,0,NULL),('-','2023-02-02 11:54:08','-','2023-02-02 11:54:08',0,3661,1,1972,NULL,NULL,NULL,225,0,NULL),('-','2023-02-02 11:54:08','-','2023-02-02 11:54:08',0,3662,1,1973,NULL,NULL,NULL,225,0,NULL),('-','2023-02-02 11:54:08','-','2023-02-02 11:54:08',0,3663,1,1974,NULL,NULL,NULL,225,0,NULL),('-','2023-02-02 11:54:08','-','2023-02-02 11:54:08',0,3664,1,1975,NULL,NULL,NULL,225,0,NULL),('-','2023-02-02 11:54:08','-','2023-02-02 11:54:08',0,3665,1,1976,NULL,NULL,NULL,225,0,NULL),('-','2023-02-02 11:54:08','-','2023-02-02 11:54:08',0,3666,1,1977,NULL,NULL,NULL,225,0,NULL),('-','2023-02-02 11:54:08','-','2023-02-02 11:54:08',0,3667,1,1978,NULL,NULL,NULL,91,0,NULL),('-','2023-02-02 11:54:08','-','2023-02-02 11:54:08',0,3668,1,1979,NULL,NULL,NULL,174,0,NULL),('-','2023-02-02 11:54:08','-','2023-02-02 11:54:08',0,3669,1,1980,NULL,NULL,NULL,225,0,NULL),('-','2023-02-02 11:54:08','-','2023-02-02 11:54:08',0,3670,1,1981,NULL,NULL,NULL,92,0,NULL),('-','2023-02-02 11:54:08','-','2023-02-02 11:54:08',0,3671,1,1982,NULL,NULL,NULL,225,0,NULL),('-','2023-02-02 11:54:08','-','2023-02-02 11:54:08',0,3672,1,1983,NULL,NULL,NULL,225,0,NULL),('-','2023-02-02 11:54:08','-','2023-02-02 11:54:08',0,3673,1,1984,NULL,NULL,NULL,225,0,NULL),('-','2023-02-02 11:54:08','-','2023-02-02 11:54:08',0,3674,1,1985,NULL,NULL,NULL,164,0,NULL),('-','2023-02-02 11:54:08','-','2023-02-02 11:54:08',0,3675,1,1986,NULL,NULL,NULL,225,0,NULL),('-','2023-02-02 11:54:08','-','2023-02-02 11:54:08',0,3676,1,1987,NULL,NULL,NULL,201,0,NULL),('-','2023-02-02 11:54:08','-','2023-02-02 11:54:08',0,3677,1,1988,NULL,NULL,NULL,225,0,NULL),('-','2023-02-02 11:54:08','-','2023-02-02 11:54:08',0,3678,1,1989,NULL,NULL,NULL,225,0,NULL),('-','2023-02-02 11:54:08','-','2023-02-02 11:54:08',0,3679,1,1990,NULL,NULL,NULL,225,0,NULL),('-','2023-02-02 11:54:08','-','2023-02-02 11:54:08',0,3680,1,1991,NULL,NULL,NULL,225,0,NULL),('-','2023-02-02 11:54:08','-','2023-02-02 11:54:08',0,3681,1,1992,NULL,NULL,NULL,225,0,NULL),('-','2023-02-02 11:54:08','-','2023-02-02 11:54:08',0,3682,1,1993,NULL,NULL,NULL,225,0,NULL),('-','2023-02-02 11:54:08','-','2023-02-02 11:54:08',0,3683,1,1994,NULL,NULL,NULL,225,0,NULL),('-','2023-02-02 11:54:08','-','2023-02-02 11:54:08',0,3684,1,1995,NULL,NULL,NULL,225,0,NULL),('-','2023-02-02 11:54:08','-','2023-02-02 11:54:08',0,3685,1,1996,NULL,NULL,NULL,225,0,NULL),('-','2023-02-02 11:54:08','-','2023-02-02 11:54:08',0,3686,1,1997,NULL,NULL,NULL,225,0,NULL),('-','2023-02-02 11:54:08','-','2023-02-02 11:54:08',0,3687,1,1998,NULL,NULL,NULL,225,0,NULL),('-','2023-02-02 11:54:08','-','2023-02-02 11:54:08',0,3688,1,1999,NULL,NULL,NULL,225,0,NULL),('-','2023-02-02 11:54:08','-','2023-02-02 11:54:08',0,3689,1,2000,NULL,NULL,NULL,225,0,NULL),('-','2023-02-02 11:54:08','-','2023-02-02 11:54:08',0,3690,1,2001,NULL,NULL,NULL,225,0,NULL),('-','2023-02-02 11:54:08','-','2023-02-02 11:54:08',0,3691,1,2002,NULL,NULL,NULL,225,0,NULL),('-','2023-02-02 11:54:08','-','2023-02-02 11:54:08',0,3692,1,2009,NULL,NULL,NULL,108,0,NULL),('-','2023-02-02 11:54:08','-','2023-02-02 11:54:08',0,3693,1,2027,NULL,NULL,NULL,106,0,NULL),('-','2023-02-02 11:54:08','-','2023-02-02 11:54:08',0,3695,1,2037,NULL,NULL,NULL,107,0,NULL),('-','2023-02-02 11:54:08','-','2023-02-02 11:54:08',0,3696,1,2030,NULL,NULL,NULL,106,0,NULL),('-','2023-02-02 11:54:08','-','2023-02-02 11:54:08',0,3697,1,2038,NULL,NULL,NULL,106,0,NULL),('-','2023-02-02 11:54:08','-','2023-02-02 11:54:08',0,3698,1,2032,NULL,NULL,NULL,107,0,NULL),('-','2023-02-02 11:54:08','-','2023-02-02 11:54:08',0,3699,1,2033,NULL,NULL,NULL,104,0,NULL),('-','2023-02-02 11:54:08','-','2023-02-02 11:54:08',0,3700,1,2034,NULL,NULL,NULL,104,0,NULL),('-','2023-02-02 11:54:08','-','2023-02-02 11:54:08',0,3701,1,2035,NULL,NULL,NULL,104,0,NULL),('-','2023-02-02 11:54:08','-','2023-02-02 11:54:08',0,3702,1,2036,NULL,NULL,NULL,108,0,NULL),('-','2023-02-02 11:54:08','-','2023-02-02 11:54:08',0,3703,1,2020,NULL,NULL,NULL,101,0,NULL),('-','2023-02-02 11:54:08','-','2023-02-02 11:54:08',0,3704,1,2021,NULL,NULL,NULL,101,0,NULL),('-','2023-02-02 11:54:08','-','2023-02-02 11:54:08',0,3705,1,2022,NULL,NULL,NULL,101,0,NULL),('-','2023-02-02 11:54:08','-','2023-02-02 11:54:08',0,3706,1,2023,NULL,NULL,NULL,101,0,NULL),('-','2023-02-02 11:54:08','-','2023-02-02 11:54:08',0,3707,1,2024,NULL,NULL,NULL,107,0,NULL),('-','2023-02-02 11:54:08','-','2023-02-02 11:54:08',0,3708,1,2025,NULL,NULL,NULL,106,0,NULL),('-','2023-02-02 11:54:08','-','2023-02-02 11:54:08',0,3709,1,2026,NULL,NULL,NULL,107,0,NULL),('-','2023-02-02 11:54:08','-','2023-02-02 11:54:08',0,3710,1,2058,NULL,NULL,NULL,101,0,NULL),('-','2023-02-02 11:54:08','-','2023-02-02 11:54:08',0,3711,1,2059,NULL,NULL,NULL,108,0,NULL),('-','2023-02-02 11:54:08','-','2023-02-02 11:54:08',0,3712,1,2041,NULL,NULL,NULL,106,0,NULL),('-','2023-02-02 11:54:08','-','2023-02-02 11:54:08',0,3713,1,2042,NULL,NULL,NULL,196,0,NULL),('-','2023-02-02 11:54:08','-','2023-02-02 11:54:08',0,3714,1,2043,NULL,NULL,NULL,196,0,NULL),('-','2023-02-02 11:54:08','-','2023-02-02 11:54:08',0,3715,1,2044,NULL,NULL,NULL,196,0,NULL),('-','2023-02-02 11:54:08','-','2023-02-02 11:54:08',0,3716,1,2061,NULL,NULL,NULL,108,0,NULL),('-','2023-02-02 11:54:08','-','2023-02-02 11:54:08',0,3717,1,2046,NULL,NULL,NULL,107,0,NULL),('-','2023-02-02 11:54:08','-','2023-02-02 11:54:08',0,3718,1,2047,NULL,NULL,NULL,107,0,NULL),('-','2023-02-02 11:54:08','-','2023-02-02 11:54:08',0,3719,1,2062,NULL,NULL,NULL,108,0,NULL),('-','2023-02-02 11:54:08','-','2023-02-02 11:54:08',0,3720,1,2049,NULL,NULL,NULL,106,0,NULL),('-','2023-02-02 11:54:08','-','2023-02-02 11:54:08',0,3721,1,2050,NULL,NULL,NULL,101,0,NULL),('-','2023-02-02 11:54:08','-','2023-02-02 11:54:08',0,3722,1,2051,NULL,NULL,NULL,101,0,NULL),('-','2023-02-02 11:54:08','-','2023-02-02 11:54:08',0,3723,1,2052,NULL,NULL,NULL,107,0,NULL),('-','2023-02-02 11:54:08','-','2023-02-02 11:54:08',0,3724,1,2053,NULL,NULL,NULL,107,0,NULL),('-','2023-02-02 11:54:08','-','2023-02-02 11:54:08',0,3725,1,2054,NULL,NULL,NULL,106,0,NULL),('-','2023-02-02 11:54:08','-','2023-02-02 11:54:08',0,3726,1,2055,NULL,NULL,NULL,107,0,NULL),('-','2023-02-02 11:54:08','-','2023-02-02 11:54:08',0,3727,1,2056,NULL,NULL,NULL,106,0,NULL),('-','2023-02-02 11:54:08','-','2023-02-02 11:54:08',0,3728,1,2057,NULL,NULL,NULL,107,0,NULL),('-','2023-02-02 11:54:08','-','2023-02-02 11:54:08',0,3729,1,2060,NULL,NULL,NULL,108,0,NULL),('-','2023-02-02 11:54:08','-','2023-02-02 11:54:08',0,3730,1,2063,NULL,NULL,NULL,106,0,NULL),('-','2023-02-02 11:54:08','-','2023-02-02 11:54:08',0,3731,1,2064,NULL,NULL,NULL,107,0,NULL),('-','2023-02-02 11:54:08','-','2023-02-02 11:54:08',0,3732,1,2068,NULL,NULL,NULL,107,0,NULL),('-','2023-02-02 11:54:08','-','2023-02-02 11:54:08',0,3733,1,2066,NULL,NULL,NULL,107,0,NULL),('-','2023-02-02 11:54:08','-','2023-02-02 11:54:08',0,3734,1,2067,NULL,NULL,NULL,106,0,NULL),('-','2023-02-02 11:54:08','-','2023-02-02 11:54:08',0,3735,1,2069,NULL,NULL,NULL,106,0,NULL),('-','2023-02-02 11:54:08','-','2023-02-02 11:54:08',0,3736,1,2070,NULL,NULL,NULL,101,0,NULL),('-','2023-02-02 11:54:08','-','2023-02-02 11:54:08',0,3737,1,2071,NULL,NULL,NULL,106,0,NULL),('-','2023-02-02 11:54:08','-','2023-02-02 11:54:08',0,3738,1,2072,NULL,NULL,NULL,92,0,NULL),('-','2023-02-02 11:54:08','-','2023-02-02 11:54:08',0,3739,1,2073,NULL,NULL,NULL,92,0,NULL),('-','2023-02-02 11:54:08','-','2023-02-02 11:54:08',0,3740,1,2074,NULL,NULL,NULL,96,0,NULL),('-','2023-02-02 11:54:08','-','2023-02-02 11:54:08',0,3741,1,2075,NULL,NULL,NULL,96,0,NULL),('-','2023-02-02 11:54:08','-','2023-02-02 11:54:08',0,3742,1,2076,NULL,NULL,NULL,174,0,NULL),('-','2023-02-02 11:54:08','-','2023-02-02 11:54:08',0,3743,1,2078,NULL,NULL,NULL,174,0,NULL),('-','2023-02-02 11:54:08','-','2023-02-02 11:54:08',0,3744,1,2077,NULL,NULL,NULL,96,0,NULL),('-','2023-02-02 11:54:08','-','2023-02-02 11:54:08',0,3745,1,2079,NULL,NULL,NULL,124,0,NULL),('-','2023-02-02 11:54:08','-','2023-02-02 11:54:08',0,3746,1,2080,NULL,NULL,NULL,174,0,NULL),('-','2023-02-02 11:54:08','-','2023-02-02 11:54:08',0,3747,1,2081,NULL,NULL,NULL,174,0,NULL),('-','2023-02-02 11:54:08','-','2023-02-02 11:54:08',0,3748,1,2082,NULL,NULL,NULL,124,0,NULL),('-','2023-02-02 11:54:08','-','2023-02-02 11:54:08',0,3749,1,2083,NULL,NULL,NULL,214,0,NULL),('-','2023-02-02 11:54:08','-','2023-02-02 11:54:08',0,3750,1,2084,NULL,NULL,NULL,192,0,NULL),('-','2023-02-02 11:54:08','-','2023-02-02 11:54:08',0,3751,1,2085,NULL,NULL,NULL,192,0,NULL),('-','2023-02-02 11:54:08','-','2023-02-02 11:54:08',0,3752,1,2086,NULL,NULL,NULL,174,0,NULL),('-','2023-02-02 11:54:08','-','2023-02-02 11:54:08',0,3753,1,2087,NULL,NULL,NULL,174,0,NULL),('-','2023-02-02 11:54:08','-','2023-02-02 11:54:08',0,3754,1,2088,NULL,NULL,NULL,174,0,NULL),('-','2023-02-02 11:54:08','-','2023-02-02 11:54:08',0,3755,1,2089,NULL,NULL,NULL,124,0,NULL),('-','2023-02-02 11:54:08','-','2023-02-02 11:54:08',0,3756,1,2090,NULL,NULL,NULL,180,0,NULL),('-','2023-02-02 11:54:08','-','2023-02-02 11:54:08',0,3757,1,2091,NULL,NULL,NULL,174,0,NULL),('-','2023-02-02 11:54:08','-','2023-02-02 11:54:08',0,3758,1,2092,NULL,NULL,NULL,174,0,NULL),('-','2023-02-02 11:54:08','-','2023-02-02 11:54:08',0,3759,1,2093,NULL,NULL,NULL,92,0,NULL),('-','2023-02-02 11:54:08','-','2023-02-02 11:54:08',0,3760,1,2094,NULL,NULL,NULL,174,0,NULL),('-','2023-02-02 11:54:08','-','2023-02-02 11:54:08',0,3761,1,2095,NULL,NULL,NULL,124,0,NULL),('-','2023-02-02 11:54:08','-','2023-02-02 11:54:08',0,3762,1,2096,NULL,NULL,NULL,192,0,NULL),('-','2023-02-02 11:54:08','-','2023-02-02 11:54:08',0,3763,1,2097,NULL,NULL,NULL,192,0,NULL),('-','2023-02-02 11:54:08','-','2023-02-02 11:54:08',0,3764,1,2098,NULL,NULL,NULL,192,0,NULL),('-','2023-02-02 11:54:08','-','2023-02-02 11:54:08',0,3765,1,2099,NULL,NULL,NULL,96,0,NULL),('-','2023-02-02 11:54:08','-','2023-02-02 11:54:08',0,3766,1,2100,NULL,NULL,NULL,174,0,NULL),('-','2023-02-02 11:54:08','-','2023-02-02 11:54:08',0,3767,1,2101,NULL,NULL,NULL,192,0,NULL),('-','2023-02-02 11:54:08','-','2023-02-02 11:54:08',0,3768,1,2102,NULL,NULL,NULL,175,0,NULL),('-','2023-02-02 11:54:08','-','2023-02-02 11:54:08',0,3769,1,2103,NULL,NULL,NULL,192,0,NULL),('-','2023-02-02 11:54:08','-','2023-02-02 11:54:08',0,3770,1,2104,NULL,NULL,NULL,181,0,NULL),('-','2023-02-02 11:54:08','-','2023-02-02 11:54:08',0,3771,1,2107,NULL,NULL,NULL,92,0,NULL),('-','2023-02-02 11:54:08','-','2023-02-02 11:54:08',0,3772,1,2108,NULL,NULL,NULL,163,0,NULL),('-','2023-02-02 11:54:08','-','2023-02-02 11:54:08',0,3773,1,2109,NULL,NULL,NULL,174,0,NULL),('-','2023-02-02 11:54:08','-','2023-02-02 11:54:08',0,3774,1,2110,NULL,NULL,NULL,174,0,NULL),('-','2023-02-02 11:54:08','-','2023-02-02 11:54:08',0,3775,1,2111,NULL,NULL,NULL,181,0,NULL),('-','2023-02-02 11:54:08','-','2023-02-02 11:54:08',0,3776,1,2112,NULL,NULL,NULL,181,0,NULL),('-','2023-02-02 11:54:08','-','2023-02-02 11:54:08',0,3777,1,2113,NULL,NULL,NULL,92,0,NULL),('-','2023-02-02 11:54:08','-','2023-02-02 11:54:08',0,3778,1,2114,NULL,NULL,NULL,180,0,NULL),('-','2023-02-02 11:54:08','-','2023-02-02 11:54:08',0,3779,1,2115,NULL,NULL,NULL,92,0,NULL),('-','2023-02-02 11:54:08','-','2023-02-02 11:54:08',0,3780,1,2116,NULL,NULL,NULL,174,0,NULL),('-','2023-02-02 11:54:08','-','2023-02-02 11:54:08',0,3781,1,2117,NULL,NULL,NULL,92,0,NULL),('-','2023-02-02 11:54:08','-','2023-02-02 11:54:08',0,3782,1,2118,NULL,NULL,NULL,124,0,NULL),('-','2023-02-02 11:54:08','-','2023-02-02 11:54:08',0,3783,1,2119,NULL,NULL,NULL,174,0,NULL),('-','2023-02-02 11:54:08','-','2023-02-02 11:54:08',0,3784,1,2120,NULL,NULL,NULL,192,0,NULL),('-','2023-02-02 11:54:08','-','2023-02-02 11:54:08',0,3785,1,2121,NULL,NULL,NULL,180,0,NULL),('-','2023-02-02 11:54:08','-','2023-02-02 11:54:08',0,3786,1,2122,NULL,NULL,NULL,175,0,NULL),('-','2023-02-02 11:54:08','-','2023-02-02 11:54:08',0,3787,1,2123,NULL,NULL,NULL,173,0,NULL),('-','2023-02-02 11:54:08','-','2023-02-02 11:54:08',0,3788,1,2124,NULL,NULL,NULL,181,0,NULL),('-','2023-02-02 11:54:08','-','2023-02-02 11:54:08',0,3789,1,2125,NULL,NULL,NULL,174,0,NULL),('-','2023-02-02 11:54:08','-','2023-02-02 11:54:08',0,3790,1,2126,NULL,NULL,NULL,174,0,NULL),('-','2023-02-02 11:54:08','-','2023-02-02 11:54:08',0,3791,1,2127,NULL,NULL,NULL,174,0,NULL),('-','2023-02-02 11:54:08','-','2023-02-02 11:54:08',0,3792,1,2129,NULL,NULL,NULL,69,0,NULL),('-','2023-02-02 11:54:08','-','2023-02-02 11:54:08',0,3793,1,2130,NULL,NULL,NULL,174,0,NULL),('-','2023-02-02 11:54:08','-','2023-02-02 11:54:08',0,3794,1,2131,NULL,NULL,NULL,214,0,NULL),('-','2023-02-02 11:54:08','-','2023-02-02 11:54:08',0,3795,1,2132,NULL,NULL,NULL,124,0,NULL),('-','2023-02-02 11:54:08','-','2023-02-02 11:54:08',0,3796,1,2133,NULL,NULL,NULL,92,0,NULL),('-','2023-02-02 11:54:08','-','2023-02-02 11:54:08',0,3797,1,2134,NULL,NULL,NULL,192,0,NULL),('-','2023-02-02 11:54:08','-','2023-02-02 11:54:08',0,3798,1,2135,NULL,NULL,NULL,167,0,NULL),('-','2023-02-02 11:54:08','-','2023-02-02 11:54:08',0,3799,1,2136,NULL,NULL,NULL,107,0,NULL),('-','2023-02-02 11:54:08','-','2023-02-02 11:54:08',0,3800,1,2137,NULL,NULL,NULL,101,0,NULL),('-','2023-02-02 11:54:08','-','2023-02-02 11:54:08',0,3801,1,2138,NULL,NULL,NULL,107,0,NULL),('-','2023-02-02 11:54:08','-','2023-02-02 11:54:08',0,3802,1,2139,NULL,NULL,NULL,107,0,NULL),('-','2023-02-02 11:54:08','-','2023-02-02 11:54:08',0,3803,1,2140,NULL,NULL,NULL,107,0,NULL),('-','2023-02-02 11:54:08','-','2023-02-02 11:54:08',0,3804,1,2141,NULL,NULL,NULL,107,0,NULL),('-','2023-02-02 11:54:08','-','2023-02-02 11:54:08',0,3805,1,2142,NULL,NULL,NULL,106,0,NULL),('-','2023-02-02 11:54:08','-','2023-02-02 11:54:08',0,3806,1,2143,NULL,NULL,NULL,106,0,NULL),('-','2023-02-02 11:54:08','-','2023-02-02 11:54:08',0,3807,1,2144,NULL,NULL,NULL,106,0,NULL),('-','2023-02-02 11:54:08','-','2023-02-02 11:54:08',0,3808,1,2145,NULL,NULL,NULL,106,0,NULL),('-','2023-02-02 11:54:08','-','2023-02-02 11:54:08',0,3809,1,2146,NULL,NULL,NULL,106,0,NULL),('-','2023-02-02 11:54:08','-','2023-02-02 11:54:08',0,3810,1,2147,NULL,NULL,NULL,107,0,NULL),('-','2023-02-02 11:54:08','-','2023-02-02 11:54:08',0,3811,1,2148,NULL,NULL,NULL,106,0,NULL),('-','2023-02-02 11:54:08','-','2023-02-02 11:54:08',0,3812,1,2149,NULL,NULL,NULL,101,0,NULL),('-','2023-02-02 11:54:08','-','2023-02-02 11:54:08',0,3813,1,2150,NULL,NULL,NULL,108,0,NULL),('-','2023-02-02 11:54:08','-','2023-02-02 11:54:08',0,3814,1,2151,NULL,NULL,NULL,103,0,NULL),('-','2023-02-02 11:54:08','-','2023-02-02 11:54:08',0,3815,1,2152,NULL,NULL,NULL,137,0,NULL),('-','2023-02-02 11:54:08','-','2023-02-02 11:54:08',0,3816,1,2153,NULL,NULL,NULL,192,0,NULL),('-','2023-02-02 11:54:08','-','2023-02-02 11:54:08',0,3817,1,2154,NULL,NULL,NULL,192,0,NULL),('-','2023-02-02 11:54:08','-','2023-02-02 11:54:08',0,3818,1,2155,NULL,NULL,NULL,192,0,NULL),('-','2023-02-02 11:54:08','-','2023-02-02 11:54:08',0,3819,1,2156,NULL,NULL,NULL,112,0,NULL),('-','2023-02-02 11:54:08','-','2023-02-02 11:54:08',0,3820,1,2157,NULL,NULL,NULL,112,0,NULL),('-','2023-02-02 11:54:08','-','2023-02-02 11:54:08',0,3821,1,2158,NULL,NULL,NULL,114,0,NULL),('-','2023-02-02 11:54:08','-','2023-02-02 11:54:08',0,3822,1,2159,NULL,NULL,NULL,114,0,NULL),('-','2023-02-02 11:54:08','-','2023-02-02 11:54:08',0,3823,1,2160,NULL,NULL,NULL,114,0,NULL),('-','2023-02-02 11:54:08','-','2023-02-02 11:54:08',0,3824,1,2161,NULL,NULL,NULL,124,0,NULL),('-','2023-02-02 11:54:08','-','2023-02-02 11:54:08',0,3825,1,2162,NULL,NULL,NULL,124,0,NULL),('-','2023-02-02 11:54:08','-','2023-02-02 11:54:08',0,3826,1,2163,NULL,NULL,NULL,124,0,NULL),('-','2023-02-02 11:54:08','-','2023-02-02 11:54:08',0,3827,1,2164,NULL,NULL,NULL,124,0,NULL),('-','2023-02-02 11:54:08','-','2023-02-02 11:54:08',0,3828,1,2165,NULL,NULL,NULL,124,0,NULL),('-','2023-02-02 11:54:08','-','2023-02-02 11:54:08',0,3829,1,2166,NULL,NULL,NULL,124,0,NULL),('-','2023-02-02 11:54:08','-','2023-02-02 11:54:08',0,3830,1,2167,NULL,NULL,NULL,112,0,NULL),('-','2023-02-02 11:54:08','-','2023-02-02 11:54:08',0,3831,1,2168,NULL,NULL,NULL,114,0,NULL),('-','2023-02-02 11:54:08','-','2023-02-02 11:54:08',0,3832,1,2169,NULL,NULL,NULL,112,0,NULL),('-','2023-02-02 11:54:08','-','2023-02-02 11:54:08',0,3833,1,2170,NULL,NULL,NULL,114,0,NULL),('-','2023-02-02 11:54:08','-','2023-02-02 11:54:08',0,3834,1,2171,NULL,NULL,NULL,92,0,NULL),('-','2023-02-02 11:54:08','-','2023-02-02 11:54:08',0,3835,1,2172,NULL,NULL,NULL,92,0,NULL),('-','2023-02-02 11:54:08','-','2023-02-02 11:54:08',0,3836,1,2173,NULL,NULL,NULL,92,0,NULL),('-','2023-02-02 11:54:08','-','2023-02-02 11:54:08',0,3837,1,2174,NULL,NULL,NULL,92,0,NULL),('-','2023-02-02 11:54:08','-','2023-02-02 11:54:08',0,3838,1,2175,NULL,NULL,NULL,92,0,NULL),('-','2023-02-02 11:54:08','-','2023-02-02 11:54:08',0,3839,1,2176,NULL,NULL,NULL,92,0,NULL),('-','2023-02-02 11:54:08','-','2023-02-02 11:54:08',0,3840,1,2177,NULL,NULL,NULL,92,0,NULL),('-','2023-02-02 11:54:08','-','2023-02-02 11:54:08',0,3841,1,2178,NULL,NULL,NULL,92,0,NULL),('-','2023-02-02 11:54:08','-','2023-02-02 11:54:08',0,3842,1,2179,NULL,NULL,NULL,92,0,NULL),('-','2023-02-02 11:54:08','-','2023-02-02 11:54:08',0,3843,1,2180,NULL,NULL,NULL,92,0,NULL),('-','2023-02-02 11:54:08','-','2023-02-02 11:54:08',0,3844,1,2181,NULL,NULL,NULL,92,0,NULL),('-','2023-02-02 11:54:08','-','2023-02-02 11:54:08',0,3845,1,2182,NULL,NULL,NULL,92,0,NULL),('-','2023-02-02 11:54:08','-','2023-02-02 11:54:08',0,3846,1,2183,NULL,NULL,NULL,92,0,NULL),('-','2023-02-02 11:54:08','-','2023-02-02 11:54:08',0,3847,1,2184,NULL,NULL,NULL,187,0,NULL),('-','2023-02-02 11:54:08','-','2023-02-02 11:54:08',0,3848,1,2185,NULL,NULL,NULL,187,0,NULL),('-','2023-02-02 11:54:08','-','2023-02-02 11:54:08',0,3849,1,2186,NULL,NULL,NULL,187,0,NULL),('-','2023-02-02 11:54:08','-','2023-02-02 11:54:08',0,3850,1,2187,NULL,NULL,NULL,187,0,NULL),('-','2023-02-02 11:54:08','-','2023-02-02 11:54:08',0,3851,1,2188,NULL,NULL,NULL,187,0,NULL),('-','2023-02-02 11:54:08','-','2023-02-02 11:54:08',0,3852,1,2189,NULL,NULL,NULL,187,0,NULL),('-','2023-02-02 11:54:08','-','2023-02-02 11:54:08',0,3853,1,2190,NULL,NULL,NULL,187,0,NULL),('-','2023-02-02 11:54:08','-','2023-02-02 11:54:08',0,3854,1,2191,NULL,NULL,NULL,187,0,NULL),('-','2023-02-02 11:54:08','-','2023-02-02 11:54:08',0,3855,1,2192,NULL,NULL,NULL,187,0,NULL),('-','2023-02-02 11:54:08','-','2023-02-02 11:54:08',0,3856,1,2193,NULL,NULL,NULL,187,0,NULL),('-','2023-02-02 11:54:08','-','2023-02-02 11:54:08',0,3857,1,2194,NULL,NULL,NULL,187,0,NULL),('-','2023-02-02 11:54:08','-','2023-02-02 11:54:08',0,3858,1,2195,NULL,NULL,NULL,187,0,NULL),('-','2023-02-02 11:54:08','-','2023-02-02 11:54:08',0,3859,1,2196,NULL,NULL,NULL,187,0,NULL),('-','2023-02-02 11:54:08','-','2023-02-02 11:54:08',0,3860,1,2197,NULL,NULL,NULL,187,0,NULL),('-','2023-02-02 11:54:08','-','2023-02-02 11:54:08',0,3861,1,2198,NULL,NULL,NULL,112,0,NULL),('-','2023-02-02 11:54:08','-','2023-02-02 11:54:08',0,3862,1,2199,NULL,NULL,NULL,112,0,NULL),('-','2023-02-02 11:54:08','-','2023-02-02 11:54:08',0,3863,1,2200,NULL,NULL,NULL,112,0,NULL),('-','2023-02-02 11:54:08','-','2023-02-02 11:54:08',0,3864,1,2201,NULL,NULL,NULL,112,0,NULL),('-','2023-02-02 11:54:08','-','2023-02-02 11:54:08',0,3865,1,2202,NULL,NULL,NULL,112,0,NULL),('-','2023-02-02 11:54:08','-','2023-02-02 11:54:08',0,3866,1,2203,NULL,NULL,NULL,112,0,NULL),('-','2023-02-02 11:54:08','-','2023-02-02 11:54:08',0,3867,1,2204,NULL,NULL,NULL,112,0,NULL),('-','2023-02-02 11:54:08','-','2023-02-02 11:54:08',0,3868,1,2205,NULL,NULL,NULL,112,0,NULL),('-','2023-02-02 11:54:08','-','2023-02-02 11:54:08',0,3869,1,2206,NULL,NULL,NULL,112,0,NULL),('-','2023-02-02 11:54:08','-','2023-02-02 11:54:08',0,3870,1,2207,NULL,NULL,NULL,114,0,NULL),('-','2023-02-02 11:54:08','-','2023-02-02 11:54:08',0,3871,1,2208,NULL,NULL,NULL,114,0,NULL),('-','2023-02-02 11:54:08','-','2023-02-02 11:54:08',0,3872,1,2209,NULL,NULL,NULL,114,0,NULL),('-','2023-02-02 11:54:08','-','2023-02-02 11:54:08',0,3873,1,2210,NULL,NULL,NULL,114,0,NULL),('-','2023-02-02 11:54:08','-','2023-02-02 11:54:08',0,3874,1,2211,NULL,NULL,NULL,114,0,NULL),('-','2023-02-02 11:54:08','-','2023-02-02 11:54:08',0,3875,1,2212,NULL,NULL,NULL,114,0,NULL),('-','2023-02-02 11:54:08','-','2023-02-02 11:54:08',0,3876,1,2213,NULL,NULL,NULL,114,0,NULL),('-','2023-02-02 11:54:08','-','2023-02-02 11:54:08',0,3877,1,2214,NULL,NULL,NULL,114,0,NULL),('-','2023-02-02 11:54:08','-','2023-02-02 11:54:08',0,3878,1,2215,NULL,NULL,NULL,124,0,NULL),('-','2023-02-02 11:54:08','-','2023-02-02 11:54:08',0,3879,1,2216,NULL,NULL,NULL,124,0,NULL),('-','2023-02-02 11:54:08','-','2023-02-02 11:54:08',0,3880,1,2217,NULL,NULL,NULL,124,0,NULL),('-','2023-02-02 11:54:08','-','2023-02-02 11:54:08',0,3881,1,2218,NULL,NULL,NULL,124,0,NULL),('-','2023-02-02 11:54:08','-','2023-02-02 11:54:08',0,3882,1,2219,NULL,NULL,NULL,124,0,NULL),('-','2023-02-02 11:54:08','-','2023-02-02 11:54:08',0,3883,1,2220,NULL,NULL,NULL,124,0,NULL),('-','2023-02-02 11:54:08','-','2023-02-02 11:54:08',0,3884,1,2221,NULL,NULL,NULL,124,0,NULL),('-','2023-02-02 11:54:08','-','2023-02-02 11:54:08',0,3885,1,2222,NULL,NULL,NULL,124,0,NULL),('-','2023-02-02 11:54:08','-','2023-02-02 11:54:08',0,3886,1,2223,NULL,NULL,NULL,124,0,NULL),('-','2023-02-02 11:54:08','-','2023-02-02 11:54:08',0,3887,1,2224,NULL,NULL,NULL,124,0,NULL),('-','2023-02-02 11:54:08','-','2023-02-02 11:54:08',0,3888,1,2225,NULL,NULL,NULL,124,0,NULL),('-','2023-02-02 11:54:08','-','2023-02-02 11:54:08',0,3889,1,2226,NULL,NULL,NULL,124,0,NULL),('-','2023-02-02 11:54:08','-','2023-02-02 11:54:08',0,3890,1,2227,NULL,NULL,NULL,124,0,NULL),('-','2023-02-02 11:54:08','-','2023-02-02 11:54:08',0,3891,1,2228,NULL,NULL,NULL,124,0,NULL),('-','2023-02-02 11:54:08','-','2023-02-02 11:54:08',0,3892,1,2229,NULL,NULL,NULL,92,0,NULL),('-','2023-02-02 11:54:08','-','2023-02-02 11:54:08',0,3893,1,2230,NULL,NULL,NULL,92,0,NULL),('-','2023-02-02 11:54:08','-','2023-02-02 11:54:08',0,3894,1,2231,NULL,NULL,NULL,92,0,NULL),('-','2023-02-02 11:54:08','-','2023-02-02 11:54:08',0,3895,1,2232,NULL,NULL,NULL,92,0,NULL),('-','2023-02-02 11:54:08','-','2023-02-02 11:54:08',0,3896,1,2233,NULL,NULL,NULL,92,0,NULL),('-','2023-02-02 11:54:08','-','2023-02-02 11:54:08',0,3897,1,2234,NULL,NULL,NULL,92,0,NULL),('-','2023-02-02 11:54:08','-','2023-02-02 11:54:08',0,3898,1,2235,NULL,NULL,NULL,92,0,NULL),('-','2023-02-02 11:54:08','-','2023-02-02 11:54:08',0,3899,1,2236,NULL,NULL,NULL,92,0,NULL),('-','2023-02-02 11:54:08','-','2023-02-02 11:54:08',0,3900,1,2237,NULL,NULL,NULL,92,0,NULL),('-','2023-02-02 11:54:08','-','2023-02-02 11:54:08',0,3901,1,2238,NULL,NULL,NULL,92,0,NULL),('-','2023-02-02 11:54:08','-','2023-02-02 11:54:08',0,3902,1,2239,NULL,NULL,NULL,92,0,NULL),('-','2023-02-02 11:54:08','-','2023-02-02 11:54:08',0,3904,1,2241,NULL,NULL,NULL,92,0,NULL),('-','2023-02-02 11:54:08','-','2023-02-02 11:54:08',0,3905,1,2242,NULL,NULL,NULL,92,0,NULL),('-','2023-02-02 11:54:08','-','2023-02-02 11:54:08',0,3906,1,2243,NULL,NULL,NULL,92,0,NULL),('-','2023-02-02 11:54:08','-','2023-02-02 11:54:08',0,3907,1,2244,NULL,NULL,NULL,92,0,NULL),('-','2023-02-02 11:54:08','-','2023-02-02 11:54:08',0,3908,1,2245,NULL,NULL,NULL,92,0,NULL),('-','2023-02-02 11:54:08','-','2023-02-02 11:54:08',0,3909,1,2246,NULL,NULL,NULL,92,0,NULL),('-','2023-02-02 11:54:08','-','2023-02-02 11:54:08',0,3910,1,2247,NULL,NULL,NULL,187,0,NULL),('-','2023-02-02 11:54:08','-','2023-02-02 11:54:08',0,3911,1,2248,NULL,NULL,NULL,187,0,NULL),('-','2023-02-02 11:54:08','-','2023-02-02 11:54:08',0,3912,1,2249,NULL,NULL,NULL,187,0,NULL),('-','2023-02-02 11:54:08','-','2023-02-02 11:54:08',0,3913,1,2250,NULL,NULL,NULL,187,0,NULL),('-','2023-02-02 11:54:08','-','2023-02-02 11:54:08',0,3914,1,2251,NULL,NULL,NULL,187,0,NULL),('-','2023-02-02 11:54:08','-','2023-02-02 11:54:08',0,3915,1,2252,NULL,NULL,NULL,187,0,NULL),('-','2023-02-02 11:54:08','-','2023-02-02 11:54:08',0,3916,1,2253,NULL,NULL,NULL,187,0,NULL),('-','2023-02-02 11:54:08','-','2023-02-02 11:54:08',0,3917,1,2254,NULL,NULL,NULL,187,0,NULL),('-','2023-02-02 11:54:08','-','2023-02-02 11:54:08',0,3918,1,2255,NULL,NULL,NULL,187,0,NULL),('-','2023-02-02 11:54:08','-','2023-02-02 11:54:08',0,3919,1,2256,NULL,NULL,NULL,187,0,NULL),('-','2023-02-02 11:54:08','-','2023-02-02 11:54:08',0,3920,1,2257,NULL,NULL,NULL,187,0,NULL),('-','2023-02-02 11:54:08','-','2023-02-02 11:54:08',0,3921,1,2258,NULL,NULL,NULL,187,0,NULL),('-','2023-02-02 11:54:08','-','2023-02-02 11:54:08',0,3922,1,2259,NULL,NULL,NULL,187,0,NULL),('-','2023-02-02 11:54:08','-','2023-02-02 11:54:08',0,3923,1,2260,NULL,NULL,NULL,187,0,NULL),('-','2023-02-02 11:54:08','-','2023-02-02 11:54:08',0,3924,1,2261,NULL,NULL,NULL,187,0,NULL),('-','2023-02-02 11:54:08','-','2023-02-02 11:54:08',0,3925,1,2262,NULL,NULL,NULL,92,0,NULL),('-','2023-02-02 11:54:08','-','2023-02-02 11:54:08',0,3926,1,2264,NULL,NULL,NULL,112,0,NULL),('-','2023-02-02 11:54:08','-','2023-02-02 11:54:08',0,3927,1,2265,NULL,NULL,NULL,112,0,NULL),('-','2023-02-02 11:54:08','-','2023-02-02 11:54:08',0,3928,1,2266,NULL,NULL,NULL,114,0,NULL),('-','2023-02-02 11:54:08','-','2023-02-02 11:54:08',0,3929,1,2267,NULL,NULL,NULL,112,0,NULL),('-','2023-02-02 11:54:08','-','2023-02-02 11:54:08',0,3930,1,2268,NULL,NULL,NULL,112,0,NULL),('-','2023-02-02 11:54:08','-','2023-02-02 11:54:08',0,3931,1,2269,NULL,NULL,NULL,112,0,NULL),('-','2023-02-02 11:54:08','-','2023-02-02 11:54:08',0,3932,1,2270,NULL,NULL,NULL,112,0,NULL),('-','2023-02-02 11:54:08','-','2023-02-02 11:54:08',0,3933,1,2271,NULL,NULL,NULL,112,0,NULL),('-','2023-02-02 11:54:08','-','2023-02-02 11:54:08',0,3934,1,2272,NULL,NULL,NULL,112,0,NULL),('-','2023-02-02 11:54:08','-','2023-02-02 11:54:08',0,3935,1,2273,NULL,NULL,NULL,112,0,NULL),('-','2023-02-02 11:54:08','-','2023-02-02 11:54:08',0,3936,1,2274,NULL,NULL,NULL,112,0,NULL),('-','2023-02-02 11:54:08','-','2023-02-02 11:54:08',0,3937,1,2275,NULL,NULL,NULL,112,0,NULL),('-','2023-02-02 11:54:08','-','2023-02-02 11:54:08',0,3938,1,2276,NULL,NULL,NULL,112,0,NULL),('-','2023-02-02 11:54:08','-','2023-02-02 11:54:08',0,3939,1,2277,NULL,NULL,NULL,112,0,NULL),('-','2023-02-02 11:54:08','-','2023-02-02 11:54:08',0,3940,1,2278,NULL,NULL,NULL,112,0,NULL),('-','2023-02-02 11:54:08','-','2023-02-02 11:54:08',0,3941,1,2279,NULL,NULL,NULL,112,0,NULL),('-','2023-02-02 11:54:08','-','2023-02-02 11:54:08',0,3942,1,2280,NULL,NULL,NULL,112,0,NULL),('-','2023-02-02 11:54:08','-','2023-02-02 11:54:08',0,3943,1,2281,NULL,NULL,NULL,112,0,NULL),('-','2023-02-02 11:54:08','-','2023-02-02 11:54:08',0,3944,1,2282,NULL,NULL,NULL,112,0,NULL),('-','2023-02-02 11:54:08','-','2023-02-02 11:54:08',0,3945,1,2283,NULL,NULL,NULL,112,0,NULL),('-','2023-02-02 11:54:08','-','2023-02-02 11:54:08',0,3946,1,2284,NULL,NULL,NULL,112,0,NULL),('-','2023-02-02 11:54:08','-','2023-02-02 11:54:08',0,3947,1,2285,NULL,NULL,NULL,114,0,NULL),('-','2023-02-02 11:54:08','-','2023-02-02 11:54:08',0,3948,1,2286,NULL,NULL,NULL,114,0,NULL),('-','2023-02-02 11:54:08','-','2023-02-02 11:54:08',0,3949,1,2287,NULL,NULL,NULL,114,0,NULL),('-','2023-02-02 11:54:08','-','2023-02-02 11:54:08',0,3950,1,2288,NULL,NULL,NULL,114,0,NULL),('-','2023-02-02 11:54:08','-','2023-02-02 11:54:08',0,3951,1,2289,NULL,NULL,NULL,114,0,NULL),('-','2023-02-02 11:54:08','-','2023-02-02 11:54:08',0,3952,1,2290,NULL,NULL,NULL,114,0,NULL),('-','2023-02-02 11:54:08','-','2023-02-02 11:54:08',0,3953,1,2291,NULL,NULL,NULL,114,0,NULL),('-','2023-02-02 11:54:08','-','2023-02-02 11:54:08',0,3954,1,2292,NULL,NULL,NULL,114,0,NULL),('-','2023-02-02 11:54:08','-','2023-02-02 11:54:08',0,3955,1,2293,NULL,NULL,NULL,114,0,NULL),('-','2023-02-02 11:54:08','-','2023-02-02 11:54:08',0,3956,1,2294,NULL,NULL,NULL,114,0,NULL),('-','2023-02-02 11:54:08','-','2023-02-02 11:54:08',0,3957,1,2295,NULL,NULL,NULL,114,0,NULL),('-','2023-02-02 11:54:08','-','2023-02-02 11:54:08',0,3958,1,2296,NULL,NULL,NULL,114,0,NULL),('-','2023-02-02 11:54:08','-','2023-02-02 11:54:08',0,3959,1,2297,NULL,NULL,NULL,114,0,NULL),('-','2023-02-02 11:54:08','-','2023-02-02 11:54:08',0,3960,1,2298,NULL,NULL,NULL,114,0,NULL),('-','2023-02-02 11:54:08','-','2023-02-02 11:54:08',0,3961,1,2299,NULL,NULL,NULL,114,0,NULL),('-','2023-02-02 11:54:08','-','2023-02-02 11:54:08',0,3962,1,2300,NULL,NULL,NULL,92,0,NULL),('-','2023-02-02 11:54:08','-','2023-02-02 11:54:08',0,3963,1,2301,NULL,NULL,NULL,92,0,NULL),('-','2023-02-02 11:54:08','-','2023-02-02 11:54:08',0,3964,1,2302,NULL,NULL,NULL,92,0,NULL),('-','2023-02-02 11:54:08','-','2023-02-02 11:54:08',0,3965,1,2303,NULL,NULL,NULL,92,0,NULL),('-','2023-02-02 11:54:08','-','2023-02-02 11:54:08',0,3966,1,2304,NULL,NULL,NULL,92,0,NULL),('-','2023-02-02 11:54:08','-','2023-02-02 11:54:08',0,3967,1,2305,NULL,NULL,NULL,92,0,NULL),('-','2023-02-02 11:54:08','-','2023-02-02 11:54:08',0,3968,1,2306,NULL,NULL,NULL,92,0,NULL),('-','2023-02-02 11:54:08','-','2023-02-02 11:54:08',0,3969,1,2307,NULL,NULL,NULL,92,0,NULL),('-','2023-02-02 11:54:08','-','2023-02-02 11:54:08',0,3970,1,2308,NULL,NULL,NULL,187,0,NULL),('-','2023-02-02 11:54:08','-','2023-02-02 11:54:08',0,3971,1,2309,NULL,NULL,NULL,187,0,NULL),('-','2023-02-02 11:54:08','-','2023-02-02 11:54:08',0,3972,1,2310,NULL,NULL,NULL,187,0,NULL),('-','2023-02-02 11:54:08','-','2023-02-02 11:54:08',0,3973,1,2311,NULL,NULL,NULL,187,0,NULL),('-','2023-02-02 11:54:08','-','2023-02-02 11:54:08',0,3974,1,2312,NULL,NULL,NULL,187,0,NULL),('-','2023-02-02 11:54:08','-','2023-02-02 11:54:08',0,3975,1,2313,NULL,NULL,NULL,187,0,NULL),('-','2023-02-02 11:54:08','-','2023-02-02 11:54:08',0,3976,1,2314,NULL,NULL,NULL,69,0,NULL),('-','2023-02-02 11:54:08','-','2023-02-02 11:54:08',0,3977,1,2315,NULL,NULL,NULL,69,0,NULL),('-','2023-02-02 11:54:08','-','2023-02-02 11:54:08',0,3978,1,2316,NULL,NULL,NULL,69,0,NULL),('-','2023-02-02 11:54:08','-','2023-02-02 11:54:08',0,3979,1,2317,NULL,NULL,NULL,69,0,NULL),('-','2023-02-02 11:54:08','-','2023-02-02 11:54:08',0,3980,1,2318,NULL,NULL,NULL,69,0,NULL),('-','2023-02-02 11:54:08','-','2023-02-02 11:54:08',0,3981,1,2319,NULL,NULL,NULL,69,0,NULL),('-','2023-02-02 11:54:08','-','2023-02-02 11:54:08',0,3982,1,2321,NULL,NULL,NULL,112,0,NULL),('-','2023-02-02 11:54:08','-','2023-02-02 11:54:08',0,3983,1,2322,NULL,NULL,NULL,112,0,NULL),('-','2023-02-02 11:54:08','-','2023-02-02 11:54:08',0,3984,1,2324,NULL,NULL,NULL,114,0,NULL),('-','2023-02-02 11:54:08','-','2023-02-02 11:54:08',0,3985,1,2325,NULL,NULL,NULL,192,0,NULL),('-','2023-02-02 11:54:08','-','2023-02-02 11:54:08',0,3986,1,2326,NULL,NULL,NULL,124,0,NULL),('-','2023-02-02 11:54:08','-','2023-02-02 11:54:08',0,3987,1,2327,NULL,NULL,NULL,192,0,NULL),('-','2023-02-02 11:54:08','-','2023-02-02 11:54:08',0,3988,1,2330,NULL,NULL,NULL,124,0,NULL),('','2023-02-02 11:54:08','-','2023-02-02 11:54:08',0,3989,1,2331,NULL,NULL,NULL,124,0,NULL),('-','2023-02-02 11:54:08','-','2023-02-02 11:54:08',0,3990,1,2332,NULL,NULL,NULL,124,0,NULL),('-','2023-02-02 11:54:08','-','2023-02-02 11:54:08',0,3991,1,2334,NULL,NULL,NULL,92,0,NULL),('-','2023-02-02 11:54:08','-','2023-02-02 11:54:08',0,3992,1,2335,NULL,NULL,NULL,192,0,NULL),('-','2023-02-02 11:54:08','-','2023-02-02 11:54:08',0,3993,1,2336,NULL,NULL,NULL,192,0,NULL),('-','2023-02-02 11:54:08','-','2023-02-02 11:54:08',0,3994,1,2337,NULL,NULL,NULL,92,0,NULL),('-','2023-02-02 11:54:08','-','2023-02-02 11:54:08',0,3995,1,2338,NULL,NULL,NULL,187,0,NULL),('-','2023-02-02 11:54:08','-','2023-02-02 11:54:08',0,3996,1,2339,NULL,NULL,NULL,92,0,NULL),('-','2023-02-02 11:54:08','-','2023-02-02 11:54:08',0,3997,1,2340,NULL,NULL,NULL,124,0,NULL),('-','2023-02-02 11:54:08','-','2023-02-02 11:54:08',0,3998,1,2341,NULL,NULL,NULL,124,0,NULL),('-','2023-02-02 11:54:08','-','2023-02-02 11:54:08',0,3999,1,2342,NULL,NULL,NULL,112,0,NULL),('-','2023-02-02 11:54:08','-','2023-02-02 11:54:08',0,4000,1,2343,NULL,NULL,NULL,112,0,NULL),('-','2023-02-02 11:54:08','-','2023-02-02 11:54:08',0,4001,1,2344,NULL,NULL,NULL,112,0,NULL),('-','2023-02-02 11:54:08','-','2023-02-02 11:54:08',0,4002,1,2345,NULL,NULL,NULL,112,0,NULL),('-','2023-02-02 11:54:08','-','2023-02-02 11:54:08',0,4003,1,2346,NULL,NULL,NULL,114,0,NULL),('-','2023-02-02 11:54:08','-','2023-02-02 11:54:08',0,4004,1,2347,NULL,NULL,NULL,114,0,NULL),('-','2023-02-02 11:54:08','-','2023-02-02 11:54:08',0,4005,1,2348,NULL,NULL,NULL,114,0,NULL),('-','2023-02-02 11:54:08','-','2023-02-02 11:54:08',0,4006,1,2349,NULL,NULL,NULL,114,0,NULL),('-','2023-02-02 11:54:08','-','2023-02-02 11:54:08',0,4007,1,2350,NULL,NULL,NULL,124,0,NULL),('-','2023-02-02 11:54:08','-','2023-02-02 11:54:08',0,4008,1,2351,NULL,NULL,NULL,124,0,NULL),('-','2023-02-02 11:54:08','-','2023-02-02 11:54:08',0,4009,1,2352,NULL,NULL,NULL,124,0,NULL),('-','2023-02-02 11:54:08','-','2023-02-02 11:54:08',0,4010,1,2353,NULL,NULL,NULL,124,0,NULL),('-','2023-02-02 11:54:08','-','2023-02-02 11:54:08',0,4011,1,2354,NULL,NULL,NULL,124,0,NULL),('-','2023-02-02 11:54:08','-','2023-02-02 11:54:08',0,4012,1,2355,NULL,NULL,NULL,92,0,NULL),('-','2023-02-02 11:54:08','-','2023-02-02 11:54:08',0,4013,1,2356,NULL,NULL,NULL,112,0,NULL),('-','2023-02-02 11:54:08','-','2023-02-02 11:54:08',0,4014,1,2357,NULL,NULL,NULL,112,0,NULL),('-','2023-02-02 11:54:08','-','2023-02-02 11:54:08',0,4015,1,2358,NULL,NULL,NULL,112,0,NULL),('-','2023-02-02 11:54:08','-','2023-02-02 11:54:08',0,4016,1,2359,NULL,NULL,NULL,92,0,NULL),('-','2023-02-02 11:54:08','-','2023-02-02 11:54:08',0,4017,1,2323,NULL,NULL,NULL,114,0,NULL),('-','2023-02-02 11:54:08','-','2023-02-02 11:54:08',0,4018,1,2333,NULL,NULL,NULL,92,0,NULL),('-','2023-02-02 11:54:08','-','2023-02-02 11:54:08',0,4019,1,2360,NULL,NULL,NULL,92,0,NULL),('-','2023-02-02 11:54:08','-','2023-02-02 11:54:08',0,4020,1,2361,NULL,NULL,NULL,92,0,NULL),('-','2023-02-02 11:54:08','-','2023-02-02 11:54:08',0,4021,1,2362,NULL,NULL,NULL,92,0,NULL),('-','2023-02-02 11:54:08','-','2023-02-02 11:54:08',0,4022,1,2363,NULL,NULL,NULL,187,0,NULL),('-','2023-02-02 11:54:08','-','2023-02-02 11:54:08',0,4023,1,2364,NULL,NULL,NULL,187,0,NULL),('-','2023-02-02 11:54:08','-','2023-02-02 11:54:08',0,4024,1,2365,NULL,NULL,NULL,187,0,NULL),('-','2023-02-02 11:54:08','-','2023-02-02 11:54:08',0,4025,1,2366,NULL,NULL,NULL,187,0,NULL),('-','2023-02-02 11:54:08','-','2023-02-02 11:54:08',0,4026,1,2367,NULL,NULL,NULL,112,0,NULL),('-','2023-02-02 11:54:08','-','2023-02-02 11:54:08',0,4027,1,2368,NULL,NULL,NULL,112,0,NULL),('-','2023-02-02 11:54:08','-','2023-02-02 11:54:08',0,4028,1,2369,NULL,NULL,NULL,112,0,NULL),('-','2023-02-02 11:54:08','-','2023-02-02 11:54:08',0,4029,1,2370,NULL,NULL,NULL,112,0,NULL),('-','2023-02-02 11:54:08','-','2023-02-02 11:54:08',0,4030,1,2371,NULL,NULL,NULL,114,0,NULL),('-','2023-02-02 11:54:08','-','2023-02-02 11:54:08',0,4031,1,2372,NULL,NULL,NULL,114,0,NULL),('-','2023-02-02 11:54:08','-','2023-02-02 11:54:08',0,4032,1,2373,NULL,NULL,NULL,114,0,NULL),('-','2023-02-02 11:54:08','-','2023-02-02 11:54:08',0,4033,1,2374,NULL,NULL,NULL,114,0,NULL),('-','2023-02-02 11:54:08','-','2023-02-02 11:54:08',0,4034,1,2375,NULL,NULL,NULL,112,0,NULL),('-','2023-02-02 11:54:08','-','2023-02-02 11:54:08',0,4035,1,2376,NULL,NULL,NULL,112,0,NULL),('-','2023-02-02 11:54:08','-','2023-02-02 11:54:08',0,4036,1,2377,NULL,NULL,NULL,112,0,NULL),('-','2023-02-02 11:54:08','-','2023-02-02 11:54:08',0,4037,1,2378,NULL,NULL,NULL,112,0,NULL),('-','2023-02-02 11:54:08','-','2023-02-02 11:54:08',0,4038,1,2379,NULL,NULL,NULL,112,0,NULL),('-','2023-02-02 11:54:08','-','2023-02-02 11:54:08',0,4039,1,2380,NULL,NULL,NULL,112,0,NULL),('-','2023-02-02 11:54:08','-','2023-02-02 11:54:08',0,4040,1,2381,NULL,NULL,NULL,112,0,NULL),('-','2023-02-02 11:54:08','-','2023-02-02 11:54:08',0,4041,1,2382,NULL,NULL,NULL,112,0,NULL),('-','2023-02-02 11:54:08','-','2023-02-02 11:54:08',0,4042,1,2383,NULL,NULL,NULL,112,0,NULL),('-','2023-02-02 11:54:08','-','2023-02-02 11:54:08',0,4043,1,2384,NULL,NULL,NULL,112,0,NULL),('-','2023-02-02 11:54:08','-','2023-02-02 11:54:08',0,4044,1,2385,NULL,NULL,NULL,112,0,NULL),('-','2023-02-02 11:54:08','-','2023-02-02 11:54:08',0,4045,1,2386,NULL,NULL,NULL,112,0,NULL),('-','2023-02-02 11:54:08','-','2023-02-02 11:54:08',0,4046,1,2387,NULL,NULL,NULL,112,0,NULL),('-','2023-02-02 11:54:08','-','2023-02-02 11:54:08',0,4047,1,2388,NULL,NULL,NULL,112,0,NULL),('-','2023-02-02 11:54:08','-','2023-02-02 11:54:08',0,4048,1,2389,NULL,NULL,NULL,112,0,NULL),('-','2023-02-02 11:54:08','-','2023-02-02 11:54:08',0,4049,1,2390,NULL,NULL,NULL,112,0,NULL),('-','2023-02-02 11:54:08','-','2023-02-02 11:54:08',0,4050,1,2391,NULL,NULL,NULL,112,0,NULL),('-','2023-02-02 11:54:08','-','2023-02-02 11:54:08',0,4051,1,2392,NULL,NULL,NULL,112,0,NULL),('-','2023-02-02 11:54:08','-','2023-02-02 11:54:08',0,4052,1,2393,NULL,NULL,NULL,112,0,NULL),('-','2023-02-02 11:54:08','-','2023-02-02 11:54:08',0,4053,1,2394,NULL,NULL,NULL,112,0,NULL),('-','2023-02-02 11:54:08','-','2023-02-02 11:54:08',0,4054,1,2395,NULL,NULL,NULL,112,0,NULL),('-','2023-02-02 11:54:08','-','2023-02-02 11:54:08',0,4055,1,2396,NULL,NULL,NULL,112,0,NULL),('-','2023-02-02 11:54:08','-','2023-02-02 11:54:08',0,4056,1,2397,NULL,NULL,NULL,114,0,NULL),('-','2023-02-02 11:54:08','-','2023-02-02 11:54:08',0,4057,1,2398,NULL,NULL,NULL,114,0,NULL),('-','2023-02-02 11:54:08','-','2023-02-02 11:54:08',0,4058,1,2399,NULL,NULL,NULL,114,0,NULL),('-','2023-02-02 11:54:08','-','2023-02-02 11:54:08',0,4059,1,2400,NULL,NULL,NULL,114,0,NULL),('-','2023-02-02 11:54:08','-','2023-02-02 11:54:08',0,4060,1,2401,NULL,NULL,NULL,114,0,NULL),('-','2023-02-02 11:54:08','-','2023-02-02 11:54:08',0,4061,1,2402,NULL,NULL,NULL,114,0,NULL),('-','2023-02-02 11:54:08','-','2023-02-02 11:54:08',0,4062,1,2403,NULL,NULL,NULL,114,0,NULL),('-','2023-02-02 11:54:08','-','2023-02-02 11:54:08',0,4063,1,2404,NULL,NULL,NULL,114,0,NULL),('-','2023-02-02 11:54:08','-','2023-02-02 11:54:08',0,4064,1,2405,NULL,NULL,NULL,114,0,NULL),('-','2023-02-02 11:54:08','-','2023-02-02 11:54:08',0,4065,1,2406,NULL,NULL,NULL,114,0,NULL),('-','2023-02-02 11:54:08','-','2023-02-02 11:54:08',0,4066,1,2407,NULL,NULL,NULL,114,0,NULL),('-','2023-02-02 11:54:08','-','2023-02-02 11:54:08',0,4067,1,2408,NULL,NULL,NULL,114,0,NULL),('-','2023-02-02 11:54:08','-','2023-02-02 11:54:08',0,4068,1,2409,NULL,NULL,NULL,114,0,NULL),('-','2023-02-02 11:54:08','-','2023-02-02 11:54:08',0,4069,1,2410,NULL,NULL,NULL,114,0,NULL),('-','2023-02-02 11:54:08','-','2023-02-02 11:54:08',0,4070,1,2411,NULL,NULL,NULL,114,0,NULL),('-','2023-02-02 11:54:08','-','2023-02-02 11:54:08',0,4071,1,2412,NULL,NULL,NULL,114,0,NULL),('-','2023-02-02 11:54:08','-','2023-02-02 11:54:08',0,4072,1,2413,NULL,NULL,NULL,114,0,NULL),('-','2023-02-02 11:54:08','-','2023-02-02 11:54:08',0,4073,1,2414,NULL,NULL,NULL,114,0,NULL),('-','2023-02-02 11:54:08','-','2023-02-02 11:54:08',0,4074,1,2415,NULL,NULL,NULL,114,0,NULL),('-','2023-02-02 11:54:08','-','2023-02-02 11:54:08',0,4075,1,2416,NULL,NULL,NULL,114,0,NULL),('-','2023-02-02 11:54:08','-','2023-02-02 11:54:08',0,4076,1,2417,NULL,NULL,NULL,114,0,NULL),('-','2023-02-02 11:54:08','-','2023-02-02 11:54:08',0,4077,1,2418,NULL,NULL,NULL,114,0,NULL),('-','2023-02-02 11:54:08','-','2023-02-02 11:54:08',0,4078,1,2419,NULL,NULL,NULL,112,0,NULL),('-','2023-02-02 11:54:08','-','2023-02-02 11:54:08',0,4079,1,2420,NULL,NULL,NULL,114,0,NULL),('-','2023-02-02 11:54:08','-','2023-02-02 11:54:08',0,4080,1,2421,NULL,NULL,NULL,92,0,NULL),('-','2023-02-02 11:54:08','-','2023-02-02 11:54:08',0,4081,1,2422,NULL,NULL,NULL,92,0,NULL),('-','2023-02-02 11:54:08','-','2023-02-02 11:54:08',0,4082,1,2423,NULL,NULL,NULL,92,0,NULL),('-','2023-02-02 11:54:08','-','2023-02-02 11:54:08',0,4083,1,2424,NULL,NULL,NULL,92,0,NULL),('-','2023-02-02 11:54:08','-','2023-02-02 11:54:08',0,4084,1,2425,NULL,NULL,NULL,92,0,NULL),('-','2023-02-02 11:54:08','-','2023-02-02 11:54:08',0,4085,1,2426,NULL,NULL,NULL,92,0,NULL),('-','2023-02-02 11:54:08','-','2023-02-02 11:54:08',0,4086,1,2427,NULL,NULL,NULL,92,0,NULL),('-','2023-02-02 11:54:08','-','2023-02-02 11:54:08',0,4087,1,2428,NULL,NULL,NULL,187,0,NULL),('-','2023-02-02 11:54:08','-','2023-02-02 11:54:08',0,4088,1,2429,NULL,NULL,NULL,187,0,NULL),('-','2023-02-02 11:54:08','-','2023-02-02 11:54:08',0,4089,1,2430,NULL,NULL,NULL,187,0,NULL),('-','2023-02-02 11:54:08','-','2023-02-02 11:54:08',0,4090,1,2431,NULL,NULL,NULL,187,0,NULL),('-','2023-02-02 11:54:08','-','2023-02-02 11:54:08',0,4091,1,2432,NULL,NULL,NULL,187,0,NULL),('-','2023-02-02 11:54:08','-','2023-02-02 11:54:08',0,4092,1,2433,NULL,NULL,NULL,187,0,NULL),('-','2023-02-02 11:54:08','-','2023-02-02 11:54:08',0,4093,1,2434,NULL,NULL,NULL,187,0,NULL),('-','2023-02-02 11:54:08','-','2023-02-02 11:54:08',0,4094,1,2444,NULL,NULL,NULL,148,0,NULL),('-','2023-02-02 11:54:08','-','2023-02-02 11:54:08',0,4095,1,2445,NULL,NULL,NULL,148,0,NULL),('-','2023-02-02 11:54:08','-','2023-02-02 11:54:08',0,4096,1,2446,NULL,NULL,NULL,214,0,NULL),('-','2023-02-02 11:54:08','-','2023-02-02 11:54:08',0,4097,1,2447,NULL,NULL,NULL,92,0,NULL),('-','2023-02-02 11:54:08','-','2023-02-02 11:54:08',0,4098,1,2448,NULL,NULL,NULL,217,0,NULL),('-','2023-02-02 11:54:08','-','2023-02-02 11:54:08',0,4099,1,2449,NULL,NULL,NULL,217,0,NULL),('-','2023-02-02 11:54:08','-','2023-02-02 11:54:08',0,4100,1,2450,NULL,NULL,NULL,215,0,NULL),('-','2023-02-02 11:54:08','-','2023-02-02 11:54:08',0,4101,1,2451,NULL,NULL,NULL,215,0,NULL),('-','2023-02-02 11:54:08','-','2023-02-02 11:54:08',0,4102,1,2452,NULL,NULL,NULL,215,0,NULL),('-','2023-02-02 11:54:08','-','2023-02-02 11:54:08',0,4103,1,2453,NULL,NULL,NULL,215,0,NULL),('-','2023-02-02 11:54:08','-','2023-02-02 11:54:08',0,4104,1,2454,NULL,NULL,NULL,215,0,NULL),('-','2023-02-02 11:54:08','-','2023-02-02 11:54:08',0,4105,1,2455,NULL,NULL,NULL,215,0,NULL),('-','2023-02-02 11:54:08','-','2023-02-02 11:54:08',0,4106,1,2456,NULL,NULL,NULL,215,0,NULL),('-','2023-02-02 11:54:08','-','2023-02-02 11:54:08',0,4107,1,2457,NULL,NULL,NULL,215,0,NULL),('-','2023-02-02 11:54:08','-','2023-02-02 11:54:08',0,4108,1,2458,NULL,NULL,NULL,215,0,NULL),('-','2023-02-02 11:54:08','-','2023-02-02 11:54:08',0,4109,1,2459,NULL,NULL,NULL,215,0,NULL),('-','2023-02-02 11:54:08','-','2023-02-02 11:54:08',0,4110,1,2460,NULL,NULL,NULL,215,0,NULL),('-','2023-02-02 11:54:08','-','2023-02-02 11:54:08',0,4111,1,2461,NULL,NULL,NULL,215,0,NULL),('-','2023-02-02 11:54:08','-','2023-02-02 11:54:08',0,4112,1,2462,NULL,NULL,NULL,214,0,NULL),('-','2023-02-02 11:54:08','-','2023-02-02 11:54:08',0,4113,1,2463,NULL,NULL,NULL,214,0,NULL),('-','2023-02-02 11:54:08','-','2023-02-02 11:54:08',0,4114,1,2464,NULL,NULL,NULL,214,0,NULL),('-','2023-02-02 11:54:08','-','2023-02-02 11:54:08',0,4115,1,2465,NULL,NULL,NULL,214,0,NULL),('-','2023-02-02 11:54:08','-','2023-02-02 11:54:08',0,4116,1,2466,NULL,NULL,NULL,214,0,NULL),('-','2023-02-02 11:54:08','-','2023-02-02 11:54:08',0,4117,1,2467,NULL,NULL,NULL,214,0,NULL),('-','2023-02-02 11:54:08','-','2023-02-02 11:54:08',0,4118,1,2468,NULL,NULL,NULL,192,0,NULL),('-','2023-02-02 11:54:08','-','2023-02-02 11:54:08',0,4119,1,2470,NULL,NULL,NULL,214,0,NULL),('-','2023-02-02 11:54:08','-','2023-02-02 11:54:08',0,4120,1,2443,NULL,NULL,NULL,214,0,NULL),('-','2023-02-02 11:54:08','-','2023-02-02 11:54:08',0,4121,1,2471,NULL,NULL,NULL,214,0,NULL),('-','2023-02-02 11:54:08','-','2023-02-02 11:54:08',0,4122,1,2472,NULL,NULL,NULL,214,0,NULL),('-','2023-02-02 11:54:08','-','2023-02-02 11:54:08',0,4123,1,2473,NULL,NULL,NULL,214,0,NULL),('-','2023-02-02 11:54:08','-','2023-02-02 11:54:08',0,4124,1,2474,NULL,NULL,NULL,214,0,NULL),('-','2023-02-02 11:54:08','-','2023-02-02 11:54:08',0,4125,1,2475,NULL,NULL,NULL,214,0,NULL),('-','2023-02-02 11:54:08','-','2023-02-02 11:54:08',0,4126,1,2476,NULL,NULL,NULL,214,0,NULL),('-','2023-02-02 11:54:08','-','2023-02-02 11:54:08',0,4127,1,2477,NULL,NULL,NULL,214,0,NULL),('-','2023-02-02 11:54:08','-','2023-02-02 11:54:08',0,4128,1,2478,NULL,NULL,NULL,224,0,NULL),('-','2023-02-02 11:54:08','-','2023-02-02 11:54:08',0,4129,1,2479,NULL,NULL,NULL,192,0,NULL),('-','2023-02-02 11:54:08','-','2023-02-02 11:54:08',0,4130,1,2480,NULL,NULL,NULL,192,0,NULL),('-','2023-02-02 11:54:08','-','2023-02-02 11:54:08',0,4131,1,2481,NULL,NULL,NULL,148,0,NULL),('-','2023-02-02 11:54:08','-','2023-02-02 11:54:08',0,4132,1,2482,NULL,NULL,NULL,148,0,NULL),('-','2023-02-02 11:54:08','-','2023-02-02 11:54:08',0,4133,1,2483,NULL,NULL,NULL,214,0,NULL),('-','2023-02-02 11:54:08','-','2023-02-02 11:54:08',0,4134,1,2484,NULL,NULL,NULL,217,0,NULL),('-','2023-02-02 11:54:08','-','2023-02-02 11:54:08',0,4135,1,2485,NULL,NULL,NULL,148,0,NULL),('-','2023-02-02 11:54:08','-','2023-02-02 11:54:08',0,4136,1,2486,NULL,NULL,NULL,214,0,NULL),('-','2023-02-02 11:54:08','-','2023-02-02 11:54:08',0,4137,1,2487,NULL,NULL,NULL,214,0,NULL),('-','2023-02-02 11:54:08','-','2023-02-02 11:54:08',0,4138,1,2488,NULL,NULL,NULL,148,0,NULL),('-','2023-02-02 11:54:08','-','2023-02-02 11:54:08',0,4139,1,2489,NULL,NULL,NULL,214,0,NULL),('-','2023-02-02 11:54:08','-','2023-02-02 11:54:08',0,4141,1,2491,NULL,NULL,NULL,214,0,NULL),('-','2023-02-02 11:54:08','-','2023-02-02 11:54:08',0,4142,1,2492,NULL,NULL,NULL,148,0,NULL),('-','2023-02-02 11:54:08','-','2023-02-02 11:54:08',0,4143,1,2493,NULL,NULL,NULL,214,0,NULL),('-','2023-02-02 11:54:08','-','2023-02-02 11:54:08',0,4144,1,2494,NULL,NULL,NULL,214,0,NULL),('-','2023-02-02 11:54:08','-','2023-02-02 11:54:08',0,4145,1,2495,NULL,NULL,NULL,148,0,NULL),('-','2023-02-02 11:54:08','-','2023-02-02 11:54:08',0,4146,1,2496,NULL,NULL,NULL,148,0,NULL),('-','2023-02-02 11:54:08','-','2023-02-02 11:54:08',0,4147,1,2497,NULL,NULL,NULL,148,0,NULL),('-','2023-02-02 11:54:08','-','2023-02-02 11:54:08',0,4148,1,2498,NULL,NULL,NULL,214,0,NULL),('-','2023-02-02 11:54:08','-','2023-02-02 11:54:08',0,4149,1,2499,NULL,NULL,NULL,214,0,NULL),('-','2023-02-02 11:54:08','-','2023-02-02 11:54:08',0,4150,1,2500,NULL,NULL,NULL,148,0,NULL),('-','2023-02-02 11:54:08','-','2023-02-02 11:54:08',0,4151,1,2501,NULL,NULL,NULL,214,0,NULL),('-','2023-02-02 11:54:08','-','2023-02-02 11:54:08',0,4152,1,2502,NULL,NULL,NULL,148,0,NULL),('-','2023-02-02 11:54:08','-','2023-02-02 11:54:08',0,4153,1,2503,NULL,NULL,NULL,214,0,NULL),('-','2023-02-02 11:54:08','-','2023-02-02 11:54:08',0,4154,1,2504,NULL,NULL,NULL,148,0,NULL),('-','2023-02-02 11:54:08','-','2023-02-02 11:54:08',0,4155,1,2505,NULL,NULL,NULL,214,0,NULL),('-','2023-02-02 11:54:08','-','2023-02-02 11:54:08',0,4156,1,2506,NULL,NULL,NULL,148,0,NULL),('-','2023-02-02 11:54:08','-','2023-02-02 11:54:08',0,4157,1,2507,NULL,NULL,NULL,214,0,NULL),('-','2023-02-02 11:54:08','-','2023-02-02 11:54:08',0,4158,1,2508,NULL,NULL,NULL,214,0,NULL),('-','2023-02-02 11:54:08','-','2023-02-02 11:54:08',0,4159,1,2509,NULL,NULL,NULL,148,0,NULL),('-','2023-02-02 11:54:08','-','2023-02-02 11:54:08',0,4160,1,2510,NULL,NULL,NULL,214,0,NULL),('-','2023-02-02 11:54:08','-','2023-02-02 11:54:08',0,4161,1,2511,NULL,NULL,NULL,148,0,NULL),('-','2023-02-02 11:54:08','-','2023-02-02 11:54:08',0,4162,1,2512,NULL,NULL,NULL,214,0,NULL),('-','2023-02-02 11:54:08','-','2023-02-02 11:54:08',0,4163,1,2513,NULL,NULL,NULL,148,0,NULL),('-','2023-02-02 11:54:08','-','2023-02-02 11:54:08',0,4164,1,2514,NULL,NULL,NULL,214,0,NULL),('-','2023-02-02 11:54:08','-','2023-02-02 11:54:08',0,4165,1,2515,NULL,NULL,NULL,148,0,NULL),('-','2023-02-02 11:54:08','-','2023-02-02 11:54:08',0,4166,1,2516,NULL,NULL,NULL,214,0,NULL),('-','2023-02-02 11:54:08','-','2023-02-02 11:54:08',0,4167,1,2517,NULL,NULL,NULL,214,0,NULL),('-','2023-02-02 11:54:08','-','2023-02-02 11:54:08',0,4168,1,2518,NULL,NULL,NULL,148,0,NULL),('-','2023-02-02 11:54:08','-','2023-02-02 11:54:08',0,4169,1,2519,NULL,NULL,NULL,214,0,NULL),('-','2023-02-02 11:54:08','-','2023-02-02 11:54:08',0,4170,1,2520,NULL,NULL,NULL,148,0,NULL),('-','2023-02-02 11:54:08','-','2023-02-02 11:54:08',0,4171,1,2521,NULL,NULL,NULL,214,0,NULL),('-','2023-02-02 11:54:08','-','2023-02-02 11:54:08',0,4172,1,2522,NULL,NULL,NULL,214,0,NULL),('-','2023-02-02 11:54:08','-','2023-02-02 11:54:08',0,4173,1,2523,NULL,NULL,NULL,148,0,NULL),('-','2023-02-02 11:54:08','-','2023-02-02 11:54:08',0,4174,1,2524,NULL,NULL,NULL,148,0,NULL),('-','2023-02-02 11:54:08','-','2023-02-02 11:54:08',0,4175,1,2525,NULL,NULL,NULL,214,0,NULL),('-','2023-02-02 11:54:08','-','2023-02-02 11:54:08',0,4176,1,2526,NULL,NULL,NULL,148,0,NULL),('-','2023-02-02 11:54:08','-','2023-02-02 11:54:08',0,4177,1,2527,NULL,NULL,NULL,214,0,NULL),('-','2023-02-02 11:54:08','-','2023-02-02 11:54:08',0,4178,1,2579,NULL,NULL,NULL,192,0,NULL),('-','2023-02-02 11:54:08','-','2023-02-02 11:54:08',0,4179,1,2580,NULL,NULL,NULL,171,0,NULL),('-','2023-02-02 11:54:08','-','2023-02-02 11:54:08',0,4180,1,2581,NULL,NULL,NULL,92,0,NULL),('-','2023-02-02 11:54:08','-','2023-02-02 11:54:08',0,4181,1,2582,NULL,NULL,NULL,92,0,NULL),('-','2023-02-02 11:54:08','-','2023-02-02 11:54:08',0,4182,1,2583,NULL,NULL,NULL,92,0,NULL),('-','2023-02-02 11:54:08','-','2023-02-02 11:54:08',0,4183,1,2584,NULL,NULL,NULL,225,0,NULL),('-','2023-02-02 11:54:08','-','2023-02-02 11:54:08',0,4184,1,2585,NULL,NULL,NULL,107,0,NULL),('-','2023-02-23 12:43:59','-','2023-02-23 12:43:59',0,4185,0,2587,1,NULL,NULL,607,0,NULL),('-','2023-02-23 12:43:59','-','2023-02-23 12:43:59',0,4186,0,2587,5,NULL,NULL,607,0,NULL),('-','2023-02-02 11:54:08','-','2023-02-02 11:54:08',0,4187,1,2067,NULL,NULL,NULL,196,0,NULL),('-','2023-02-02 11:54:08','-','2023-02-02 11:54:08',0,4188,0,2589,NULL,NULL,NULL,125,0,NULL),('-','2021-01-11 09:46:54','-','2021-01-11 09:46:54',0,4189,1,2590,NULL,NULL,NULL,148,0,NULL),('-','2023-02-02 11:54:08','-','2023-02-02 11:54:08',0,4190,1,2591,NULL,NULL,NULL,174,0,NULL),('-','2023-02-02 11:54:08','-','2023-02-02 11:54:08',0,4192,1,2592,NULL,NULL,NULL,225,0,NULL),('-','2023-02-02 11:54:08','-','2023-02-02 11:54:08',0,4193,1,2593,NULL,NULL,NULL,187,0,NULL),('-','2023-02-02 11:54:08','-','2023-02-02 11:54:08',0,4194,1,2594,NULL,NULL,NULL,187,0,NULL),('-','2023-02-02 11:54:08','-','2023-02-02 11:54:08',0,4195,1,2595,NULL,NULL,NULL,187,0,NULL),('-','2023-02-02 11:54:08','-','2023-02-02 11:54:08',0,4196,1,2596,NULL,NULL,NULL,101,0,NULL),('-','2023-02-02 11:54:08','-','2023-02-02 11:54:08',0,4197,1,2597,NULL,NULL,NULL,101,0,NULL),('-','2021-01-10 15:19:17','-','2021-01-10 15:19:17',0,4198,1,2598,NULL,NULL,NULL,192,0,NULL),('-','2021-01-10 15:19:17','-','2021-01-10 15:19:17',0,4199,1,2599,NULL,NULL,NULL,192,0,NULL),('-','2021-01-11 13:54:16','-','2021-01-11 13:54:16',0,4200,1,2003,NULL,NULL,NULL,209,0,NULL),('-','2021-01-11 13:54:16','-','2021-01-11 13:54:16',0,4201,1,2004,NULL,NULL,NULL,209,0,NULL),('-','2021-01-11 13:54:16','-','2021-01-11 13:54:16',0,4202,1,2005,NULL,NULL,NULL,209,0,NULL),('-','2021-01-11 13:54:16','-','2021-01-11 13:54:16',0,4203,1,2006,NULL,NULL,NULL,209,0,NULL),('-','2021-01-11 13:54:16','-','2021-01-11 13:54:16',0,4204,1,2007,NULL,NULL,NULL,209,0,NULL),('-','2021-01-11 13:54:16','-','2021-01-11 13:54:16',0,4205,1,2008,NULL,NULL,NULL,209,0,NULL),('-','2021-01-11 13:54:16','-','2021-01-11 13:54:16',0,4206,1,2600,NULL,NULL,NULL,84,0,NULL),('-','2021-01-11 13:54:16','-','2021-01-11 13:54:16',0,4207,1,2601,NULL,NULL,NULL,84,0,NULL),('-','2023-02-02 11:54:08','-','2023-02-02 11:54:08',0,4208,1,1477,NULL,NULL,NULL,221,0,NULL),('-','2023-02-02 11:54:08','-','2023-02-02 11:54:08',0,4209,1,590,NULL,NULL,NULL,97,0,NULL),('-','2023-02-02 11:54:08','-','2023-02-02 11:54:08',0,4210,1,2602,NULL,NULL,NULL,93,0,NULL),('-','2023-02-02 11:54:08','-','2023-02-02 11:54:08',0,4211,1,2603,NULL,NULL,NULL,93,0,NULL),('-','2023-02-02 11:54:08','-','2023-02-02 11:54:08',0,4212,1,161,NULL,NULL,NULL,192,0,NULL),('-','2023-02-02 11:54:08','-','2023-02-02 11:54:08',0,4213,1,2604,NULL,NULL,NULL,92,0,NULL),('-','2023-04-18 05:25:54','-','2023-04-18 05:25:54',0,4214,1,2605,NULL,NULL,NULL,187,0,NULL);
/*!40000 ALTER TABLE `parameter_location` ENABLE KEYS */;
UNLOCK TABLES;

--
-- Table structure for table `parameter_location_data`
--

DROP TABLE IF EXISTS `parameter_location_data`;
/*!40101 SET @saved_cs_client     = @@character_set_client */;
/*!50503 SET character_set_client = utf8mb4 */;
CREATE TABLE `parameter_location_data` (
  `createdBy` varchar(255) NOT NULL,
  `createdOn` datetime NOT NULL,
  `editedBy` varchar(255) NOT NULL,
  `editedOn` datetime NOT NULL,
  `status` int NOT NULL,
  `id` int NOT NULL AUTO_INCREMENT,
  `parameterId` int NOT NULL,
  `requestedDate` datetime NOT NULL,
  `requestdYear` int DEFAULT NULL,
  `startDate` datetime NOT NULL,
  `endDate` datetime NOT NULL,
  `deadline` datetime DEFAULT NULL,
  `value` varchar(255) DEFAULT NULL,
  `valueInParameterStandard` varchar(255) DEFAULT NULL,
  `dataRequestNote` varchar(255) DEFAULT NULL,
  `notedataEntry` varchar(255) DEFAULT NULL,
  `notedataApprover` varchar(255) DEFAULT NULL,
  `notedataCCS` varchar(255) DEFAULT NULL,
  `chatURL` varchar(255) DEFAULT NULL,
  `parameterLocationId` int DEFAULT NULL,
  `frequencyId` int DEFAULT NULL,
  `frequencyDetailId` int DEFAULT NULL,
  `unitOfMeasureDataEntryId` int DEFAULT NULL,
  `unitOfMeasureInParameterStandardId` int DEFAULT NULL,
  `dataEntryDeadLine` datetime DEFAULT NULL,
  `dataEntryUserId` int DEFAULT NULL,
  `dataRequestStatusId` int DEFAULT NULL,
  `dataEnteryDeadline` datetime DEFAULT NULL,
  `reasonforExceedRange` varchar(255) DEFAULT NULL,
  `conversionUnitOfMeasurevalue` varchar(255) DEFAULT NULL,
  `conversionUOMeDataEntryId` int DEFAULT NULL,
  `contentComment` varchar(2500) DEFAULT NULL,
  PRIMARY KEY (`id`),
  KEY `FK_c2412abf1eb184d60c549ce1d36` (`parameterLocationId`),
  KEY `FK_253a66bc6b97d1d11b4fa26af15` (`frequencyId`),
  KEY `FK_dd9a84a8d942cec81fd3b73b7e0` (`frequencyDetailId`),
  KEY `FK_9c1cfa7455137be993c748f4fb9` (`unitOfMeasureDataEntryId`),
  KEY `FK_91be78c2664f7d4f040f17b8f99` (`unitOfMeasureInParameterStandardId`),
  KEY `FK_b1156c18106ab99b7bd5d51a222` (`dataEntryUserId`),
  KEY `FK_d6b185d42c3fd8be7bd9b84ac6e` (`dataRequestStatusId`),
  KEY `FK_891ed4ee6762f67f7bb55c98edc` (`conversionUOMeDataEntryId`),
  CONSTRAINT `FK_253a66bc6b97d1d11b4fa26af15` FOREIGN KEY (`frequencyId`) REFERENCES `frequency` (`id`),
  CONSTRAINT `FK_891ed4ee6762f67f7bb55c98edc` FOREIGN KEY (`conversionUOMeDataEntryId`) REFERENCES `uom_conversion` (`id`),
  CONSTRAINT `FK_91be78c2664f7d4f040f17b8f99` FOREIGN KEY (`unitOfMeasureInParameterStandardId`) REFERENCES `unit_of_measure` (`id`),
  CONSTRAINT `FK_9c1cfa7455137be993c748f4fb9` FOREIGN KEY (`unitOfMeasureDataEntryId`) REFERENCES `unit_of_measure` (`id`),
  CONSTRAINT `FK_b1156c18106ab99b7bd5d51a222` FOREIGN KEY (`dataEntryUserId`) REFERENCES `user` (`id`),
  CONSTRAINT `FK_c2412abf1eb184d60c549ce1d36` FOREIGN KEY (`parameterLocationId`) REFERENCES `parameter_location` (`id`),
  CONSTRAINT `FK_d6b185d42c3fd8be7bd9b84ac6e` FOREIGN KEY (`dataRequestStatusId`) REFERENCES `data_request_status` (`id`),
  CONSTRAINT `FK_dd9a84a8d942cec81fd3b73b7e0` FOREIGN KEY (`frequencyDetailId`) REFERENCES `frequency_detail` (`id`)
) ENGINE=InnoDB AUTO_INCREMENT=646 DEFAULT CHARSET=utf8mb4 COLLATE=utf8mb4_0900_ai_ci;
/*!40101 SET character_set_client = @saved_cs_client */;

--
-- Dumping data for table `parameter_location_data`
--

LOCK TABLES `parameter_location_data` WRITE;
/*!40000 ALTER TABLE `parameter_location_data` DISABLE KEYS */;
INSERT INTO `parameter_location_data` VALUES ('-','2021-01-11 01:22:06','-','2021-01-11 01:58:21',0,135,106,'2021-01-11 01:22:07',NULL,'2019-12-31 18:30:00','2020-12-30 18:30:00','2021-02-10 01:21:22','25',NULL,NULL,NULL,NULL,NULL,NULL,757,4,NULL,NULL,48,NULL,114,7,'2021-01-11 18:30:00','No change to the value . Reason is the drought ',NULL,NULL,NULL),('-','2021-01-11 01:22:06','-','2021-01-12 02:40:44',0,136,107,'2021-01-11 01:22:07',NULL,'2019-12-31 18:30:00','2020-12-30 18:30:00','2021-02-10 01:21:22','5000',NULL,NULL,NULL,NULL,NULL,NULL,758,4,NULL,NULL,40,NULL,NULL,7,NULL,'',NULL,NULL,NULL),('-','2021-01-11 01:22:06','-','2021-01-12 02:40:44',0,138,108,'2021-01-11 01:22:07',NULL,'2019-12-31 18:30:00','2020-12-30 18:30:00','2021-02-10 01:21:22','100',NULL,NULL,NULL,NULL,NULL,NULL,759,4,NULL,NULL,40,NULL,NULL,7,NULL,'',NULL,NULL,NULL),('-','2021-01-11 02:03:12','-','2021-01-12 02:40:44',0,139,106,'2021-01-11 02:03:13',NULL,'2020-12-31 18:30:00','2021-12-30 18:30:00','2022-01-29 18:30:00','5',NULL,NULL,NULL,NULL,NULL,NULL,757,4,NULL,NULL,48,NULL,114,7,'2021-01-11 18:30:00','',NULL,NULL,NULL),('-','2021-01-11 11:41:20','-','2022-04-01 08:01:15',0,141,114,'2021-01-11 11:41:19',NULL,'2018-12-31 18:30:00','2019-12-30 18:30:00','2021-02-10 11:40:37','10000',NULL,NULL,NULL,NULL,NULL,NULL,769,4,NULL,36,36,NULL,119,6,'2021-01-12 18:30:00','','10000',140,NULL),('-','2021-01-12 02:27:10','-','2021-01-12 02:40:44',0,142,108,'2021-01-12 02:27:10',NULL,'2017-12-31 18:30:00','2018-12-30 18:30:00','2021-02-11 02:26:47','100',NULL,NULL,NULL,NULL,NULL,NULL,759,4,NULL,NULL,40,NULL,113,7,'2021-01-29 18:30:00','',NULL,NULL,NULL),('-','2021-01-12 02:27:10','-','2021-01-12 02:40:44',0,143,107,'2021-01-12 02:27:10',NULL,'2017-12-31 18:30:00','2018-12-30 18:30:00','2021-02-11 02:26:47','5000',NULL,NULL,NULL,NULL,NULL,NULL,758,4,NULL,NULL,40,NULL,NULL,7,NULL,'',NULL,NULL,NULL),('-','2021-01-12 02:58:12','-','2021-01-12 03:04:09',0,144,106,'2021-01-12 02:58:12',NULL,'2013-12-31 18:30:00','2014-12-30 18:30:00','2021-02-11 02:57:55','5',NULL,NULL,NULL,NULL,NULL,NULL,757,4,NULL,NULL,48,NULL,NULL,7,NULL,'',NULL,NULL,NULL),('-','2021-01-12 05:24:32','-','2021-01-24 07:30:05',0,147,106,'2021-01-12 05:24:30',NULL,'2018-12-31 18:30:00','2019-12-30 18:30:00','2021-02-08 18:30:00','4',NULL,NULL,NULL,NULL,NULL,NULL,757,4,NULL,NULL,48,NULL,114,7,'2021-01-27 18:30:00','',NULL,NULL,NULL),('-','2021-01-12 05:24:32','-','2021-01-12 05:56:23',0,149,107,'2021-01-12 05:24:30',NULL,'2018-12-31 18:30:00','2019-12-30 18:30:00','2021-02-08 18:30:00','6213',NULL,NULL,NULL,NULL,NULL,NULL,758,4,NULL,NULL,40,NULL,131,7,'2021-02-02 18:30:00','',NULL,NULL,NULL),('-','2021-01-12 05:24:32','-','2021-01-12 05:24:32',0,150,140,'2021-01-12 05:24:30',NULL,'2018-12-31 18:30:00','2019-12-30 18:30:00','2021-02-08 18:30:00',NULL,NULL,NULL,NULL,NULL,NULL,NULL,799,4,NULL,NULL,36,NULL,NULL,1,NULL,NULL,NULL,NULL,NULL),('-','2021-01-12 05:24:32','-','2021-01-18 10:18:43',0,151,108,'2021-01-12 05:24:30',NULL,'2018-12-31 18:30:00','2019-12-30 18:30:00','2021-02-08 18:30:00','500',NULL,NULL,NULL,NULL,NULL,NULL,759,4,NULL,NULL,40,NULL,NULL,7,NULL,'Considerable incensement in solar projects',NULL,NULL,NULL),('-','2021-01-18 10:19:11','-','2021-02-09 06:44:03',0,153,108,'2021-01-18 10:19:11',NULL,'2020-12-31 18:30:00','2021-12-30 18:30:00','2022-01-29 18:30:00','400',NULL,NULL,NULL,NULL,NULL,NULL,759,4,NULL,NULL,40,NULL,NULL,5,NULL,'',NULL,NULL,NULL),('-','2021-01-19 04:52:14','-','2021-01-19 05:07:21',0,156,184,'2021-01-19 04:52:13',NULL,'2021-01-18 18:30:00','2022-01-17 18:30:00','2022-02-16 18:30:00',NULL,NULL,NULL,NULL,NULL,NULL,NULL,843,4,NULL,NULL,47,NULL,125,3,'2021-01-27 18:30:00',NULL,NULL,NULL,NULL),('-','2021-01-19 05:34:05','-','2021-01-24 12:06:19',0,157,106,'2021-01-19 05:34:04',NULL,'2021-01-18 18:30:00','2022-01-17 18:30:00','2022-02-16 18:30:00','5',NULL,NULL,NULL,NULL,NULL,NULL,757,4,NULL,46,48,NULL,131,6,'2021-01-27 18:30:00','','5000',83,NULL),('-','2021-01-19 06:00:47','-','2021-02-14 15:36:28',0,159,107,'2021-01-19 06:00:48',NULL,'2020-12-31 18:30:00','2021-12-30 18:30:00','2022-01-29 18:30:00','2000',NULL,NULL,NULL,NULL,NULL,NULL,758,4,NULL,NULL,40,NULL,NULL,7,NULL,'',NULL,NULL,NULL),('-','2021-01-24 07:31:40','-','2021-01-24 12:06:19',0,162,106,'2021-01-24 07:31:40',NULL,'2017-12-31 18:30:00','2018-12-30 18:30:00','2021-02-23 07:31:20','6',NULL,NULL,NULL,NULL,NULL,NULL,757,4,NULL,47,48,NULL,131,6,'2021-01-27 18:30:00','','6000000',82,NULL),('-','2021-01-31 19:36:41','-','2021-01-31 19:41:58',0,165,183,'2021-01-31 19:36:40',NULL,'2020-12-31 18:30:00','2021-12-30 18:30:00','2022-01-29 18:30:00',NULL,NULL,NULL,NULL,NULL,NULL,NULL,842,4,NULL,NULL,51,NULL,133,3,'2021-01-31 19:39:18',NULL,NULL,NULL,NULL),('-','2021-02-01 14:29:52','-','2021-02-01 14:32:16',0,171,106,'2021-02-01 14:29:51',NULL,'2021-12-31 18:30:00','2022-12-30 18:30:00','2023-01-29 18:30:00','19',NULL,NULL,NULL,NULL,NULL,NULL,757,4,NULL,46,48,NULL,NULL,6,NULL,'','19000',83,NULL),('-','2021-02-01 14:29:52','-','2021-02-09 06:39:25',0,172,107,'2021-02-01 14:29:51',NULL,'2021-12-31 18:30:00','2022-12-30 18:30:00','2023-01-29 18:30:00',NULL,NULL,NULL,NULL,NULL,NULL,NULL,758,4,NULL,NULL,40,NULL,114,3,'2021-02-24 18:30:00',NULL,NULL,NULL,NULL),('-','2021-10-02 13:12:56','-','2021-10-02 13:12:56',0,430,116,'2021-10-02 13:12:55',NULL,'2020-12-31 13:30:00','2021-12-30 13:30:00','2022-01-29 13:30:00',NULL,NULL,NULL,NULL,NULL,NULL,NULL,773,4,NULL,NULL,46,NULL,NULL,1,NULL,NULL,NULL,NULL,NULL),('-','2021-10-02 13:12:57','-','2021-10-02 13:12:57',0,431,166,'2021-10-02 13:12:55',NULL,'2020-12-31 13:30:00','2021-12-30 13:30:00','2022-01-29 13:30:00',NULL,NULL,NULL,NULL,NULL,NULL,NULL,825,4,NULL,NULL,58,NULL,NULL,1,NULL,NULL,NULL,NULL,NULL),('-','2022-03-28 16:50:46','-','2022-03-28 16:50:46',0,445,509,'2022-03-28 16:50:45',NULL,'2022-03-27 18:30:00','2023-03-26 18:30:00','2023-04-25 18:30:00',NULL,NULL,NULL,NULL,NULL,NULL,NULL,1718,4,NULL,NULL,40,NULL,NULL,1,NULL,NULL,NULL,NULL,NULL),('-','2023-02-23 12:46:12','-','2023-02-23 12:46:12',0,631,2587,'2023-02-23 12:46:14',NULL,'2022-12-31 18:30:00','2023-12-30 18:30:00','2024-01-29 18:30:00',NULL,NULL,NULL,NULL,NULL,NULL,NULL,4185,4,NULL,NULL,NULL,NULL,NULL,1,NULL,NULL,NULL,NULL,NULL),('-','2023-02-23 12:46:12','-','2023-02-23 12:46:12',0,632,2587,'2023-02-23 12:46:14',NULL,'2022-12-31 18:30:00','2023-12-30 18:30:00','2024-01-29 18:30:00',NULL,NULL,NULL,NULL,NULL,NULL,NULL,4186,4,NULL,NULL,NULL,NULL,NULL,1,NULL,NULL,NULL,NULL,NULL),('-','2023-04-18 05:45:07','-','2023-04-18 05:45:07',0,633,1636,'2023-04-18 05:45:07',NULL,'2023-01-01 08:00:00','2023-12-31 08:00:00','2024-01-30 08:00:00',NULL,NULL,NULL,NULL,NULL,NULL,NULL,3404,4,NULL,NULL,38,NULL,NULL,1,NULL,NULL,NULL,NULL,NULL),('-','2023-04-18 05:45:08','-','2023-04-18 05:45:08',0,634,1717,'2023-04-18 05:45:07',NULL,'2023-01-01 08:00:00','2023-12-31 08:00:00','2024-01-30 08:00:00',NULL,NULL,NULL,NULL,NULL,NULL,NULL,3467,4,NULL,NULL,46,NULL,NULL,1,NULL,NULL,NULL,NULL,NULL),('-','2023-04-18 05:45:08','-','2023-04-18 05:45:08',0,635,1719,'2023-04-18 05:45:07',NULL,'2023-01-01 08:00:00','2023-12-31 08:00:00','2024-01-30 08:00:00',NULL,NULL,NULL,NULL,NULL,NULL,NULL,3469,4,NULL,NULL,46,NULL,NULL,1,NULL,NULL,NULL,NULL,NULL),('-','2023-04-18 05:45:08','-','2023-04-18 05:45:08',0,636,1718,'2023-04-18 05:45:07',NULL,'2023-01-01 08:00:00','2023-12-31 08:00:00','2024-01-30 08:00:00',NULL,NULL,NULL,NULL,NULL,NULL,NULL,3468,4,NULL,NULL,46,NULL,NULL,1,NULL,NULL,NULL,NULL,NULL),('-','2023-04-18 05:45:08','-','2023-04-18 05:45:08',0,637,1721,'2023-04-18 05:45:07',NULL,'2023-01-01 08:00:00','2023-12-31 08:00:00','2024-01-30 08:00:00',NULL,NULL,NULL,NULL,NULL,NULL,NULL,3470,4,NULL,NULL,46,NULL,NULL,1,NULL,NULL,NULL,NULL,NULL),('-','2023-04-18 05:45:08','-','2023-04-18 05:45:08',0,638,1715,'2023-04-18 05:45:07',NULL,'2023-01-01 08:00:00','2023-12-31 08:00:00','2024-01-30 08:00:00',NULL,NULL,NULL,NULL,NULL,NULL,NULL,3465,4,NULL,NULL,47,NULL,NULL,1,NULL,NULL,NULL,NULL,NULL),('-','2023-04-18 05:45:08','-','2023-04-18 05:45:08',0,639,1741,'2023-04-18 05:45:07',NULL,'2023-01-01 08:00:00','2023-12-31 08:00:00','2024-01-30 08:00:00',NULL,NULL,NULL,NULL,NULL,NULL,NULL,3489,4,NULL,NULL,62,NULL,NULL,1,NULL,NULL,NULL,NULL,NULL),('-','2023-04-18 05:45:09','-','2023-04-18 05:45:09',0,640,1727,'2023-04-18 05:45:07',NULL,'2023-01-01 08:00:00','2023-12-31 08:00:00','2024-01-30 08:00:00',NULL,NULL,NULL,NULL,NULL,NULL,NULL,3498,4,NULL,NULL,46,NULL,NULL,1,NULL,NULL,NULL,NULL,NULL),('-','2023-04-18 05:45:09','-','2023-04-18 05:45:09',0,641,2184,'2023-04-18 05:45:07',NULL,'2023-01-01 08:00:00','2023-12-31 08:00:00','2024-01-30 08:00:00',NULL,NULL,NULL,NULL,NULL,NULL,NULL,3847,4,NULL,NULL,76,NULL,NULL,1,NULL,NULL,NULL,NULL,NULL),('-','2023-04-18 05:45:09','-','2023-04-18 05:45:09',0,642,2185,'2023-04-18 05:45:07',NULL,'2023-01-01 08:00:00','2023-12-31 08:00:00','2024-01-30 08:00:00',NULL,NULL,NULL,NULL,NULL,NULL,NULL,3848,4,NULL,NULL,76,NULL,NULL,1,NULL,NULL,NULL,NULL,NULL),('-','2023-04-18 06:07:15','-','2023-04-18 06:07:15',0,643,2186,'2023-04-18 06:07:14',NULL,'2023-01-01 08:00:00','2023-12-31 08:00:00','2024-01-30 08:00:00',NULL,NULL,NULL,NULL,NULL,NULL,NULL,3849,4,NULL,NULL,76,NULL,NULL,1,NULL,NULL,NULL,NULL,NULL),('-','2023-04-18 06:07:15','-','2023-04-18 06:07:15',0,644,2187,'2023-04-18 06:07:14',NULL,'2023-01-01 08:00:00','2023-12-31 08:00:00','2024-01-30 08:00:00',NULL,NULL,NULL,NULL,NULL,NULL,NULL,3850,4,NULL,NULL,76,NULL,NULL,1,NULL,NULL,NULL,NULL,NULL);
/*!40000 ALTER TABLE `parameter_location_data` ENABLE KEYS */;
UNLOCK TABLES;

--
-- Table structure for table `parameter_unit_of_measures_fordata_entry_unit_of_measure`
--

DROP TABLE IF EXISTS `parameter_unit_of_measures_fordata_entry_unit_of_measure`;
/*!40101 SET @saved_cs_client     = @@character_set_client */;
/*!50503 SET character_set_client = utf8mb4 */;
CREATE TABLE `parameter_unit_of_measures_fordata_entry_unit_of_measure` (
  `parameterId` int NOT NULL,
  `unitOfMeasureId` int NOT NULL,
  PRIMARY KEY (`parameterId`,`unitOfMeasureId`),
  KEY `IDX_083322e3c68df9ffe0facf1e81` (`parameterId`),
  KEY `IDX_283dd9b59a6540d4fe3c0e7d26` (`unitOfMeasureId`),
  CONSTRAINT `FK_083322e3c68df9ffe0facf1e81f` FOREIGN KEY (`parameterId`) REFERENCES `parameter` (`id`) ON DELETE CASCADE,
  CONSTRAINT `FK_283dd9b59a6540d4fe3c0e7d26d` FOREIGN KEY (`unitOfMeasureId`) REFERENCES `unit_of_measure` (`id`) ON DELETE CASCADE
) ENGINE=InnoDB DEFAULT CHARSET=utf8mb4 COLLATE=utf8mb4_0900_ai_ci;
/*!40101 SET character_set_client = @saved_cs_client */;

--
-- Dumping data for table `parameter_unit_of_measures_fordata_entry_unit_of_measure`
--

LOCK TABLES `parameter_unit_of_measures_fordata_entry_unit_of_measure` WRITE;
/*!40000 ALTER TABLE `parameter_unit_of_measures_fordata_entry_unit_of_measure` DISABLE KEYS */;
/*!40000 ALTER TABLE `parameter_unit_of_measures_fordata_entry_unit_of_measure` ENABLE KEYS */;
UNLOCK TABLES;

--
-- Table structure for table `policy`
--

DROP TABLE IF EXISTS `policy`;
/*!40101 SET @saved_cs_client     = @@character_set_client */;
/*!50503 SET character_set_client = utf8mb4 */;
CREATE TABLE `policy` (
  `createdBy` varchar(255) NOT NULL,
  `createdOn` datetime NOT NULL,
  `editedBy` varchar(255) NOT NULL,
  `editedOn` datetime NOT NULL,
  `status` int NOT NULL,
  `id` int NOT NULL AUTO_INCREMENT,
  `name` varchar(255) NOT NULL,
  `proposedDateOfCommence` datetime NOT NULL,
  `influence` int NOT NULL,
  `description` varchar(2500) NOT NULL,
  `deletedAt` datetime(6) DEFAULT NULL,
  `formulationInstitutionId` int DEFAULT NULL,
  `originalFormulationInstitution` varchar(255) DEFAULT NULL,
  `isPendingApprove` tinyint NOT NULL DEFAULT '0',
  PRIMARY KEY (`id`),
  KEY `FK_f14b3030867943c4c481950bf21` (`formulationInstitutionId`),
  CONSTRAINT `FK_f14b3030867943c4c481950bf21` FOREIGN KEY (`formulationInstitutionId`) REFERENCES `institution` (`id`)
) ENGINE=InnoDB AUTO_INCREMENT=206 DEFAULT CHARSET=utf8mb4 COLLATE=utf8mb4_0900_ai_ci;
/*!40101 SET character_set_client = @saved_cs_client */;

--
-- Dumping data for table `policy`
--

LOCK TABLES `policy` WRITE;
/*!40000 ALTER TABLE `policy` DISABLE KEYS */;
INSERT INTO `policy` VALUES ('','2021-01-11 07:09:58','','2021-01-11 07:09:58',0,34,'The National Climate Change Policy of Sri Lanka','2011-12-31 18:30:00',1,'It describes its vision as a future in which climate change will not adversely impact Sri Lanka. In particular, guidelines and guidance have been established for all stakeholders to respond to the challenge raised by climate change. The strategy focuses on sustainable economic growth.',NULL,70,'Ministry of Mahaweli Development and Environment',0),('','2021-01-11 07:13:10','','2021-01-11 07:13:10',0,35,'Intended Nationally Determined Contributions','2015-12-31 18:30:00',1,'Sri Lanka is pleased to participate by planning globally accepted contributions to tackle the challenges of current and predicted climate change (INDCs). In accordance with the concept of shared but distinct obligation and capabilities, the INDC has been formulated.',NULL,70,'TBD',0),('','2021-01-11 07:15:14','','2021-01-11 07:15:14',0,36,'National Adaptation Plan for Climate Change Impacts in Sri Lanka 2016-2025','2015-12-31 18:30:00',1,'This plan was drawn up in line with the extensive set of guidelines for developing National Adaptation Plans (NAPs) laid down by the UNFCCC. The UNFCCC guidelines define the NAPs as a mechanism to create the capacities and expertise of all decision-makers at the national, subnational and supra-national levels. The UNFCCC NAP process is a widespread four-stage process that can be adapted in accordance with particular circumstances in individual countries. The four phases are: establishment of the foundations and identification of gaps; preparation of elements; implementing policies, and; reporting, monitoring and analysis. The third and fourth of these are post-planning phases.',NULL,89,NULL,0),('','2021-01-11 07:17:31','','2021-01-11 07:17:31',0,37,'National Biodiversity Strategic Action Plan 2016-2022','2015-12-31 18:30:00',1,'The National Biodiversity Strategic Action Plan acting as a holistic strategy and a detailed road map, which offers a description of our current state of natural resources and proposes that our island\'s biodiversity be incorporated into national growth, in order to achieve a difficult balance between improving and maintaining our rich natural heritage. This further helps to achieve strategic goals to manage the countrys sustainable management of biodiversity.',NULL,222,NULL,0),('','2021-01-11 07:21:33','','2021-01-11 07:21:33',0,38,'National Agriculture Research Policy and Strategy 2018 - 2027','2017-12-31 18:30:00',1,'This policy adequately cover and be flexible in meeting the challenges of the agricultural sector. The policy addresses issues such as: meeting the needs of food security People,  competitiveness sustainability of the system, globalization, and climate change; technological challenges, such as genetically modified crops adoption, the management of land toxicity and environmental degradation due to non-discriminatory use of agricultural products and erosion of soil etc.',NULL,150,NULL,0),('','2021-01-11 07:24:10','','2021-01-11 07:24:10',0,39,'National Energy Policy and Strategies of Sri Lanka','2018-12-31 18:30:00',1,'This policy aims to ensure energy security through supplies that are cleaner, secure, economical and reliable, to provide convenient, affordable energy services to support socially equitable development of Sri Lanka. This policy document has three sections: 1) The National Energy Policy, stating the ten pillars of the policy framework. 2) Implementing Strategies, describing the specific strategies to implement the policy. 3) The Results Delivery Framework, elaborating the specific actions, milestones and the institutions responsible.',NULL,73,NULL,0),('','2021-01-11 07:25:45','','2021-01-11 07:25:45',0,40,'Ceylon Electricity Board Long Term Generation Expansion Plan 2018-2037','2017-12-31 18:30:00',1,'This includes information on the current generation system, the methodology for generation planning, the provision of the system demand and expenditure and the implementation plans of planned plants, and suggests adoption of a lower cost plant sequence based on the basic case. It also briefly enagaged with climate change aspects with regards to energy sectore.','2021-01-12 03:46:14.000000',96,NULL,0),('','2021-01-11 07:41:41','','2021-01-11 07:41:41',0,41,'Western Region Megapolis Masterplan','2015-12-31 18:30:00',1,'The Western Megapolis is conceived as the prudence of the Grand Strategy to achieve two decisive, interdependent changes in the Sri Lankan March to achieve the status of \'a high-income developed country\': the spatial transformation of urban agglomerations in Sri Lanka\'s Western Region, the structural transformation of the national economy into a prudent country. Western Megapolis has 3 large national objectives: -To tackle the problems emerging from \'messy urbanization\' congestion pressures. - Build an enabling climate to drive the country into a high income developing country; - Take advantage of an international environment dominated by knowledge-based innovation characterized by such innovations as the \'new industrial revolution\' and the rise of \'smart towns\'',NULL,123,NULL,0),('','2021-01-11 07:43:28','','2021-01-11 07:43:28',0,42,'The National Policy on Health Information 2017 ','2016-12-31 18:30:00',1,'This policy creates a \'information culture,\' in which it promotes the use for decision making of accurate, high quality information. It will enhance the performance of Sri Lanka\'s health systems, improve health care quality, universal access, increase services delivery, and enhance the cost efficiency of Sri Lankan health services. I think that this compilation will assist us in achieving these objectives.',NULL,69,NULL,0),('','2021-01-11 07:45:36','','2021-01-11 07:45:36',0,43,'National Wetland Policy and Strategy','2005-12-31 18:00:00',1,'Wetlands are threatened by human activities including reclamation, waste disposal, industrial and domestic effluent discharge, harvesting of vegetation for firewood and other uses and invasive exotic species. The degradation of wetland habitats carries a high economic, social and ecological cost. This policy objected to protect and conserve wetland ecosystems, to prevent illegal utilization of wetlands, to enhance ecosystem services from wetland habitats and etc.',NULL,92,NULL,0),('','2021-01-11 07:47:06','','2021-01-11 07:47:06',0,44,'Sri Lanka National Health Policy 2016-2025','2015-12-31 18:30:00',1,'This policy framework addresses health issues and tackle with new and different strategies, Further strategies in development of health system.',NULL,69,NULL,0),('','2021-01-11 07:48:12','','2021-01-11 07:48:12',0,45,'Sri Lanka National Health Policy 2016-2025','2015-12-31 18:30:00',1,'This policy framework addresses health issues and tackle with new and different strategies, Further strategies in development of health system.','2021-01-11 08:01:21.000000',69,NULL,0),('','2021-01-11 08:02:30','','2021-01-11 08:02:30',0,46,'National Waste Management Policy','2017-12-31 18:30:00',1,'Provides coherent and detailed guidance for the waste management of solid, liquid and gaseous residues in the region, with obligation to meet acute short-term challenges in keeping with viable, medium- and long-term solutions by 2030.',NULL,70,NULL,0),('','2021-01-19 09:33:27','','2021-01-19 09:33:27',0,48,'Metro bus project - Western province - policy','2020-12-31 18:30:00',1,'Metro bus project - Western province - policy',NULL,106,'Tourism and recreation',0),('','2021-01-29 05:22:20','','2021-01-29 05:22:20',0,51,'Metro bus project - All island','2015-01-31 18:30:00',2,'Metro bus project - All island',NULL,85,'Metro bus project - All island',0),('','2021-01-31 16:44:43','','2021-01-31 16:44:43',0,53,'Metro bus project - Sri Lanka - Policy 2021','2016-01-31 18:30:00',1,'Metro bus project - Sri Lanka - Policy 2021',NULL,106,'Sri lanka transport board',0),('','2021-02-11 02:58:03','','2021-02-11 02:58:03',0,56,'Metro trains policy - provincial','2021-02-28 18:30:00',2,'Metro trains policy - provincial description verify',NULL,106,'Metro trains policy - provincial',0),('','2021-03-09 02:05:52','','2021-03-09 02:05:52',0,71,'Metro transport policy 2021','2021-02-28 18:30:00',1,'Metro transport policy 2021 - Description',NULL,106,'Sri lanka transport board - Original formulation Institution',1),('','2022-09-15 11:53:15','','2022-09-15 11:53:15',0,192,'National transport policy 2021','2022-09-15 18:30:00',1,'National transport policy',NULL,76,'Ministry of Transport',0),('','2022-09-15 11:59:20','','2022-09-15 11:59:20',0,193,'Sustainability policy 2022','2022-09-15 18:30:00',2,'Sustainability policy 2022',NULL,70,'MOE',0);
/*!40000 ALTER TABLE `policy` ENABLE KEYS */;
UNLOCK TABLES;

--
-- Table structure for table `policy_climatechangedatacategory`
--

DROP TABLE IF EXISTS `policy_climatechangedatacategory`;
/*!40101 SET @saved_cs_client     = @@character_set_client */;
/*!50503 SET character_set_client = utf8mb4 */;
CREATE TABLE `policy_climatechangedatacategory` (
  `policyId` int NOT NULL,
  `climateChangeDataCategoryId` int NOT NULL,
  PRIMARY KEY (`policyId`,`climateChangeDataCategoryId`),
  KEY `IDX_d52255215f9d09e56eda1ac1cb` (`policyId`),
  KEY `IDX_7a408d8fed387f9c91124e8853` (`climateChangeDataCategoryId`),
  CONSTRAINT `FK_7a408d8fed387f9c91124e8853a` FOREIGN KEY (`climateChangeDataCategoryId`) REFERENCES `climate_change_data_category` (`id`) ON DELETE CASCADE,
  CONSTRAINT `FK_d52255215f9d09e56eda1ac1cb9` FOREIGN KEY (`policyId`) REFERENCES `policy` (`id`) ON DELETE CASCADE
) ENGINE=InnoDB DEFAULT CHARSET=utf8mb4 COLLATE=utf8mb4_0900_ai_ci;
/*!40101 SET character_set_client = @saved_cs_client */;

--
-- Dumping data for table `policy_climatechangedatacategory`
--

LOCK TABLES `policy_climatechangedatacategory` WRITE;
/*!40000 ALTER TABLE `policy_climatechangedatacategory` DISABLE KEYS */;
INSERT INTO `policy_climatechangedatacategory` VALUES (34,1),(34,2),(34,3),(34,4),(34,5),(34,6),(35,1),(48,3),(51,1),(51,2),(51,3),(51,4),(51,5),(53,2),(53,3),(56,2),(71,2),(192,2),(193,3);
/*!40000 ALTER TABLE `policy_climatechangedatacategory` ENABLE KEYS */;
UNLOCK TABLES;

--
-- Table structure for table `policy_data`
--

DROP TABLE IF EXISTS `policy_data`;
/*!40101 SET @saved_cs_client     = @@character_set_client */;
/*!50503 SET character_set_client = utf8mb4 */;
CREATE TABLE `policy_data` (
  `createdBy` varchar(255) NOT NULL,
  `createdOn` datetime NOT NULL,
  `editedBy` varchar(255) NOT NULL,
  `editedOn` datetime NOT NULL,
  `status` int NOT NULL,
  `id` int NOT NULL AUTO_INCREMENT,
  `institutionId` int NOT NULL,
  `year` int NOT NULL,
  `requestedDate` datetime NOT NULL,
  `deadline` datetime DEFAULT NULL,
  `dataEntryDeadline` datetime DEFAULT NULL,
  `amendments` varchar(2500) DEFAULT NULL,
  `dataRequestNote` varchar(255) DEFAULT NULL,
  `noteDataEntry` varchar(255) DEFAULT NULL,
  `noteDataApprover` varchar(255) DEFAULT NULL,
  `noteDataCCS` varchar(255) DEFAULT NULL,
  `chatURL` varchar(255) DEFAULT NULL,
  `policyId` int DEFAULT NULL,
  `dataEntryUserId` int DEFAULT NULL,
  `dataRequestStatusId` int DEFAULT NULL,
  PRIMARY KEY (`id`),
  KEY `FK_df2e69754e2dff0c692d26d569e` (`policyId`),
  KEY `FK_8510c2617c92a031e7e750525f1` (`dataEntryUserId`),
  KEY `FK_0e8bd723eaf69cd19805816f650` (`dataRequestStatusId`),
  CONSTRAINT `FK_0e8bd723eaf69cd19805816f650` FOREIGN KEY (`dataRequestStatusId`) REFERENCES `data_request_status` (`id`),
  CONSTRAINT `FK_8510c2617c92a031e7e750525f1` FOREIGN KEY (`dataEntryUserId`) REFERENCES `user` (`id`),
  CONSTRAINT `FK_df2e69754e2dff0c692d26d569e` FOREIGN KEY (`policyId`) REFERENCES `policy` (`id`)
) ENGINE=InnoDB AUTO_INCREMENT=123 DEFAULT CHARSET=utf8mb4 COLLATE=utf8mb4_0900_ai_ci;
/*!40101 SET character_set_client = @saved_cs_client */;

--
-- Dumping data for table `policy_data`
--

LOCK TABLES `policy_data` WRITE;
/*!40000 ALTER TABLE `policy_data` DISABLE KEYS */;
INSERT INTO `policy_data` VALUES ('-','2021-01-12 02:59:34','-','2021-01-12 03:05:11',0,41,96,2019,'2021-01-12 02:59:34','2021-01-14 18:30:00','2021-01-13 18:30:00','No amendment happened',NULL,NULL,NULL,NULL,NULL,40,114,7),('-','2021-01-19 09:35:48','-','2021-01-29 10:45:06',0,42,106,2021,'2021-01-19 09:35:48','2021-03-30 18:30:00','2022-01-05 18:30:00','Policy amendments',NULL,NULL,NULL,NULL,NULL,48,133,7),('-','2021-01-29 10:24:39','-','2021-01-29 10:24:39',0,44,69,2015,'2021-01-29 10:24:39','2021-01-29 18:30:00',NULL,NULL,NULL,NULL,NULL,NULL,NULL,42,NULL,1),('-','2021-01-29 10:24:39','-','2021-01-29 10:24:39',0,45,69,2015,'2021-01-29 10:24:39','2021-01-29 18:30:00',NULL,NULL,NULL,NULL,NULL,NULL,NULL,44,NULL,1),('-','2021-01-29 10:24:39','-','2021-01-29 10:24:39',0,46,70,2015,'2021-01-29 10:24:39','2021-01-29 18:30:00',NULL,NULL,NULL,NULL,NULL,NULL,NULL,34,NULL,1),('-','2021-01-29 10:24:39','-','2021-01-29 10:24:39',0,47,70,2015,'2021-01-29 10:24:39','2021-01-29 18:30:00',NULL,NULL,NULL,NULL,NULL,NULL,NULL,35,NULL,1),('-','2021-01-29 10:24:39','-','2021-01-29 10:24:39',0,48,70,2015,'2021-01-29 10:24:39','2021-01-29 18:30:00',NULL,NULL,NULL,NULL,NULL,NULL,NULL,46,NULL,1),('-','2021-01-29 10:24:39','-','2021-03-09 07:26:34',0,49,106,2015,'2021-01-29 10:24:39','2021-01-29 18:30:00','2021-01-29 10:25:11','mention key assignments',NULL,NULL,NULL,NULL,NULL,48,133,2),('-','2021-01-31 17:11:26','-','2021-01-31 17:11:26',0,50,106,2016,'2021-01-31 17:11:26','2021-01-31 18:30:00',NULL,NULL,NULL,NULL,NULL,NULL,NULL,48,NULL,1),('-','2021-01-31 17:11:26','-','2021-01-31 17:39:57',0,51,106,2016,'2021-01-31 17:11:26','2021-01-31 18:30:00','2021-01-31 18:30:00','Metro bus project - Sri Lanka - ammendments',NULL,NULL,NULL,NULL,NULL,53,133,7),('-','2021-02-03 20:02:11','-','2021-02-03 20:02:45',0,55,69,2009,'2021-02-03 20:02:11','2021-02-27 18:30:00',NULL,NULL,NULL,NULL,NULL,NULL,NULL,42,NULL,8),('-','2021-02-03 20:02:11','-','2021-02-03 20:02:11',0,56,69,2009,'2021-02-03 20:02:11','2021-02-27 18:30:00',NULL,NULL,NULL,NULL,NULL,NULL,NULL,44,NULL,1),('-','2021-02-09 14:39:10','-','2021-02-09 14:39:10',0,58,70,2018,'2021-02-09 14:39:10','2021-02-27 18:30:00',NULL,NULL,NULL,NULL,NULL,NULL,NULL,34,NULL,1),('-','2021-02-09 14:39:10','-','2021-02-09 14:39:10',0,59,70,2018,'2021-02-09 14:39:10','2021-02-27 18:30:00',NULL,NULL,NULL,NULL,NULL,NULL,NULL,35,NULL,1),('-','2021-02-09 14:39:10','-','2021-02-09 14:39:10',0,60,70,2018,'2021-02-09 14:39:10','2021-02-27 18:30:00',NULL,NULL,NULL,NULL,NULL,NULL,NULL,46,NULL,1),('-','2021-02-09 14:39:10','-','2021-02-09 14:39:10',0,61,73,2018,'2021-02-09 14:39:10','2021-02-27 18:30:00',NULL,NULL,NULL,NULL,NULL,NULL,NULL,39,NULL,1),('-','2021-02-11 03:00:40','-','2021-02-11 03:00:40',0,63,106,2021,'2021-02-11 03:00:40','2021-03-31 18:30:00',NULL,NULL,NULL,NULL,NULL,NULL,NULL,53,NULL,1),('-','2021-02-11 03:00:40','-','2021-02-11 03:00:40',0,64,106,2021,'2021-02-11 03:00:40','2021-03-31 18:30:00',NULL,NULL,NULL,NULL,NULL,NULL,NULL,56,NULL,1),('-','2021-03-09 06:01:29','-','2021-03-09 07:32:14',0,67,106,2021,'2021-03-09 06:01:29','2021-03-30 18:30:00','2021-03-28 18:30:00','ewrhoewqhfriewqfjsqjfewqpojfw',NULL,NULL,NULL,NULL,NULL,71,368,7),('-','2022-04-02 02:20:48','-','2022-04-02 02:25:55',0,94,69,2022,'2022-04-02 02:20:48','2022-04-29 18:30:00',NULL,'Policy update',NULL,NULL,NULL,NULL,NULL,42,NULL,6),('-','2022-04-02 02:20:48','-','2022-04-02 02:20:48',0,95,69,2022,'2022-04-02 02:20:48','2022-04-29 18:30:00',NULL,NULL,NULL,NULL,NULL,NULL,NULL,44,NULL,1),('-','2022-09-15 11:56:43','-','2022-09-15 11:56:43',0,118,76,2022,'2022-09-15 11:56:43','2022-09-15 18:30:00',NULL,NULL,NULL,NULL,NULL,NULL,NULL,192,NULL,1),('-','2022-09-15 12:00:37','-','2022-09-15 12:00:37',0,119,70,2022,'2022-09-15 12:00:37','2022-09-15 18:30:00',NULL,NULL,NULL,NULL,NULL,NULL,NULL,34,NULL,1),('-','2022-09-15 12:00:37','-','2022-09-15 12:00:37',0,120,70,2022,'2022-09-15 12:00:37','2022-09-15 18:30:00',NULL,NULL,NULL,NULL,NULL,NULL,NULL,35,NULL,1),('-','2022-09-15 12:00:37','-','2022-09-15 12:00:37',0,121,70,2022,'2022-09-15 12:00:37','2022-09-15 18:30:00',NULL,NULL,NULL,NULL,NULL,NULL,NULL,46,NULL,1),('-','2022-09-15 12:00:37','-','2022-09-15 12:00:37',0,122,70,2022,'2022-09-15 12:00:37','2022-09-15 18:30:00',NULL,NULL,NULL,NULL,NULL,NULL,NULL,193,NULL,1);
/*!40000 ALTER TABLE `policy_data` ENABLE KEYS */;
UNLOCK TABLES;

--
-- Table structure for table `policy_sector`
--

DROP TABLE IF EXISTS `policy_sector`;
/*!40101 SET @saved_cs_client     = @@character_set_client */;
/*!50503 SET character_set_client = utf8mb4 */;
CREATE TABLE `policy_sector` (
  `policyId` int NOT NULL,
  `sectorId` int NOT NULL,
  PRIMARY KEY (`policyId`,`sectorId`),
  KEY `IDX_b87cb8c246ca3f93b6fdbe886a` (`policyId`),
  KEY `IDX_6bb7f6c820dd3dceb1fd471ef7` (`sectorId`),
  CONSTRAINT `FK_6bb7f6c820dd3dceb1fd471ef7a` FOREIGN KEY (`sectorId`) REFERENCES `sector` (`id`) ON DELETE CASCADE,
  CONSTRAINT `FK_b87cb8c246ca3f93b6fdbe886af` FOREIGN KEY (`policyId`) REFERENCES `policy` (`id`) ON DELETE CASCADE
) ENGINE=InnoDB DEFAULT CHARSET=utf8mb4 COLLATE=utf8mb4_0900_ai_ci;
/*!40101 SET character_set_client = @saved_cs_client */;

--
-- Dumping data for table `policy_sector`
--

LOCK TABLES `policy_sector` WRITE;
/*!40000 ALTER TABLE `policy_sector` DISABLE KEYS */;
INSERT INTO `policy_sector` VALUES (34,1),(34,2),(34,3),(34,4),(34,5),(34,6),(34,7),(34,8),(34,10),(34,11),(34,12),(34,13),(34,14),(34,15),(34,16),(48,14),(51,3),(51,12),(51,13),(51,14),(51,15),(53,1),(53,2),(53,3),(53,4),(53,5),(53,6),(53,7),(53,8),(53,9),(53,10),(53,11),(53,12),(53,13),(53,14),(56,2),(56,3),(56,5),(56,6),(56,7),(71,2),(71,3),(71,5),(71,6),(71,7);
/*!40000 ALTER TABLE `policy_sector` ENABLE KEYS */;
UNLOCK TABLES;

--
-- Table structure for table `project_funding_detail`
--

DROP TABLE IF EXISTS `project_funding_detail`;
/*!40101 SET @saved_cs_client     = @@character_set_client */;
/*!50503 SET character_set_client = utf8mb4 */;
CREATE TABLE `project_funding_detail` (
  `createdBy` varchar(255) NOT NULL,
  `createdOn` datetime NOT NULL,
  `editedBy` varchar(255) NOT NULL,
  `editedOn` datetime NOT NULL,
  `status` int NOT NULL,
  `id` int NOT NULL AUTO_INCREMENT,
  `projectProgrammeId` int NOT NULL,
  `donor` varchar(255) NOT NULL,
  `donorType` int NOT NULL,
  `initialInvestment` decimal(10,2) DEFAULT NULL,
  `annualFunding` decimal(10,2) DEFAULT NULL,
  `initialInvestmentCurrencyId` int DEFAULT NULL,
  `annualFundingCurrencyId` int DEFAULT NULL,
  PRIMARY KEY (`id`),
  KEY `FK_dbfa822d910267695efb76e3fae` (`initialInvestmentCurrencyId`),
  KEY `FK_1b99a5d53bc31768dbff7f39015` (`annualFundingCurrencyId`),
  CONSTRAINT `FK_1b99a5d53bc31768dbff7f39015` FOREIGN KEY (`annualFundingCurrencyId`) REFERENCES `currency` (`id`),
  CONSTRAINT `FK_dbfa822d910267695efb76e3fae` FOREIGN KEY (`initialInvestmentCurrencyId`) REFERENCES `currency` (`id`)
) ENGINE=InnoDB AUTO_INCREMENT=33 DEFAULT CHARSET=utf8mb4 COLLATE=utf8mb4_0900_ai_ci;
/*!40101 SET character_set_client = @saved_cs_client */;

--
-- Dumping data for table `project_funding_detail`
--

LOCK TABLES `project_funding_detail` WRITE;
/*!40000 ALTER TABLE `project_funding_detail` DISABLE KEYS */;
INSERT INTO `project_funding_detail` VALUES ('-','2020-12-17 13:41:39','-','2020-12-17 13:41:39',0,1,15,'ABC',2,100.00,5000.00,1,2),('-','2020-12-17 15:40:53','-','2020-12-17 15:40:53',0,2,17,'IMFABC',3,5.00,1.00,5,5),('-','2020-12-17 15:41:33','-','2020-12-17 15:41:33',0,3,17,'ADB',3,5.00,2.00,5,5),('-','2020-12-17 17:37:10','-','2020-12-17 17:37:10',0,4,18,'srilka',2,1.00,0.00,2,3),('-','2020-12-18 09:49:07','-','2020-12-18 09:49:07',0,5,19,'Jlanka Technologies ',1,500.00,100.00,2,2),('-','2020-12-19 06:32:51','-','2020-12-19 06:32:51',0,6,22,'Japanese Government ',3,500.00,100.00,2,2),('-','2020-12-24 22:21:31','-','2020-12-24 22:21:31',0,7,3,'ADB',1,12344444.00,12345678.00,6,3),('-','2020-12-28 16:17:35','-','2020-12-28 16:17:35',0,8,2,'ADB',3,10.00,2.00,2,5),('-','2021-01-02 12:08:11','-','2021-01-02 12:08:11',0,9,31,'IMF',3,12.00,2.00,2,2),('-','2021-01-03 19:46:07','-','2021-01-03 19:46:07',0,10,37,'Donor1',2,2.21,5.00,3,3),('-','2021-01-08 23:30:58','-','2021-01-08 23:30:58',0,11,44,'IMF',3,10.00,11.00,2,2),('-','2021-02-19 06:33:38','-','2021-02-19 06:33:38',0,12,68,'ADB',3,143.00,75.00,5,5),('-','2021-02-19 11:12:27','-','2021-02-19 11:12:27',0,13,70,'CMC',2,0.00,10.00,5,2),('-','2021-02-19 11:13:18','-','2021-02-19 11:13:18',0,14,70,'ADB',3,70.00,0.00,5,3),('-','2021-02-22 05:56:38','-','2021-02-22 05:56:38',0,15,71,'Government of Russia',2,0.11,0.05,3,3),('-','2021-02-22 05:57:06','-','2021-02-22 05:57:06',0,16,72,'fh',2,0.04,0.01,3,3),('-','2021-02-22 08:53:00','-','2021-02-22 08:53:00',0,17,73,'ADB',1,0.06,0.00,3,3),('-','2021-02-22 11:23:04','-','2021-02-22 11:23:04',0,18,74,'ABC',2,0.04,0.04,3,3),('-','2021-02-22 11:23:19','-','2021-02-22 11:23:19',0,19,76,'WHO',3,0.02,0.00,3,6),('-','2021-02-22 11:23:26','-','2021-02-22 11:23:26',0,20,74,'XYZ',1,0.01,0.01,3,3),('-','2021-02-22 11:23:32','-','2021-02-22 11:23:32',0,21,75,'ANM',3,0.20,0.10,6,6),('-','2021-02-23 06:07:51','-','2021-02-23 06:07:51',0,22,77,'ADB',3,100.00,0.00,5,3),('-','2021-02-23 06:09:26','-','2021-02-23 06:09:26',0,23,78,'EIDB',3,1.00,6.70,5,4),('-','2021-02-23 08:48:27','-','2021-02-23 08:48:27',0,24,79,'ADB',3,1.00,0.01,5,2),('-','2021-02-23 08:48:52','-','2021-02-23 08:48:52',0,25,79,'World Bank',1,0.00,0.00,3,3),('-','2021-02-23 08:48:53','-','2021-02-23 08:48:53',0,26,80,'UNDP',3,1.00,0.05,3,5),('-','2021-06-29 00:37:48','-','2021-06-29 00:37:48',0,27,87,'XXX',1,2.00,5.00,3,3),('-','2022-03-07 14:31:40','-','2022-03-07 14:31:40',0,28,94,'The World Bank',3,50.00,5.00,3,3),('-','2022-03-08 01:30:29','-','2022-03-08 01:30:29',0,29,95,'International donor',3,10.00,1.00,5,5),('-','2022-07-07 05:32:32','-','2022-07-07 05:32:32',0,30,133,'test donor',3,28.00,10.00,5,5),('-','2022-07-07 05:33:11','-','2022-07-07 05:33:11',0,31,133,'test donor 1',2,22.00,8.00,5,5),('-','2022-09-15 11:16:28','-','2022-09-15 11:16:28',0,32,136,'WB',3,0.28,0.07,3,3);
/*!40000 ALTER TABLE `project_funding_detail` ENABLE KEYS */;
UNLOCK TABLES;

--
-- Table structure for table `project_program_data`
--

DROP TABLE IF EXISTS `project_program_data`;
/*!40101 SET @saved_cs_client     = @@character_set_client */;
/*!50503 SET character_set_client = utf8mb4 */;
CREATE TABLE `project_program_data` (
  `createdBy` varchar(255) NOT NULL,
  `createdOn` datetime NOT NULL,
  `editedBy` varchar(255) NOT NULL,
  `editedOn` datetime NOT NULL,
  `status` int NOT NULL,
  `id` int NOT NULL AUTO_INCREMENT,
  `year` int NOT NULL,
  `requestedDate` datetime NOT NULL,
  `deadline` datetime DEFAULT NULL,
  `dataEntryDeadline` datetime DEFAULT NULL,
  `projectProgress` varchar(2500) DEFAULT NULL,
  `requestedDataType1` varchar(255) DEFAULT NULL,
  `requestedDataType2` varchar(255) DEFAULT NULL,
  `dataRequestNote` varchar(255) DEFAULT NULL,
  `noteDataEntry` varchar(255) DEFAULT NULL,
  `noteDataApprover` varchar(255) DEFAULT NULL,
  `noteDataCCS` varchar(255) DEFAULT NULL,
  `chatURL` varchar(255) DEFAULT NULL,
  `projectProgramId` int DEFAULT NULL,
  `dataEntryUserId` int DEFAULT NULL,
  `projectStatusId` int DEFAULT NULL,
  `dataRequestStatusId` int DEFAULT NULL,
  PRIMARY KEY (`id`),
  KEY `FK_dac5c9418c8724cb620d3732fb4` (`projectProgramId`),
  KEY `FK_cc18fe6e7b67e39985c9676f6f5` (`dataEntryUserId`),
  KEY `FK_7b2b52cd73c41eee5bebc20779a` (`projectStatusId`),
  KEY `FK_2dc76e11ad2a4922cc8159ee418` (`dataRequestStatusId`),
  CONSTRAINT `FK_2dc76e11ad2a4922cc8159ee418` FOREIGN KEY (`dataRequestStatusId`) REFERENCES `data_request_status` (`id`),
  CONSTRAINT `FK_7b2b52cd73c41eee5bebc20779a` FOREIGN KEY (`projectStatusId`) REFERENCES `project_status` (`id`),
  CONSTRAINT `FK_cc18fe6e7b67e39985c9676f6f5` FOREIGN KEY (`dataEntryUserId`) REFERENCES `user` (`id`),
  CONSTRAINT `FK_dac5c9418c8724cb620d3732fb4` FOREIGN KEY (`projectProgramId`) REFERENCES `project_programme` (`id`)
) ENGINE=InnoDB AUTO_INCREMENT=76 DEFAULT CHARSET=utf8mb4 COLLATE=utf8mb4_0900_ai_ci;
/*!40101 SET character_set_client = @saved_cs_client */;

--
-- Dumping data for table `project_program_data`
--

LOCK TABLES `project_program_data` WRITE;
/*!40000 ALTER TABLE `project_program_data` DISABLE KEYS */;
INSERT INTO `project_program_data` VALUES ('-','2021-01-11 16:33:53','-','2021-01-12 03:03:36',0,20,2020,'2021-01-11 16:33:52','2021-01-28 18:30:00','2021-01-20 18:30:00','inprogress','Annual Progress','Status of Operation',NULL,NULL,NULL,NULL,NULL,45,114,2,2),('-','2021-01-12 02:59:03','-','2021-01-12 03:04:36',0,21,2019,'2021-01-12 02:59:03','2021-01-20 18:30:00',NULL,'In progress','Annual Progress','Status of Operation',NULL,NULL,NULL,NULL,NULL,45,NULL,2,7),('-','2021-01-12 02:59:03','-','2021-01-12 03:04:36',0,22,2019,'2021-01-12 02:59:03','2021-01-20 18:30:00','2021-01-20 18:30:00','inptogress','Annual Progress','Status of Operation',NULL,NULL,NULL,NULL,NULL,46,114,2,7),('-','2021-01-19 08:48:34','-','2021-01-19 08:58:19',0,23,2021,'2021-01-19 08:48:34','2021-02-27 18:30:00','2022-02-28 18:30:00','In progress, 50 % covered','Annual Progress','Status of Operation',NULL,NULL,NULL,NULL,NULL,52,133,2,7),('-','2021-01-31 10:27:43','-','2021-01-31 12:43:56',0,25,2016,'2021-01-31 10:27:43','2021-02-28 18:30:00','2021-02-27 18:30:00','metro bus project - Sri lanka project progress','Annual Progress','Status of Operation',NULL,NULL,NULL,NULL,NULL,56,133,2,7),('-','2021-02-03 19:29:38','-','2021-02-03 19:37:13',0,27,2018,'2021-02-03 19:29:38','2021-02-27 18:30:00',NULL,NULL,'Annual Progress','Status of Operation',NULL,NULL,NULL,NULL,NULL,45,NULL,NULL,9),('-','2021-02-03 19:29:38','-','2021-02-08 09:38:57',0,28,2018,'2021-02-03 19:29:38','2021-02-27 18:30:00',NULL,NULL,'Annual Progress','Status of Operation',NULL,NULL,NULL,NULL,NULL,51,NULL,NULL,9),('-','2021-02-03 20:05:13','-','2021-02-03 20:05:48',0,29,2016,'2021-02-03 20:05:14','2021-02-26 18:30:00',NULL,NULL,'Annual Progress','Status of Operation',NULL,NULL,NULL,NULL,NULL,45,NULL,NULL,8),('-','2021-02-09 13:58:23','-','2021-02-09 17:55:32',0,30,2021,'2021-02-09 13:58:23','2021-02-27 18:30:00',NULL,'Not in operation','Annual Progress','Status of Operation',NULL,NULL,NULL,NULL,NULL,45,NULL,6,6),('-','2021-02-09 13:58:23','-','2021-02-09 13:58:23',0,31,2021,'2021-02-09 13:58:23','2021-02-27 18:30:00',NULL,NULL,'Annual Progress','Status of Operation',NULL,NULL,NULL,NULL,NULL,51,NULL,NULL,1),('-','2021-02-10 17:31:51','-','2021-02-10 18:05:03',0,33,2021,'2021-02-10 17:31:50','2021-03-30 18:30:00','2021-03-23 18:30:00','Fully fully done','Annual Progress','Status of Operation',NULL,NULL,NULL,NULL,NULL,58,133,2,7);
/*!40000 ALTER TABLE `project_program_data` ENABLE KEYS */;
UNLOCK TABLES;

--
-- Table structure for table `project_programme`
--

DROP TABLE IF EXISTS `project_programme`;
/*!40101 SET @saved_cs_client     = @@character_set_client */;
/*!50503 SET character_set_client = utf8mb4 */;
CREATE TABLE `project_programme` (
  `createdBy` varchar(255) NOT NULL,
  `createdOn` datetime NOT NULL,
  `editedBy` varchar(255) NOT NULL,
  `editedOn` datetime NOT NULL,
  `status` int NOT NULL,
  `id` int NOT NULL AUTO_INCREMENT,
  `name` varchar(255) NOT NULL,
  `proposedDateOfCommence` datetime NOT NULL,
  `projectStatusId` int DEFAULT NULL,
  `climateChangeDataCategoryId` int DEFAULT NULL,
  `sectorId` int DEFAULT NULL,
  `subSectorId` int DEFAULT NULL,
  `projectTypeId` int DEFAULT NULL,
  `isProject` tinyint NOT NULL,
  `longitude` decimal(10,6) DEFAULT '0.000000',
  `latitude` decimal(10,6) DEFAULT '0.000000',
  `ghgEmissions` varchar(255) DEFAULT NULL,
  `adaptationBenefits` varchar(255) DEFAULT NULL,
  `isPublicProponent` tinyint DEFAULT '0',
  `publicDonor` tinyint DEFAULT '0',
  `privateDonor` tinyint DEFAULT '0',
  `internationalDonor` tinyint DEFAULT '0',
  `privatePublicDonor` tinyint DEFAULT '0',
  `ngoDonor` tinyint DEFAULT '0',
  `financingSchemeId` int DEFAULT NULL,
  `directSDBenefitId` int DEFAULT NULL,
  `indirectSDBenefitId` int DEFAULT NULL,
  `provinceId` int DEFAULT NULL,
  `districtId` int DEFAULT NULL,
  `divisionalSecretariatId` int DEFAULT NULL,
  `projectDuration` decimal(5,1) NOT NULL DEFAULT '0.0',
  `dataSourceId` int DEFAULT NULL,
  `description` varchar(2500) NOT NULL,
  `scope` varchar(2500) DEFAULT NULL,
  `partiesInvolved` varchar(2500) DEFAULT NULL,
  `totalProjectCost` decimal(10,6) DEFAULT NULL,
  `outcomes` varchar(2500) DEFAULT NULL,
  `projectProponents` varchar(255) DEFAULT NULL,
  `implementingEntities` varchar(255) DEFAULT NULL,
  `executingEntity` varchar(255) DEFAULT NULL,
  `beneficiaries` varchar(255) DEFAULT NULL,
  `totalProjectCostCurrencyId` int DEFAULT NULL,
  `deletedAt` datetime(6) DEFAULT NULL,
  `isNational` tinyint DEFAULT NULL,
  `isSpecificLocation` tinyint DEFAULT NULL,
  `isPendingApprove` tinyint NOT NULL DEFAULT '0',
  PRIMARY KEY (`id`),
  KEY `FK_106ed992950b2d800d6d4abefa5` (`projectStatusId`),
  KEY `FK_50440573a1ef41f28e305faf2b4` (`climateChangeDataCategoryId`),
  KEY `FK_696cb61bda6241bdc7e62fc2ab2` (`sectorId`),
  KEY `FK_1908041df927fe2c714d6e9086e` (`subSectorId`),
  KEY `FK_dc6d8b7ae9d296c87e318ac3267` (`projectTypeId`),
  KEY `FK_fd275fe2ac4c590220c0a4e70e6` (`financingSchemeId`),
  KEY `FK_0c9305775b4c5746455d66bab9d` (`directSDBenefitId`),
  KEY `FK_d3254ae9e8df0f2b3c8bd677671` (`indirectSDBenefitId`),
  KEY `FK_9ab01fb36ba80c0c3d7c69be4b1` (`provinceId`),
  KEY `FK_abedc12db6f3e4438bda16de517` (`districtId`),
  KEY `FK_174cf56ab9d5195029302620d26` (`divisionalSecretariatId`),
  KEY `FK_d0f8a29db265197c00250df8505` (`dataSourceId`),
  KEY `FK_1ebbbbcd313011fab1983e63f3e` (`totalProjectCostCurrencyId`),
  CONSTRAINT `FK_0c9305775b4c5746455d66bab9d` FOREIGN KEY (`directSDBenefitId`) REFERENCES `sd_benefit` (`id`),
  CONSTRAINT `FK_106ed992950b2d800d6d4abefa5` FOREIGN KEY (`projectStatusId`) REFERENCES `project_status` (`id`),
  CONSTRAINT `FK_174cf56ab9d5195029302620d26` FOREIGN KEY (`divisionalSecretariatId`) REFERENCES `divisional_secretariat` (`id`),
  CONSTRAINT `FK_1908041df927fe2c714d6e9086e` FOREIGN KEY (`subSectorId`) REFERENCES `sub_sector` (`id`),
  CONSTRAINT `FK_1ebbbbcd313011fab1983e63f3e` FOREIGN KEY (`totalProjectCostCurrencyId`) REFERENCES `currency` (`id`),
  CONSTRAINT `FK_50440573a1ef41f28e305faf2b4` FOREIGN KEY (`climateChangeDataCategoryId`) REFERENCES `climate_change_data_category` (`id`),
  CONSTRAINT `FK_696cb61bda6241bdc7e62fc2ab2` FOREIGN KEY (`sectorId`) REFERENCES `sector` (`id`),
  CONSTRAINT `FK_9ab01fb36ba80c0c3d7c69be4b1` FOREIGN KEY (`provinceId`) REFERENCES `province` (`id`),
  CONSTRAINT `FK_abedc12db6f3e4438bda16de517` FOREIGN KEY (`districtId`) REFERENCES `district` (`id`),
  CONSTRAINT `FK_d0f8a29db265197c00250df8505` FOREIGN KEY (`dataSourceId`) REFERENCES `institution` (`id`),
  CONSTRAINT `FK_d3254ae9e8df0f2b3c8bd677671` FOREIGN KEY (`indirectSDBenefitId`) REFERENCES `sd_benefit` (`id`),
  CONSTRAINT `FK_dc6d8b7ae9d296c87e318ac3267` FOREIGN KEY (`projectTypeId`) REFERENCES `project_type` (`id`),
  CONSTRAINT `FK_fd275fe2ac4c590220c0a4e70e6` FOREIGN KEY (`financingSchemeId`) REFERENCES `financing_scheme` (`id`)
) ENGINE=InnoDB AUTO_INCREMENT=153 DEFAULT CHARSET=utf8mb4 COLLATE=utf8mb4_0900_ai_ci;
/*!40101 SET character_set_client = @saved_cs_client */;

--
-- Dumping data for table `project_programme`
--

LOCK TABLES `project_programme` WRITE;
/*!40000 ALTER TABLE `project_programme` DISABLE KEYS */;
INSERT INTO `project_programme` VALUES ('','2021-01-11 08:11:51','','2021-01-11 08:11:51',0,45,'Grid Connected Biomass','2018-12-31 18:30:00',2,2,2,NULL,1,1,0.000000,0.000000,' 280.1 kt CO2e','',0,0,0,0,0,0,NULL,7,3,NULL,NULL,NULL,10.0,96,'Objectives of the Grid Connected Biomass','Main components of the Grid Connected Biomass project',NULL,NULL,'Enhance the renewable energy capacity',NULL,NULL,NULL,NULL,3,NULL,1,0,0),('','2021-01-11 08:20:30','','2021-01-11 08:20:30',0,46,'Establishment of large scale wind power plants of 514 MW','2012-12-31 18:30:00',2,2,2,NULL,3,0,0.000000,0.000000,'NA','NA',1,0,0,0,0,0,NULL,7,3,NULL,NULL,NULL,19.0,96,'GHG emission reduction & Increase the renewable energy share in grid mix','Main components of the \'Establishment of large scale wind power plants of 514 MW\' project',NULL,NULL,'GHG Emission Reduction','Ceylon Electricity Board','NA','Ceylon Electricity Board',NULL,3,'2021-01-12 03:44:23.000000',1,0,0),('','2021-01-11 09:31:43','','2021-01-11 09:31:43',0,47,'solar','2018-12-31 18:30:00',2,2,2,NULL,2,1,0.000000,0.000000,'60','wrwve',1,1,0,0,0,0,1,1,1,NULL,NULL,NULL,12.0,96,'obj','com','hfweoigrjionfnksfnprn',70.000000,'iifuif','SLR','SLR','SLR','kdnnsdfnafoi',3,'2021-01-11 09:45:58.000000',1,0,0),('','2021-01-11 09:40:19','','2021-01-11 09:40:19',0,48,'Electrification of the railway system from Veyangoda to Panadura','2015-12-31 18:30:00',1,2,3,NULL,2,1,0.000000,0.000000,'','',1,0,0,0,0,0,NULL,11,9,9,NULL,NULL,3.0,108,'Establish a better, electrified railway system in a selected fragment of the existing railways of Sri Lanka, through installing necessary infrastructure changes, new locomotives and signal systems for efficient railway system with reduced GHG emissions. Training and capacity building for proper and sustainable operation of the electrified railway system',NULL,NULL,47.610000,'~70 km of the existing railway track electrified with better infrastructure, locomotives, and signal systems \n- The number of personnel (mostly engineers, technical officers, and planners) trained in the countries within the region (e.g. Singapore, Japan) and other developed countries (e.g. Europe, USA) are expected to contribute to the sustainable functioning of the electrified railway system \n- Improvements and capacity building within the overall transport sector in Sri Lanka','Sri Lanka Railway',NULL,NULL,NULL,5,NULL,NULL,NULL,1),('','2021-01-11 09:44:38','','2021-01-11 09:44:38',0,49,'Electrification of the railway system from Veyangoda to Panadura','2015-12-31 18:30:00',1,2,3,NULL,2,0,0.000000,0.000000,'','',1,0,0,0,0,0,NULL,11,9,9,NULL,NULL,3.0,108,'Establish a better, electrified railway system in a selected fragment of the existing railways of Sri Lanka, through installing necessary infrastructure changes, new locomotives and signal systems for efficient railway system with reduced GHG emissions. Training and capacity building for proper and sustainable operation of the electrified railway system',NULL,NULL,47.610000,'~70 km of the existing railway track electrified with better infrastructure, locomotives, and signal systems \n- The number of personnel (mostly engineers, technical officers, and planners) trained in the countries within the region (e.g. Singapore, Japan) and other developed countries (e.g. Europe, USA) are expected to contribute to the sustainable functioning of the electrified railway system \n- Improvements and capacity building within the overall transport sector in Sri Lanka','Sri Lanka Railway',NULL,NULL,NULL,5,'2021-01-11 09:45:35.000000',NULL,NULL,0),('','2021-01-11 16:11:03','','2021-01-11 16:11:03',0,50,'Electrification of the railway system from Veyangoda to Panadura','2021-01-03 18:30:00',1,2,3,NULL,5,1,80.565624,6.823006,'','',0,0,0,0,0,0,NULL,NULL,NULL,NULL,NULL,NULL,0.0,89,'electrification ',NULL,NULL,NULL,NULL,NULL,NULL,NULL,NULL,3,'2021-02-17 07:19:37.000000',0,1,0),('','2021-01-12 06:04:36','','2021-01-12 06:04:36',0,51,'Establishment of large scale wind power plants of 514 MW','2012-12-31 18:30:00',2,2,2,NULL,3,0,80.625465,7.313322,'N/A','',1,0,0,0,0,0,NULL,7,3,NULL,NULL,NULL,17.0,96,'GHG emission reduction & Increase the renewable energy share in grid mix\n\n\n\n','N/A','CEB, SPP',NULL,'Granualty level of available data National','CEB','N/A','CEB','Beneficiaries:General public, CEB',NULL,NULL,1,0,0),('','2021-01-19 08:40:28','','2021-01-19 08:40:28',0,52,'Metro bus project - Western province','2020-12-31 18:30:00',1,2,3,NULL,2,1,0.000000,0.000000,'CHG','WEQWQE',1,0,0,0,0,0,NULL,9,9,9,NULL,NULL,2.0,106,'Metro bus project - Western province','In order to identify how many metro buses are operating in the western province',NULL,0.010000,NULL,'SLTB',NULL,NULL,NULL,NULL,NULL,0,0,0),('','2021-01-21 04:03:56','','2021-01-21 04:03:56',0,53,'National transport project - luxury buses ','2021-01-31 18:30:00',1,2,3,NULL,2,1,0.000000,0.000000,'','',1,0,0,0,0,0,NULL,NULL,NULL,NULL,NULL,NULL,1.0,106,'Introducing new luxury buses and improve quality of public transport','Introducing new luxury buses and improve quality of public transport','SLTB',NULL,'improve quality of public transport','SLTB',NULL,'SLTB',NULL,3,NULL,1,0,0),('','2021-01-31 07:56:52','','2021-01-31 07:56:52',0,56,'Metro bus project - Sri Lanka','2016-01-31 18:30:00',2,2,3,NULL,2,1,0.000000,0.000000,'Metro bus project - Sri Lanka - GHG Emission','Metro bus project - Sri Lanka - Adaptation benefits',1,0,0,0,0,0,2,2,2,NULL,NULL,NULL,1.0,106,'Metro bus project - Sri Lanka - Objectives','Metro bus project - Sri Lanka - Objectives - Main components','Ministry of transport and ministry of tourism',NULL,'Metro bus project - Sri Lanka - Objectives - Project outcomes','SLTB','SLTB','SLTB','Ministry of transport and ministry of tourism - Beneficiaries',3,'2021-07-04 20:49:36.000000',1,0,0),('','2021-02-10 17:24:40','','2021-02-10 17:24:40',0,58,'Metro train project - National - 2021 to 2023','2021-02-28 18:30:00',1,2,3,NULL,2,0,0.000000,0.000000,'CHG Emission reductions','CHG adaptation benefits',1,1,0,0,0,0,2,NULL,NULL,NULL,NULL,NULL,2.0,106,'Metro train project - National - 2021 to 2023\nObjectives of the project','Metro train project - National - 2021 to 2023\nMain components of the project',NULL,0.000000,'Metro train project - National - 2021 to 2023\nProject outcomes','SLRW',NULL,'SLRW',NULL,3,'2021-07-04 20:54:32.000000',1,0,0),('','2021-02-19 08:04:13','','2021-02-19 08:04:13',0,69,'Metro bus project - local','2021-02-28 18:30:00',2,2,3,NULL,2,1,79.730351,8.043311,'Metro bus project - Sri Lanka - GHG Emission','Metro bus project - Sri Lanka - Adaptation benefits',0,0,0,1,0,0,1,7,13,NULL,NULL,NULL,2.0,106,'Government project - Objectives','Government project - Main Objectives','mention',20.080000,'Project outcomes ','Enter project proponents test','Enter project proponents test','Enter project proponents test','benefisiaries',5,NULL,0,1,0),('','2022-03-12 03:33:23','','2022-03-12 03:33:23',0,97,'Use the pipeline to transfer the fuel from harbour to Kollonnawa','2022-04-19 18:30:00',1,2,3,NULL,2,1,0.000000,0.000000,'800 tCO2e','Adaptation benifit',0,0,0,0,0,0,1,13,13,NULL,NULL,NULL,1.0,497,'Use the pipeline to transfer the fuel from harbour to Kollonnawa','Use the pipeline to transfer the fuel from harbour to Kollonnawa','UAT - Ceylon Petroleum Storage Terminal Ltd',5000.000000,'Reduce traffic congestion','UAT - Ceylon Petroleum Storage Terminal Ltd','UAT - Ceylon Petroleum Storage Terminal Ltd','UAT - Ceylon Petroleum Storage Terminal Ltd','Public passeneger',6,NULL,0,0,0),('','2022-03-25 05:00:43','','2022-03-25 05:00:43',0,102,'Electification of Railway from Veyangoda to panadura','2022-03-30 18:30:00',4,2,3,NULL,2,1,79.906842,6.706291,'','',1,0,0,1,0,0,2,NULL,NULL,NULL,NULL,NULL,5.0,104,'Enhance the public transportation','phase 1 will be from Veyangoda to Panadura','CGR',NULL,'1. Reduce Traffic, 2. Enhance comfortability, GHG emission reduction of 6000tCO2 per year','CGR','CGR','CGR','General Public',NULL,NULL,0,1,1);
/*!40000 ALTER TABLE `project_programme` ENABLE KEYS */;
UNLOCK TABLES;

--
-- Table structure for table `project_status`
--

DROP TABLE IF EXISTS `project_status`;
/*!40101 SET @saved_cs_client     = @@character_set_client */;
/*!50503 SET character_set_client = utf8mb4 */;
CREATE TABLE `project_status` (
  `createdBy` varchar(255) NOT NULL,
  `createdOn` datetime NOT NULL,
  `editedBy` varchar(255) NOT NULL,
  `editedOn` datetime NOT NULL,
  `status` int NOT NULL,
  `id` int NOT NULL AUTO_INCREMENT,
  `name` varchar(255) NOT NULL,
  `sortOrder` int NOT NULL,
  `description` varchar(2500) NOT NULL,
  PRIMARY KEY (`id`)
) ENGINE=InnoDB AUTO_INCREMENT=7 DEFAULT CHARSET=utf8mb4 COLLATE=utf8mb4_0900_ai_ci;
/*!40101 SET character_set_client = @saved_cs_client */;

--
-- Dumping data for table `project_status`
--

LOCK TABLES `project_status` WRITE;
/*!40000 ALTER TABLE `project_status` DISABLE KEYS */;
INSERT INTO `project_status` VALUES (' ','2020-11-15 00:00:00',' ','2020-11-15 00:00:00',0,1,'Proposed',1,''),(' ','2020-11-15 00:00:00',' ','2020-11-15 00:00:00',0,2,'Operational',2,''),(' ','2020-11-15 00:00:00',' ','2020-11-15 00:00:00',0,3,'Suspended',3,''),(' ','2020-11-15 00:00:00',' ','2020-11-15 00:00:00',0,4,'Postponed',4,''),(' ','2020-11-15 00:00:00',' ','2020-11-15 00:00:00',0,5,'Abondand',5,''),(' ','2020-11-15 00:00:00',' ','2020-11-15 00:00:00',0,6,'Closed ',6,'');
/*!40000 ALTER TABLE `project_status` ENABLE KEYS */;
UNLOCK TABLES;

--
-- Table structure for table `project_type`
--

DROP TABLE IF EXISTS `project_type`;
/*!40101 SET @saved_cs_client     = @@character_set_client */;
/*!50503 SET character_set_client = utf8mb4 */;
CREATE TABLE `project_type` (
  `createdBy` varchar(255) NOT NULL,
  `createdOn` datetime NOT NULL,
  `editedBy` varchar(255) NOT NULL,
  `editedOn` datetime NOT NULL,
  `status` int NOT NULL,
  `id` int NOT NULL AUTO_INCREMENT,
  `name` varchar(255) NOT NULL,
  `sortOrder` int NOT NULL,
  `description` varchar(2500) NOT NULL,
  PRIMARY KEY (`id`)
) ENGINE=InnoDB AUTO_INCREMENT=6 DEFAULT CHARSET=utf8mb4 COLLATE=utf8mb4_0900_ai_ci;
/*!40101 SET character_set_client = @saved_cs_client */;

--
-- Dumping data for table `project_type`
--

LOCK TABLES `project_type` WRITE;
/*!40000 ALTER TABLE `project_type` DISABLE KEYS */;
INSERT INTO `project_type` VALUES (' ','2020-11-15 00:00:00',' ','2020-11-15 00:00:00',0,1,'Private Project',1,''),(' ','2020-11-15 00:00:00',' ','2020-11-15 00:00:00',0,2,'Government project',1,''),(' ','2020-11-15 00:00:00',' ','2020-11-15 00:00:00',0,3,'Public Private Partnership',2,''),(' ','2020-11-15 00:00:00',' ','2020-11-15 00:00:00',0,4,'NGO project',3,''),(' ','2020-11-15 00:00:00',' ','2020-11-15 00:00:00',0,5,'International Project',4,'');
/*!40000 ALTER TABLE `project_type` ENABLE KEYS */;
UNLOCK TABLES;

--
-- Table structure for table `province`
--

DROP TABLE IF EXISTS `province`;
/*!40101 SET @saved_cs_client     = @@character_set_client */;
/*!50503 SET character_set_client = utf8mb4 */;
CREATE TABLE `province` (
  `createdBy` varchar(255) NOT NULL,
  `createdOn` datetime NOT NULL,
  `editedBy` varchar(255) NOT NULL,
  `editedOn` datetime NOT NULL,
  `status` int NOT NULL,
  `id` int NOT NULL AUTO_INCREMENT,
  `name` varchar(255) NOT NULL,
  `sortOrder` int NOT NULL,
  `description` varchar(2500) NOT NULL,
  PRIMARY KEY (`id`)
) ENGINE=InnoDB AUTO_INCREMENT=10 DEFAULT CHARSET=utf8mb4 COLLATE=utf8mb4_0900_ai_ci;
/*!40101 SET character_set_client = @saved_cs_client */;

--
-- Dumping data for table `province`
--

LOCK TABLES `province` WRITE;
/*!40000 ALTER TABLE `province` DISABLE KEYS */;
INSERT INTO `province` VALUES ('','0000-00-00 00:00:00','','0000-00-00 00:00:00',0,1,'Central',1,''),('','0000-00-00 00:00:00','','0000-00-00 00:00:00',0,2,'Eastern',2,''),('','0000-00-00 00:00:00','','0000-00-00 00:00:00',0,3,'North Central',3,''),('','0000-00-00 00:00:00','','0000-00-00 00:00:00',0,4,'Northern',4,''),('','0000-00-00 00:00:00','','0000-00-00 00:00:00',0,5,'North Western',5,''),('','0000-00-00 00:00:00','','0000-00-00 00:00:00',0,6,'Sabaragamuwa',6,''),('','0000-00-00 00:00:00','','0000-00-00 00:00:00',0,7,'Southern',7,''),('','0000-00-00 00:00:00','','0000-00-00 00:00:00',0,8,'Uva',8,''),('','0000-00-00 00:00:00','','0000-00-00 00:00:00',0,9,'Western',9,'');
/*!40000 ALTER TABLE `province` ENABLE KEYS */;
UNLOCK TABLES;

--
-- Table structure for table `sd_benefit`
--

DROP TABLE IF EXISTS `sd_benefit`;
/*!40101 SET @saved_cs_client     = @@character_set_client */;
/*!50503 SET character_set_client = utf8mb4 */;
CREATE TABLE `sd_benefit` (
  `createdBy` varchar(255) NOT NULL,
  `createdOn` datetime NOT NULL,
  `editedBy` varchar(255) NOT NULL,
  `editedOn` datetime NOT NULL,
  `status` int NOT NULL,
  `id` int NOT NULL AUTO_INCREMENT,
  `name` varchar(255) NOT NULL,
  `sortOrder` int NOT NULL,
  `isDirectBenefit` tinyint NOT NULL,
  `isInDirectBenefit` tinyint NOT NULL,
  `description` varchar(2500) NOT NULL,
  PRIMARY KEY (`id`)
) ENGINE=InnoDB AUTO_INCREMENT=18 DEFAULT CHARSET=utf8mb4 COLLATE=utf8mb4_0900_ai_ci;
/*!40101 SET character_set_client = @saved_cs_client */;

--
-- Dumping data for table `sd_benefit`
--

LOCK TABLES `sd_benefit` WRITE;
/*!40000 ALTER TABLE `sd_benefit` DISABLE KEYS */;
INSERT INTO `sd_benefit` VALUES (' ','2020-11-15 00:00:00',' ','2020-11-15 00:00:00',0,1,'SDG 01-No poverty',1,1,1,''),(' ','2020-11-15 00:00:00',' ','2020-11-15 00:00:00',0,2,'SDG 02-Zero hunger',1,1,1,''),(' ','2020-11-15 00:00:00','  ','2020-11-15 00:00:00',0,3,'SDG 03-Good health and Well-being',1,1,1,''),(' ','2020-11-15 00:00:00',' ','2020-11-15 00:00:00',0,4,'SDG 04- Quality Education',1,1,1,''),(' ','2020-11-15 00:00:00',' ','2020-11-15 00:00:00',0,5,'SDG 05- Gender Equality',1,1,1,''),(' ','2020-11-15 00:00:00',' ','2020-11-15 00:00:00',0,6,'SDG 06- Clean water and Sanitation',1,1,1,''),(' ','2020-11-15 00:00:00','  ','2020-11-15 00:00:00',0,7,'SDG 07- Affordable and Clean Energy',1,1,1,''),(' ','2020-11-15 00:00:00',' ','2020-11-15 00:00:00',0,8,'SDG 08-Decent work and Economic growth',1,1,1,''),(' ','2020-11-15 00:00:00',' ','2020-11-15 00:00:00',0,9,'SDG 09- Industry, Innovation and Infrastructure',1,1,1,''),(' ','2020-11-15 00:00:00',' ','2020-11-15 00:00:00',0,10,'SDG 10- Reduced inequalities',1,1,1,''),(' ','2020-11-15 00:00:00','  ','2020-11-15 00:00:00',0,11,'SDG 11- Sustainable cities and Communities',1,1,1,''),(' ','2020-11-15 00:00:00',' ','2020-11-15 00:00:00',0,12,'SDG 12- Responsible Consumption and Production',1,1,1,''),(' ','2020-11-15 00:00:00',' ','2020-11-15 00:00:00',0,13,'SDG 13- Climate Action',1,1,1,''),(' ','2020-11-15 00:00:00',' ','2020-11-15 00:00:00',0,14,'SDG 14- Life below water',1,1,1,''),(' ','2020-11-15 00:00:00','  ','2020-11-15 00:00:00',0,15,'SDG 15- Life on land',1,1,1,''),(' ','2020-11-15 00:00:00',' ','2020-11-15 00:00:00',0,16,'SDG 16- Peace, Justice and Strong institutions',1,1,1,''),(' ','2020-11-15 00:00:00',' ','2020-11-15 00:00:00',0,17,'SDG 17-Partnerships for the goals',1,1,1,'');
/*!40000 ALTER TABLE `sd_benefit` ENABLE KEYS */;
UNLOCK TABLES;

--
-- Table structure for table `sector`
--

DROP TABLE IF EXISTS `sector`;
/*!40101 SET @saved_cs_client     = @@character_set_client */;
/*!50503 SET character_set_client = utf8mb4 */;
CREATE TABLE `sector` (
  `createdBy` varchar(255) NOT NULL,
  `createdOn` datetime NOT NULL,
  `editedBy` varchar(255) NOT NULL,
  `editedOn` datetime NOT NULL,
  `status` int NOT NULL,
  `id` int NOT NULL AUTO_INCREMENT,
  `name` varchar(255) NOT NULL,
  `sortOrder` int NOT NULL,
  `description` varchar(2500) NOT NULL,
  `climateChangeDataCategoryId` int DEFAULT NULL,
  PRIMARY KEY (`id`),
  KEY `FK_596c6d68cd66bf519473ae7182a` (`climateChangeDataCategoryId`),
  CONSTRAINT `FK_596c6d68cd66bf519473ae7182a` FOREIGN KEY (`climateChangeDataCategoryId`) REFERENCES `climate_change_data_category` (`id`)
) ENGINE=InnoDB AUTO_INCREMENT=28 DEFAULT CHARSET=utf8mb4 COLLATE=utf8mb4_0900_ai_ci;
/*!40101 SET character_set_client = @saved_cs_client */;

--
-- Dumping data for table `sector`
--

LOCK TABLES `sector` WRITE;
/*!40000 ALTER TABLE `sector` DISABLE KEYS */;
INSERT INTO `sector` VALUES ('','2020-11-15 00:00:00','','2020-11-15 00:00:00',0,1,'Health',1,'Health',3),(' ','2020-11-15 00:00:00',' ','2020-11-15 00:00:00',0,2,'Energy',1,'Includes all energy related activities except Transport',2),('-','2020-12-13 02:00:30','-','2020-12-13 02:00:30',0,3,'Transport ',1,'Road, rail, domestic air and inland water transport of passengers and goods',2),('-','2020-12-13 02:00:48','-','2020-12-13 02:00:48',0,4,'Food security-Agriculture',1,'Belongs to adaptation sector',3),('-','2020-12-13 02:01:02','-','2020-12-13 02:01:02',0,5,'IPPU',1,'Industrial processes and product use',2),('-','2020-12-13 02:01:36','-','2020-12-13 02:01:36',0,6,'Waste',1,'Industrial and Municipal Solid Waste',2),('-','2020-12-13 02:01:59','-','2020-12-13 02:01:59',0,7,'AFOLU',1,'Includes Agriculture, Forestry and Other Land Use',2),('-','2020-12-19 06:59:10','-','2020-12-19 06:59:10',0,8,'Biodiversity',1,'Sector under cc category adaptation',NULL),('-','2020-12-24 06:27:43','-','2020-12-24 06:27:43',0,9,'Water & Irrigation',1,'Belongs to adaptation sector',3),('-','2021-01-10 17:38:20','-','2021-01-10 17:38:20',0,10,'Food security-Livestock',1,'Belongs to Adaptation sector',NULL),('-','2021-01-10 17:39:00','-','2021-01-10 17:39:00',0,11,'Food security- Fisheries ',1,'Belongs to adaptation sector',NULL),('-','2021-01-10 17:39:36','-','2021-01-10 17:39:36',0,12,'Coastal & Marine',1,'Sector under cc category adaptation',3),('-','2021-01-10 17:40:14','-','2021-01-10 17:40:14',0,13,'Urban Infrastructure',1,'Belongs to adaptation sector',NULL),('-','2021-01-10 17:51:53','-','2021-01-10 17:51:53',0,14,'Tourism and Recreation',1,'Belongs to adaptation sector',NULL),('-','2021-01-10 17:52:10','-','2021-01-10 17:52:10',0,15,'Common',1,'',NULL),('-','2021-01-31 17:58:40','-','2021-01-31 17:58:40',0,16,'General',1,'Not specific to Climate Change',NULL),('-','2022-04-02 07:24:48','-','2022-04-02 07:24:48',0,20,'Water and irrigation',1,'Water and irrigation',NULL),('-','2022-04-02 11:34:27','-','2022-04-02 11:34:27',0,21,'Food Security - Fisheries',1,'Food Security - Fisheries',NULL),('-','2022-04-06 06:28:55','-','2022-04-06 06:28:55',0,23,'Meteorology',1,'Meteorology',NULL);
/*!40000 ALTER TABLE `sector` ENABLE KEYS */;
UNLOCK TABLES;

--
-- Table structure for table `sector_moe`
--

DROP TABLE IF EXISTS `sector_moe`;
/*!40101 SET @saved_cs_client     = @@character_set_client */;
/*!50503 SET character_set_client = utf8mb4 */;
CREATE TABLE `sector_moe` (
  `createdBy` varchar(255) NOT NULL,
  `createdOn` datetime NOT NULL,
  `editedBy` varchar(255) NOT NULL,
  `editedOn` datetime NOT NULL,
  `status` int NOT NULL,
  `id` int NOT NULL AUTO_INCREMENT,
  `name` varchar(255) NOT NULL,
  `sortOrder` int NOT NULL,
  `description` varchar(2500) NOT NULL,
  PRIMARY KEY (`id`)
) ENGINE=InnoDB AUTO_INCREMENT=4 DEFAULT CHARSET=utf8mb4 COLLATE=utf8mb4_0900_ai_ci;
/*!40101 SET character_set_client = @saved_cs_client */;

--
-- Dumping data for table `sector_moe`
--

LOCK TABLES `sector_moe` WRITE;
/*!40000 ALTER TABLE `sector_moe` DISABLE KEYS */;
INSERT INTO `sector_moe` VALUES (' ','2020-11-15 00:00:00',' ','2020-11-15 00:00:00',0,1,'Energy and Transport',1,''),(' ','2020-11-15 00:00:00',' ','2020-11-15 00:00:00',0,2,'Health',1,''),(' ','2020-11-15 00:00:00',' ','2020-11-15 00:00:00',0,3,'Wind',1,'');
/*!40000 ALTER TABLE `sector_moe` ENABLE KEYS */;
UNLOCK TABLES;

--
-- Table structure for table `shopping_cart`
--

DROP TABLE IF EXISTS `shopping_cart`;
/*!40101 SET @saved_cs_client     = @@character_set_client */;
/*!50503 SET character_set_client = utf8mb4 */;
CREATE TABLE `shopping_cart` (
  `createdBy` varchar(255) NOT NULL,
  `createdOn` datetime NOT NULL,
  `editedBy` varchar(255) NOT NULL,
  `editedOn` datetime NOT NULL,
  `status` int NOT NULL,
  `id` int NOT NULL AUTO_INCREMENT,
  `sessionId` varchar(255) NOT NULL,
  `token` varchar(255) NOT NULL,
  `cartStatus` int NOT NULL,
  `firstName` varchar(255) DEFAULT NULL,
  `lastName` varchar(255) DEFAULT NULL,
  `phoneNumber` varchar(255) DEFAULT NULL,
  `email` varchar(255) DEFAULT NULL,
  `streetAddress` varchar(255) DEFAULT NULL,
  `city` varchar(255) DEFAULT NULL,
  `province` varchar(255) DEFAULT NULL,
  `postalCode` int DEFAULT NULL,
  `country` varchar(255) DEFAULT NULL,
  `userEmail` varchar(255) NOT NULL,
  PRIMARY KEY (`id`)
) ENGINE=InnoDB AUTO_INCREMENT=96 DEFAULT CHARSET=utf8mb4 COLLATE=utf8mb4_0900_ai_ci;
/*!40101 SET character_set_client = @saved_cs_client */;

--
-- Dumping data for table `shopping_cart`
--

LOCK TABLES `shopping_cart` WRITE;
/*!40000 ALTER TABLE `shopping_cart` DISABLE KEYS */;
INSERT INTO `shopping_cart` VALUES ('-','2020-12-18 14:21:34','-','2020-12-18 14:21:34',0,1,'11fb19db-7420-4fe6-902d-8ec9ac08b606','11fb19db-7420-4fe6-902d-8ec9ac08b606',1,'Rohan','Map2','+94 121 212-123_','r2@tt.com','','','',0,'',''),('-','2021-01-02 09:16:08','-','2021-01-02 09:16:08',0,2,'7905c3a9-7d98-4ff9-b63b-485af5f7a3f7','7905c3a9-7d98-4ff9-b63b-485af5f7a3f7',1,'Rohan','Map','+94 ___ ___-____','superadmin@ccsdsnlk.lk','','','',0,'',''),('-','2021-01-04 09:07:21','-','2021-01-04 09:07:21',0,3,'8ff97d0e-1111-4024-9843-1a5de54025cb','8ff97d0e-1111-4024-9843-1a5de54025cb',1,'Amal12','Kumara','+07 731 231-2322','rohan2@techtranz.com','','','',0,'',''),('-','2021-01-08 13:20:34','-','2021-01-08 13:20:34',0,4,'eeab40fe-a95b-4e26-94e3-1ea26dcf7bbc','eeab40fe-a95b-4e26-94e3-1ea26dcf7bbc',1,NULL,NULL,NULL,NULL,NULL,NULL,NULL,NULL,NULL,'raj.innovative2@gmail.com'),('-','2021-01-08 23:55:10','-','2021-01-08 23:55:10',0,5,'932e9268-3789-400d-9c5c-651ec23026e4','932e9268-3789-400d-9c5c-651ec23026e4',3,NULL,NULL,NULL,NULL,NULL,NULL,NULL,NULL,NULL,'superadmin@ccsdsnlk.lk'),('-','2021-01-09 00:11:55','-','2021-01-09 00:11:55',0,6,'9a70831c-5def-4bd4-937d-a84a6af08cce','9a70831c-5def-4bd4-937d-a84a6af08cce',1,NULL,NULL,NULL,NULL,NULL,NULL,NULL,NULL,NULL,'pu111@tt.com'),('-','2021-01-11 14:57:19','-','2021-01-11 14:57:19',0,7,'c235982d-d419-49a0-a062-bd4aa5ec099e','c235982d-d419-49a0-a062-bd4aa5ec099e',1,NULL,NULL,NULL,NULL,NULL,NULL,NULL,NULL,NULL,'tpu2101111@abc.com'),('-','2021-01-12 03:06:44','-','2021-01-12 03:06:44',0,8,'439d2188-e093-430f-ac4d-35e63ffda04f','439d2188-e093-430f-ac4d-35e63ffda04f',3,NULL,NULL,NULL,NULL,NULL,NULL,NULL,NULL,NULL,'pavithra@dsn.lk'),('-','2021-01-12 06:13:23','-','2021-01-12 06:13:23',0,9,'9c055d56-3fa2-468b-a4ef-76d445b6605c','9c055d56-3fa2-468b-a4ef-76d445b6605c',1,NULL,NULL,NULL,NULL,NULL,NULL,NULL,NULL,NULL,'pu123@dsn.lk'),('-','2021-01-12 06:14:50','-','2021-01-12 06:14:50',0,10,'75f3fc80-50b2-444c-a05c-224576f3d9bc','75f3fc80-50b2-444c-a05c-224576f3d9bc',1,NULL,NULL,NULL,NULL,NULL,NULL,NULL,NULL,NULL,'asith@dsn.lk'),('-','2021-01-23 06:21:57','-','2021-01-23 06:21:57',0,11,'a452ff50-15d8-4569-8ba7-eba28770116e','a452ff50-15d8-4569-8ba7-eba28770116e',1,NULL,NULL,NULL,NULL,NULL,NULL,NULL,NULL,NULL,'mala@dsn.lk'),('-','2021-01-31 21:07:46','-','2021-01-31 21:07:46',0,12,'72e4a170-6c79-4de4-ad74-84322f7e3b1c','72e4a170-6c79-4de4-ad74-84322f7e3b1c',1,NULL,NULL,NULL,NULL,NULL,NULL,NULL,NULL,NULL,'lotus.mtours@gmail.com'),('-','2021-02-04 05:20:34','-','2021-02-04 05:20:34',0,13,'898961ad-4812-43ff-ba5e-59a970008454','898961ad-4812-43ff-ba5e-59a970008454',3,NULL,NULL,NULL,NULL,NULL,NULL,NULL,NULL,NULL,'superadmin@ccsdsnlk.lk'),('-','2021-02-05 03:47:04','-','2021-02-05 03:47:04',0,14,'7d24f441-f1b3-4755-bb65-9d58fb714e42','7d24f441-f1b3-4755-bb65-9d58fb714e42',3,NULL,NULL,NULL,NULL,NULL,NULL,NULL,NULL,NULL,'superadmin@ccsdsnlk.lk'),('-','2021-02-07 16:47:34','-','2021-02-07 16:47:34',0,15,'22d4510e-3ff2-4350-b306-d720817c2321','22d4510e-3ff2-4350-b306-d720817c2321',1,NULL,NULL,NULL,NULL,NULL,NULL,NULL,NULL,NULL,'dissanayake.psd.93@gmail.com'),('-','2021-02-07 17:01:18','-','2021-02-07 17:01:18',0,16,'445c84c3-af2c-4b04-98c0-1b4ad0eac89b','445c84c3-af2c-4b04-98c0-1b4ad0eac89b',1,NULL,NULL,NULL,NULL,NULL,NULL,NULL,NULL,NULL,'saman@ceb.gov.lk'),('-','2021-02-10 08:03:36','-','2021-02-10 08:03:36',0,17,'593498dc-b3dc-4832-a0df-8895ed3976b2','593498dc-b3dc-4832-a0df-8895ed3976b2',3,NULL,NULL,NULL,NULL,NULL,NULL,NULL,NULL,NULL,'superadmin@ccsdsnlk.lk'),('-','2021-02-12 16:28:06','-','2021-02-12 16:28:06',0,18,'175523d1-478e-4f4a-bfb3-2c0bb62414e9','175523d1-478e-4f4a-bfb3-2c0bb62414e9',1,NULL,NULL,NULL,NULL,NULL,NULL,NULL,NULL,NULL,'chamhetti@gmail.com'),('-','2021-02-13 06:49:00','-','2021-02-13 06:49:00',0,19,'a0bb4b62-2fb4-49b6-8ad6-134384cfcadf','a0bb4b62-2fb4-49b6-8ad6-134384cfcadf',3,NULL,NULL,NULL,NULL,NULL,NULL,NULL,NULL,NULL,'pavithra@climatesi.com'),('-','2021-02-15 09:15:05','-','2021-02-15 09:15:05',0,20,'bd2fe88e-b091-4ac1-8f64-9fafa1910aae','bd2fe88e-b091-4ac1-8f64-9fafa1910aae',1,NULL,NULL,NULL,NULL,NULL,NULL,NULL,NULL,NULL,'asith.kaushalya@ceb.lk'),('-','2021-02-16 06:09:42','-','2021-02-16 06:09:42',0,21,'a1798575-c0e2-4b98-80d2-164ab0dd8b43','a1798575-c0e2-4b98-80d2-164ab0dd8b43',3,NULL,NULL,NULL,NULL,NULL,NULL,NULL,NULL,NULL,'pavithra@climatesi.com'),('-','2021-02-16 06:09:48','-','2021-02-16 06:09:48',0,22,'b7933cf5-35e5-4834-bec9-a584339a5f34','b7933cf5-35e5-4834-bec9-a584339a5f34',1,NULL,NULL,NULL,NULL,NULL,NULL,NULL,NULL,NULL,'kanchana@pureceylontea.com'),('-','2021-02-16 06:10:19','-','2021-02-16 06:10:19',0,23,'beb86dc0-8c39-4cc3-abfb-c890e0fafa93','beb86dc0-8c39-4cc3-abfb-c890e0fafa93',1,NULL,NULL,NULL,NULL,NULL,NULL,NULL,NULL,NULL,'planning@aib.gov.lk'),('-','2021-02-16 11:26:41','-','2021-02-16 11:26:41',0,24,'53a2a486-e295-4e2d-b3b7-fc7cfe7af183','53a2a486-e295-4e2d-b3b7-fc7cfe7af183',1,NULL,NULL,NULL,NULL,NULL,NULL,NULL,NULL,NULL,'piyatilakw@yahoo.com'),('-','2021-02-16 17:31:47','-','2021-02-16 17:31:47',0,25,'4011a0dc-83b7-455d-9f5b-5a13ca9ef275','4011a0dc-83b7-455d-9f5b-5a13ca9ef275',1,NULL,NULL,NULL,NULL,NULL,NULL,NULL,NULL,NULL,'maladassanayake@gmail.com'),('-','2021-02-17 02:55:39','-','2021-02-17 02:55:39',0,26,'ef9b6d2b-bb1b-4eda-8c58-8c8ca0c3737c','ef9b6d2b-bb1b-4eda-8c58-8c8ca0c3737c',3,NULL,NULL,NULL,NULL,NULL,NULL,NULL,NULL,NULL,'superadmin@ccsdsnlk.lk'),('-','2021-02-17 03:28:03','-','2021-02-17 03:28:03',0,27,'60852f72-17ff-4d88-8c15-ca5ddbdc3cf5','60852f72-17ff-4d88-8c15-ca5ddbdc3cf5',1,NULL,NULL,NULL,NULL,NULL,NULL,NULL,NULL,NULL,'rpm2101171@yopmail.com'),('-','2021-02-17 06:33:04','-','2021-02-17 06:33:04',0,28,'6d62db5f-24f4-44d1-809a-2306f6537ac8','6d62db5f-24f4-44d1-809a-2306f6537ac8',3,NULL,NULL,NULL,NULL,NULL,NULL,NULL,NULL,NULL,'superadmin@ccsdsnlk.lk'),('-','2021-02-17 07:13:59','-','2021-02-17 07:13:59',0,29,'c6fa4143-9177-4f0a-ad52-208d81fa84b8','c6fa4143-9177-4f0a-ad52-208d81fa84b8',3,NULL,NULL,NULL,NULL,NULL,NULL,NULL,NULL,NULL,'pavithra@climatesi.com'),('-','2021-02-17 08:09:25','-','2021-02-17 08:09:25',0,30,'d75c04f4-9db5-452c-8a36-448e56606f9d','d75c04f4-9db5-452c-8a36-448e56606f9d',3,NULL,NULL,NULL,NULL,NULL,NULL,NULL,NULL,NULL,'indikedassanayake@gmail.com'),('-','2021-02-17 10:03:05','-','2021-02-17 10:03:05',0,31,'f3eedada-ce2d-404d-8dc4-bcf81a2a9670','f3eedada-ce2d-404d-8dc4-bcf81a2a9670',3,NULL,NULL,NULL,NULL,NULL,NULL,NULL,NULL,NULL,'wijemanner@gmail.com'),('-','2021-02-17 10:25:47','-','2021-02-17 10:25:47',0,32,'b5dbafc4-4094-4394-a239-754b9345923d','b5dbafc4-4094-4394-a239-754b9345923d',1,NULL,NULL,NULL,NULL,NULL,NULL,NULL,NULL,NULL,'mdg@leco.lk'),('-','2021-02-17 10:32:39','-','2021-02-17 10:32:39',0,33,'b008435a-046c-440d-b4fd-74192a020146','b008435a-046c-440d-b4fd-74192a020146',1,NULL,NULL,NULL,NULL,NULL,NULL,NULL,NULL,NULL,'t.wijerathna@kln.ac.lk'),('-','2021-02-18 14:44:57','-','2021-02-18 14:44:57',0,34,'94db7814-a4b4-47c8-bf97-15dc41def71c','94db7814-a4b4-47c8-bf97-15dc41def71c',3,NULL,NULL,NULL,NULL,NULL,NULL,NULL,NULL,NULL,'pavithra@climatesi.com'),('-','2021-02-19 06:09:08','-','2021-02-19 06:09:08',0,35,'4269a4d2-9fdd-4e16-982c-d86bbf752604','4269a4d2-9fdd-4e16-982c-d86bbf752604',3,NULL,NULL,NULL,NULL,NULL,NULL,NULL,NULL,NULL,'methmali@yahoo.com'),('-','2021-02-19 06:21:04','-','2021-02-19 06:21:04',0,36,'d7ad599d-041b-4359-866f-4bc995d74c6a','d7ad599d-041b-4359-866f-4bc995d74c6a',1,NULL,NULL,NULL,NULL,NULL,NULL,NULL,NULL,NULL,'shyamali888@gmail.com'),('-','2021-02-19 11:26:07','-','2021-02-19 11:26:07',0,37,'443257b2-76c9-4a00-8f3e-72fc60968fc3','443257b2-76c9-4a00-8f3e-72fc60968fc3',3,NULL,NULL,NULL,NULL,NULL,NULL,NULL,NULL,NULL,'achala696@gmail.com'),('-','2021-02-22 06:03:51','-','2021-02-22 06:03:51',0,38,'f3a04f01-d796-4a2e-9984-9dd0c8a77e67','f3a04f01-d796-4a2e-9984-9dd0c8a77e67',1,NULL,NULL,NULL,NULL,NULL,NULL,NULL,NULL,NULL,'terancy@gmail.com'),('-','2021-02-22 06:04:04','-','2021-02-22 06:04:04',0,39,'5bd38427-4124-4468-adb8-6d38c6a50958','5bd38427-4124-4468-adb8-6d38c6a50958',1,NULL,NULL,NULL,NULL,NULL,NULL,NULL,NULL,NULL,'doearth2002@yahoo.co.in'),('-','2021-02-22 09:07:06','-','2021-02-22 09:07:06',0,40,'b1774eff-e3e3-41a3-8362-bfc3cb3a6817','b1774eff-e3e3-41a3-8362-bfc3cb3a6817',1,NULL,NULL,NULL,NULL,NULL,NULL,NULL,NULL,NULL,'nuvanj@gmail.com'),('-','2021-02-22 11:06:22','-','2021-02-22 11:06:22',0,41,'5e063749-ca04-4cf1-a96a-45a5f2b99e6f','5e063749-ca04-4cf1-a96a-45a5f2b99e6f',3,NULL,NULL,NULL,NULL,NULL,NULL,NULL,NULL,NULL,'umesha.nishadi@yahoo.com'),('-','2021-02-22 11:06:26','-','2021-02-22 11:06:26',0,42,'302a0a66-5113-41e0-8a4f-8924a291f66d','302a0a66-5113-41e0-8a4f-8924a291f66d',1,NULL,NULL,NULL,NULL,NULL,NULL,NULL,NULL,NULL,'uoc.priyadarshani@yahoo.com'),('-','2021-02-22 11:06:28','-','2021-02-22 11:06:28',0,43,'10103210-e0c7-4de1-8230-9e656a892c14','10103210-e0c7-4de1-8230-9e656a892c14',1,NULL,NULL,NULL,NULL,NULL,NULL,NULL,NULL,NULL,'onalir@yahoo.com'),('-','2021-02-23 05:48:49','-','2021-02-23 05:48:49',0,44,'db4417f1-21bf-4b74-b19c-5cd17a4ffc5e','db4417f1-21bf-4b74-b19c-5cd17a4ffc5e',1,NULL,NULL,NULL,NULL,NULL,NULL,NULL,NULL,NULL,'dulanjanw@gmail.com'),('-','2021-02-23 05:51:31','-','2021-02-23 05:51:31',0,45,'8b555941-e0a3-43d8-a46c-3cc6354a409a','8b555941-e0a3-43d8-a46c-3cc6354a409a',1,NULL,NULL,NULL,NULL,NULL,NULL,NULL,NULL,NULL,'ayeshya22@gmail.com'),('-','2021-02-23 07:43:08','-','2021-02-23 07:43:08',0,46,'ac65e353-55de-4ad8-a8e7-7e0cca7c0e76','ac65e353-55de-4ad8-a8e7-7e0cca7c0e76',1,NULL,NULL,NULL,NULL,NULL,NULL,NULL,NULL,NULL,'navam@cepa.lk'),('-','2021-02-23 09:08:07','-','2021-02-23 09:08:07',0,47,'5c45aaff-c1f1-4164-821b-d2728bf38c1d','5c45aaff-c1f1-4164-821b-d2728bf38c1d',1,NULL,NULL,NULL,NULL,NULL,NULL,NULL,NULL,NULL,'snrssgis@survey.gov.lk'),('-','2021-02-23 09:10:19','-','2021-02-23 09:10:19',0,48,'32af025f-98c6-458b-a301-443d4c649b64','32af025f-98c6-458b-a301-443d4c649b64',3,NULL,NULL,NULL,NULL,NULL,NULL,NULL,NULL,NULL,'wasantha.senadeera@gmail.com'),('-','2021-02-23 09:12:26','-','2021-02-23 09:12:26',0,49,'7cd3328a-ca7f-4e71-87e5-d730b74cfbbf','7cd3328a-ca7f-4e71-87e5-d730b74cfbbf',1,NULL,NULL,NULL,NULL,NULL,NULL,NULL,NULL,NULL,'snrdsgrd@survey.gov.lk'),('-','2021-03-18 11:54:13','-','2021-03-18 11:54:13',0,50,'75f2c03a-6ac4-4ee2-843c-97d5b6d58f29','75f2c03a-6ac4-4ee2-843c-97d5b6d58f29',3,NULL,NULL,NULL,NULL,NULL,NULL,NULL,NULL,NULL,'pavithra@climatesi.com'),('-','2021-03-18 16:33:23','-','2021-03-18 16:33:23',0,51,'4e199cea-8740-456b-b1b9-bdbc3fece0d1','4e199cea-8740-456b-b1b9-bdbc3fece0d1',1,NULL,NULL,NULL,NULL,NULL,NULL,NULL,NULL,NULL,'sew21030501@yopmail.com'),('-','2021-03-24 14:29:10','-','2021-03-24 14:29:10',0,52,'ee8b6b75-82af-491d-b910-99d12bc59f92','ee8b6b75-82af-491d-b910-99d12bc59f92',3,NULL,NULL,NULL,NULL,NULL,NULL,NULL,NULL,NULL,'pavithra@climatesi.com'),('-','2021-06-26 23:49:21','-','2021-06-26 23:49:21',0,53,'1d22d7a6-e4cc-4a31-952b-f0b5685b1632','1d22d7a6-e4cc-4a31-952b-f0b5685b1632',1,NULL,NULL,NULL,NULL,NULL,NULL,NULL,NULL,NULL,'superadmin@ccsdsnlk.lk'),('-','2021-06-29 01:23:56','-','2021-06-29 01:23:56',0,54,'1b9e9ac6-e4e8-4171-9a94-9602897fd39f','1b9e9ac6-e4e8-4171-9a94-9602897fd39f',1,NULL,NULL,NULL,NULL,NULL,NULL,NULL,NULL,NULL,'testadminpd@yopmail.com'),('-','2021-06-29 02:44:22','-','2021-06-29 02:44:22',0,55,'811a93cb-baf7-4149-baa9-90b3950c343c','811a93cb-baf7-4149-baa9-90b3950c343c',1,NULL,NULL,NULL,NULL,NULL,NULL,NULL,NULL,NULL,'externaluserdsn22@yopmail.com'),('-','2021-07-04 01:43:30','-','2021-07-04 01:43:30',0,56,'2c4b2423-6572-4c1a-9c93-9a6ee3579290','2c4b2423-6572-4c1a-9c93-9a6ee3579290',1,NULL,NULL,NULL,NULL,NULL,NULL,NULL,NULL,NULL,'raj.innovative3@gmail.com'),('-','2021-07-05 19:20:17','-','2021-07-05 19:20:17',0,57,'1c6e78a4-5199-4b0a-845a-7a3250034af0','1c6e78a4-5199-4b0a-845a-7a3250034af0',1,NULL,NULL,NULL,NULL,NULL,NULL,NULL,NULL,NULL,'dtest9466@gmail.com'),('-','2021-07-15 01:05:29','-','2021-07-15 01:05:29',0,58,'84dfbaf8-479a-4999-9461-ffc73c0b85c3','84dfbaf8-479a-4999-9461-ffc73c0b85c3',1,NULL,NULL,NULL,NULL,NULL,NULL,NULL,NULL,NULL,'halogen.engraver@gmail.com'),('-','2022-03-22 10:17:20','-','2022-03-22 10:17:20',0,59,'d87f9024-23ca-4cd7-bf71-80b430030616','d87f9024-23ca-4cd7-bf71-80b430030616',1,NULL,NULL,NULL,NULL,NULL,NULL,NULL,NULL,NULL,'matortrafficdepartment@gmail.com'),('-','2022-03-29 06:10:15','-','2022-03-29 06:10:15',0,60,'f53b41df-64e7-4fcc-b3ae-a80e6b94419e','f53b41df-64e7-4fcc-b3ae-a80e6b94419e',1,NULL,NULL,NULL,NULL,NULL,NULL,NULL,NULL,NULL,'mallawathissa@gmail.com'),('-','2022-03-31 06:31:57','-','2022-03-31 06:31:57',0,61,'6a72046b-ce8c-438c-8cc9-af221b8a95ab','6a72046b-ce8c-438c-8cc9-af221b8a95ab',1,NULL,NULL,NULL,NULL,NULL,NULL,NULL,NULL,NULL,'climatesi2@gmail.com'),('-','2022-04-01 08:45:31','-','2022-04-01 08:45:31',0,62,'d95e6711-9da1-494b-a6e1-6d4bc62d9509','d95e6711-9da1-494b-a6e1-6d4bc62d9509',1,NULL,NULL,NULL,NULL,NULL,NULL,NULL,NULL,NULL,'csishyamika@gmail.com'),('-','2022-04-07 03:52:32','-','2022-04-07 03:52:32',0,63,'ab808bf3-992e-4138-9b82-2dac006e34c9','ab808bf3-992e-4138-9b82-2dac006e34c9',1,NULL,NULL,NULL,NULL,NULL,NULL,NULL,NULL,NULL,'methmali@yahoo.com'),('-','2022-06-01 14:06:24','-','2022-06-01 14:06:24',0,64,'a6c1e07c-d69d-4bc5-8a26-5c1959d67204','a6c1e07c-d69d-4bc5-8a26-5c1959d67204',1,NULL,NULL,NULL,NULL,NULL,NULL,NULL,NULL,NULL,'ojzxbyeliauqfmsdpi@nthrw.com'),('-','2022-06-15 09:53:46','-','2022-06-15 09:53:46',0,65,'c83c9b47-9645-4948-bc49-8dfddeaf8121','c83c9b47-9645-4948-bc49-8dfddeaf8121',1,NULL,NULL,NULL,NULL,NULL,NULL,NULL,NULL,NULL,'yuresha@climatesi.com'),('-','2022-06-30 05:08:42','-','2022-06-30 05:08:42',0,66,'55690741-71e4-4241-af45-24bc04ab2143','55690741-71e4-4241-af45-24bc04ab2143',1,NULL,NULL,NULL,NULL,NULL,NULL,NULL,NULL,NULL,'deomotortraffic@gmail.com'),('-','2022-10-13 06:24:03','-','2022-10-13 06:24:03',0,67,'5d12ae26-bfa9-4008-a2ab-400e7641d214','5d12ae26-bfa9-4008-a2ab-400e7641d214',1,NULL,NULL,NULL,NULL,NULL,NULL,NULL,NULL,NULL,'ekclxtcnjnulbctgng@tmmwj.com'),('-','2022-10-16 13:20:46','-','2022-10-16 13:20:46',0,68,'bdd24b3f-4b74-42d7-b7ca-a2500809fbf7','bdd24b3f-4b74-42d7-b7ca-a2500809fbf7',1,NULL,NULL,NULL,NULL,NULL,NULL,NULL,NULL,NULL,'testnccdsn@gmail.com'),('-','2022-10-17 06:24:04','-','2022-10-17 06:24:04',0,69,'5dfb00aa-81c7-4236-a0c8-3d20a012157b','5dfb00aa-81c7-4236-a0c8-3d20a012157b',1,NULL,NULL,NULL,NULL,NULL,NULL,NULL,NULL,NULL,'ariyamanjula@gmail.com'),('-','2022-10-17 06:56:35','-','2022-10-17 06:56:35',0,70,'14c16d4f-4eca-405c-b1a9-6b1bf553ff58','14c16d4f-4eca-405c-b1a9-6b1bf553ff58',1,NULL,NULL,NULL,NULL,NULL,NULL,NULL,NULL,NULL,'damithruh@gmail.com'),('-','2022-10-17 06:56:54','-','2022-10-17 06:56:54',0,71,'60c51a34-b39e-46cb-bccc-33b84c8e7e50','60c51a34-b39e-46cb-bccc-33b84c8e7e50',1,NULL,NULL,NULL,NULL,NULL,NULL,NULL,NULL,NULL,'maheshmadurangamm@gmail.com'),('-','2022-10-17 06:57:08','-','2022-10-17 06:57:08',0,72,'8ea5e145-5b8f-4fd8-b2c3-08d5beeb5c83','8ea5e145-5b8f-4fd8-b2c3-08d5beeb5c83',1,NULL,NULL,NULL,NULL,NULL,NULL,NULL,NULL,NULL,'chandi@cea.lk'),('-','2022-10-17 06:57:12','-','2022-10-17 06:57:12',0,73,'1e4966fa-a6e5-4a12-a49c-2f99ba13484a','1e4966fa-a6e5-4a12-a49c-2f99ba13484a',1,NULL,NULL,NULL,NULL,NULL,NULL,NULL,NULL,NULL,'thasneem@nsf.gov.lk'),('-','2022-10-17 07:02:05','-','2022-10-17 07:02:05',0,74,'e8386e29-11d4-411e-99fb-d427ce79b82d','e8386e29-11d4-411e-99fb-d427ce79b82d',1,NULL,NULL,NULL,NULL,NULL,NULL,NULL,NULL,NULL,'testinstitutionday01@gmail.com'),('-','2022-10-18 05:39:35','-','2022-10-18 05:39:35',0,75,'3dcc27d7-d5b6-4f7c-86eb-64ccdaf96ba7','3dcc27d7-d5b6-4f7c-86eb-64ccdaf96ba7',1,NULL,NULL,NULL,NULL,NULL,NULL,NULL,NULL,NULL,'thagpec@gmail.com'),('-','2022-10-18 05:54:37','-','2022-10-18 05:54:37',0,76,'3ebbe587-cfe0-4263-9256-cfe3a18587ab','3ebbe587-cfe0-4263-9256-cfe3a18587ab',1,NULL,NULL,NULL,NULL,NULL,NULL,NULL,NULL,NULL,'lakruwani.jayarathna@gmail.com'),('-','2022-10-18 05:55:38','-','2022-10-18 05:55:38',0,77,'e2a54bf5-9f81-48f9-a68e-2ad35499fb9b','e2a54bf5-9f81-48f9-a68e-2ad35499fb9b',1,NULL,NULL,NULL,NULL,NULL,NULL,NULL,NULL,NULL,'thusharadharmawardhana@gmail.com'),('-','2022-10-18 06:01:50','-','2022-10-18 06:01:50',0,78,'7185b0eb-3213-4dba-82cb-759f2a50b3d6','7185b0eb-3213-4dba-82cb-759f2a50b3d6',1,NULL,NULL,NULL,NULL,NULL,NULL,NULL,NULL,NULL,'uvinis@boi.lk'),('-','2022-10-18 06:06:51','-','2022-10-18 06:06:51',0,79,'6d01ca1f-2625-425c-b030-f156d657daea','6d01ca1f-2625-425c-b030-f156d657daea',1,NULL,NULL,NULL,NULL,NULL,NULL,NULL,NULL,NULL,'ayomidkrawage@gmail.com'),('-','2022-10-18 06:10:01','-','2022-10-18 06:10:01',0,80,'b30c5fe4-3185-4b90-9f3c-3ece191f6e4e','b30c5fe4-3185-4b90-9f3c-3ece191f6e4e',1,NULL,NULL,NULL,NULL,NULL,NULL,NULL,NULL,NULL,'supunwijendraccandcrmd@gmail.com'),('-','2022-10-19 05:30:58','-','2022-10-19 05:30:58',0,81,'35f1cf41-d080-4eae-a8ac-76635ab1efce','35f1cf41-d080-4eae-a8ac-76635ab1efce',1,NULL,NULL,NULL,NULL,NULL,NULL,NULL,NULL,NULL,'pathmi.dissanayaka@gmail.com'),('-','2022-10-19 05:36:18','-','2022-10-19 05:36:18',0,82,'f973ac72-7edf-4118-80b1-bd6218a4f49b','f973ac72-7edf-4118-80b1-bd6218a4f49b',1,NULL,NULL,NULL,NULL,NULL,NULL,NULL,NULL,NULL,'daythreetestinstitution@gmail.com'),('-','2022-10-19 05:36:44','-','2022-10-19 05:36:44',0,83,'78ec2177-9da8-45d9-8983-258161b2bfea','78ec2177-9da8-45d9-8983-258161b2bfea',1,NULL,NULL,NULL,NULL,NULL,NULL,NULL,NULL,NULL,'thulsi.hasara@gmail.com'),('-','2022-10-19 05:36:45','-','2022-10-19 05:36:45',0,84,'13265da5-5fe4-4520-bd1d-e3d096d85e33','13265da5-5fe4-4520-bd1d-e3d096d85e33',1,NULL,NULL,NULL,NULL,NULL,NULL,NULL,NULL,NULL,'aru.84.ego@gmail.com'),('-','2022-10-19 05:36:49','-','2022-10-19 05:36:49',0,85,'94a09f0b-cd98-4ba8-9152-a5e61692fc40','94a09f0b-cd98-4ba8-9152-a5e61692fc40',1,NULL,NULL,NULL,NULL,NULL,NULL,NULL,NULL,NULL,'eohunit2020@gmail.com'),('-','2022-10-19 05:36:58','-','2022-10-19 05:36:58',0,86,'15dd8755-0691-47f4-aa5e-c7d3cdbb2da3','15dd8755-0691-47f4-aa5e-c7d3cdbb2da3',1,NULL,NULL,NULL,NULL,NULL,NULL,NULL,NULL,NULL,'f.dilini@gmail.com'),('-','2022-10-19 05:37:44','-','2022-10-19 05:37:44',0,87,'f1df16b2-117b-4e78-a55c-4b75824c0fee','f1df16b2-117b-4e78-a55c-4b75824c0fee',1,NULL,NULL,NULL,NULL,NULL,NULL,NULL,NULL,NULL,'chethanadilshani95@gmail.com'),('-','2022-10-19 05:38:20','-','2022-10-19 05:38:20',0,88,'e8d95425-3859-4b3d-a7ac-e5f1ccd2c5a6','e8d95425-3859-4b3d-a7ac-e5f1ccd2c5a6',1,NULL,NULL,NULL,NULL,NULL,NULL,NULL,NULL,NULL,'sasikakuma@gmail.com'),('-','2022-10-19 05:38:48','-','2022-10-19 05:38:48',0,89,'04afb280-5099-4097-b9ab-6c49e52e15b4','04afb280-5099-4097-b9ab-6c49e52e15b4',1,NULL,NULL,NULL,NULL,NULL,NULL,NULL,NULL,NULL,'nipunae@gmail.com'),('-','2022-10-19 05:41:06','-','2022-10-19 05:41:06',0,90,'7a3d6f55-115a-4d2b-b85c-34bc25ee854a','7a3d6f55-115a-4d2b-b85c-34bc25ee854a',1,NULL,NULL,NULL,NULL,NULL,NULL,NULL,NULL,NULL,'mathanps@yahoo.com'),('-','2022-10-19 05:41:12','-','2022-10-19 05:41:12',0,91,'f9d33af8-3497-4e9b-a671-57c43cd70db7','f9d33af8-3497-4e9b-a671-57c43cd70db7',1,NULL,NULL,NULL,NULL,NULL,NULL,NULL,NULL,NULL,'mtathambawa@yahoo.com'),('-','2022-10-19 06:00:44','-','2022-10-19 06:00:44',0,92,'2c50b00a-8867-4081-9a04-c2279528916f','2c50b00a-8867-4081-9a04-c2279528916f',1,NULL,NULL,NULL,NULL,NULL,NULL,NULL,NULL,NULL,'dpdtcamp@gmail.com'),('-','2022-10-19 06:02:28','-','2022-10-19 06:02:28',0,93,'24d3ea13-8201-410e-90fe-2defd380d18f','24d3ea13-8201-410e-90fe-2defd380d18f',1,NULL,NULL,NULL,NULL,NULL,NULL,NULL,NULL,NULL,'supun680@gmail.com'),('-','2022-10-19 06:09:17','-','2022-10-19 06:09:17',0,94,'01e80cb0-f11b-4e06-868e-bb0a633bf295','01e80cb0-f11b-4e06-868e-bb0a633bf295',1,NULL,NULL,NULL,NULL,NULL,NULL,NULL,NULL,NULL,'msnawarathna@gmail.com'),('-','2022-10-19 06:20:16','-','2022-10-19 06:20:16',0,95,'a34564c4-6c6a-4d97-b6fa-f3933272b9fe','a34564c4-6c6a-4d97-b6fa-f3933272b9fe',1,NULL,NULL,NULL,NULL,NULL,NULL,NULL,NULL,NULL,'danu.486@gmail.com');
/*!40000 ALTER TABLE `shopping_cart` ENABLE KEYS */;
UNLOCK TABLES;

--
-- Table structure for table `shopping_cart_item`
--

DROP TABLE IF EXISTS `shopping_cart_item`;
/*!40101 SET @saved_cs_client     = @@character_set_client */;
/*!50503 SET character_set_client = utf8mb4 */;
CREATE TABLE `shopping_cart_item` (
  `createdBy` varchar(255) NOT NULL,
  `createdOn` datetime NOT NULL,
  `editedBy` varchar(255) NOT NULL,
  `editedOn` datetime NOT NULL,
  `status` int NOT NULL,
  `id` int NOT NULL AUTO_INCREMENT,
  `parameterLocationDataId` int NOT NULL,
  `parameterId` int NOT NULL,
  `parameterName` varchar(255) NOT NULL,
  `parameterDescription` varchar(2500) NOT NULL,
  `parameterLocation` varchar(255) NOT NULL,
  `dataProvider` varchar(255) NOT NULL,
  `value` varchar(255) NOT NULL,
  `unit` varchar(255) NOT NULL,
  `dataValidFrom` datetime NOT NULL,
  `dataValidTo` datetime NOT NULL,
  `price` int NOT NULL,
  `frequency` varchar(255) NOT NULL,
  `isActiveInCart` tinyint NOT NULL,
  `shoppingCartId` int DEFAULT NULL,
  PRIMARY KEY (`id`),
  KEY `FK_74abdeac2e0e8ecf7d2294641f4` (`shoppingCartId`),
  CONSTRAINT `FK_74abdeac2e0e8ecf7d2294641f4` FOREIGN KEY (`shoppingCartId`) REFERENCES `shopping_cart` (`id`)
) ENGINE=InnoDB AUTO_INCREMENT=329 DEFAULT CHARSET=utf8mb4 COLLATE=utf8mb4_0900_ai_ci;
/*!40101 SET character_set_client = @saved_cs_client */;

--
-- Dumping data for table `shopping_cart_item`
--

LOCK TABLES `shopping_cart_item` WRITE;
/*!40000 ALTER TABLE `shopping_cart_item` DISABLE KEYS */;
INSERT INTO `shopping_cart_item` VALUES ('-','2020-12-18 14:21:34','-','2020-12-18 14:21:34',0,1,36,20,'Total Electricity Distribution Loss ','Total Electricity Distribution Loss  - description ','District: Ampara','Sri Lanka Railways','30','GWh','2020-01-01 00:00:00','2020-02-01 00:00:00',0,'Monthly',0,1),('-','2020-12-18 14:21:39','-','2020-12-18 14:21:39',0,2,42,24,'test - solid wastage','solid wastage per DS level','D.S: Madulla','Ministry of Energy','15000','tonnes','2020-01-01 00:00:00','2021-01-01 00:00:00',100,'Annually',0,1),('-','2020-12-18 14:22:19','-','2020-12-18 14:22:19',0,3,38,24,'test - solid wastage','solid wastage per DS level','D.S: Wellawaya','Ministry of Energy','15000','tonnes','2020-01-01 00:00:00','2021-01-01 00:00:00',100,'Annually',0,1),('-','2020-12-19 07:05:57','-','2020-12-19 07:05:57',0,4,70,27,'Liter of cow milk in each district','Liter of cow milk in each district','District: Anuradhapura','Ministry of health','50','Number','2020-01-01 00:00:00','2021-01-01 00:00:00',0,'Annually',0,1),('-','2020-12-22 11:10:25','-','2020-12-22 11:10:25',0,5,51,20,'Total Electricity Distribution Loss ','Total Electricity Distribution Loss  - description ','District: Ampara','Sri Lanka Railways','50000','GWh','2020-11-01 00:00:00','2020-12-01 00:00:00',0,'Monthly',0,1),('-','2020-12-29 14:15:02','-','2020-12-29 14:15:02',0,6,105,67,'New test parameter  20-12-29 ','New test parameter  20-12-29 ','Province: North Central','Sri Lanka Railways','100','tonnes','2020-01-01 00:00:00','2020-02-01 00:00:00',0,'Monthly',1,1),('-','2020-12-30 18:06:06','-','2020-12-30 18:06:06',0,7,115,61,' Total number of revenue licenses issued','Licenses issued for all type of vehicles','Province: Western','Provincial Commissioner office of Motor Traffic','25645','Number','2021-01-01 00:00:00','2021-02-01 00:00:00',0,'Monthly',1,1),('-','2020-12-30 18:06:11','-','2020-12-30 18:06:11',0,8,114,61,' Total number of revenue licenses issued','Licenses issued for all type of vehicles','Province: Uva','Provincial Commissioner office of Motor Traffic','4562','Number','2021-01-01 00:00:00','2021-02-01 00:00:00',0,'Monthly',1,1),('-','2021-01-02 09:16:08','-','2021-01-02 09:16:08',0,9,36,20,'Total Electricity Distribution Loss ','Total Electricity Distribution Loss  - description ','District: Ampara','Sri Lanka Railways','30','%','2020-01-01 00:00:00','2020-02-01 00:00:00',0,'Annually',1,2),('-','2021-01-02 09:16:15','-','2021-01-02 09:16:15',0,10,37,20,'Total Electricity Distribution Loss ','Total Electricity Distribution Loss  - description ','District: Anuradhapura','Ministry of health','-234','%','2020-01-01 00:00:00','2020-02-01 00:00:00',0,'Annually',0,2),('-','2021-01-02 09:59:06','-','2021-01-02 09:59:06',0,11,38,24,'test - solid wastage','solid wastage per DS level','D.S: Wellawaya','Ministry of Energy','15000','tonnes','2020-01-01 00:00:00','2021-01-01 00:00:00',100,'Annually',1,2),('-','2021-01-03 20:36:51','-','2021-01-03 20:36:51',0,12,39,24,'test - solid wastage','solid wastage per DS level','D.S: Wilgamuwa','Ministry of Power','15000','tonnes','2020-01-01 00:00:00','2021-01-01 00:00:00',100,'Annually',1,2),('-','2021-01-03 20:36:51','-','2021-01-03 20:36:51',0,13,40,24,'test - solid wastage','solid wastage per DS level','D.S: Yatinuwara','Ministry of Power','15000','tonnes','2020-01-01 00:00:00','2021-01-01 00:00:00',100,'Annually',0,2),('-','2021-01-03 20:39:25','-','2021-01-03 20:39:25',0,14,63,26,'Annual  Electricity Generation','Total Electricity Generation in Sri Lanka','National','Ministry of Power','14,000','GWh','2019-01-01 00:00:00','2020-01-01 00:00:00',450,'Annually',1,2),('-','2021-01-03 20:40:42','-','2021-01-03 20:40:42',0,15,57,27,'Liter of cow milk in each district','Liter of cow milk in each district','District: Badulla','Sri Lanka Railways','90','Number','2020-01-01 00:00:00','2021-01-01 00:00:00',0,'Annually',1,2),('-','2021-01-03 20:41:01','-','2021-01-03 20:41:01',0,16,42,24,'test - solid wastage','solid wastage per DS level','D.S: Madulla','Ministry of Power','15000','tonnes','2020-01-01 00:00:00','2021-01-01 00:00:00',100,'Annually',0,2),('-','2021-01-03 21:00:41','-','2021-01-03 21:00:41',0,17,44,24,'test - solid wastage','solid wastage per DS level','D.S: Wilgamuwa','Ministry of Power','15000','tonnes','2021-01-01 00:00:00','2022-01-01 00:00:00',100,'Annually',0,2),('-','2021-01-03 21:00:56','-','2021-01-03 21:00:56',0,18,51,20,'Total Electricity Distribution Loss ','Total Electricity Distribution Loss  - description ','District: Ampara','Sri Lanka Railways','50000','%','2020-11-01 00:00:00','2020-12-01 00:00:00',0,'Annually',1,2),('-','2021-01-04 09:07:21','-','2021-01-04 09:07:21',0,19,76,41,'Monthly average nutrient concentrations in surface sea water at major lagoon ecosystems in Sri Lanka','Ammonium, Nitrate, Nitrite and Phosphate  concentration  at Negambo, rekawa , Lunawa, Kalametiya, Madu ganga, etc.','D.S: Negombo','Ministry of Environment','250','ppm','2020-01-01 00:00:00','2020-02-01 00:00:00',225,'Monthly',1,3),('-','2021-01-04 09:07:24','-','2021-01-04 09:07:24',0,20,38,24,'test - solid wastage','solid wastage per DS level','D.S: Wellawaya','Ministry of Power','15000','tonnes','2020-01-01 00:00:00','2021-01-01 00:00:00',100,'Annually',1,3),('-','2021-01-04 09:18:48','-','2021-01-04 09:18:48',0,21,39,24,'test - solid wastage','solid wastage per DS level','D.S: Wilgamuwa','Ministry of Power','15000','tonnes','2020-01-01 00:00:00','2021-01-01 00:00:00',100,'Annually',1,3),('-','2021-01-04 09:19:08','-','2021-01-04 09:19:08',0,22,51,20,'Total Electricity Distribution Loss ','Total Electricity Distribution Loss  - description ','District: Ampara','Sri Lanka Railways','50000','%','2020-11-01 00:00:00','2020-12-01 00:00:00',0,'Annually',1,3),('-','2021-01-04 09:19:17','-','2021-01-04 09:19:17',0,23,57,27,'Liter of cow milk in each district','Liter of cow milk in each district','District: Badulla','Sri Lanka Railways','90','Number','2020-01-01 00:00:00','2021-01-01 00:00:00',0,'Annually',1,3),('-','2021-01-06 08:49:07','-','2021-01-06 08:49:07',0,24,130,92,'drykl','syu','National','Int 1','1555','Number','2019-12-31 18:30:00','2020-12-30 18:30:00',0,'Annually',1,3),('-','2021-01-08 13:20:34','-','2021-01-08 13:20:34',0,25,132,96,'Number of existing varieties of field crops gone through the screening process to tolerance salinity/alkalinity','Number of existing varieties of field crops gone through the screening process to tolerance salinity/alkalinity','National','Ceylon Electricity board (LECO)','15','Number','2019-12-31 18:30:00','2020-12-30 18:30:00',100,'Annually',1,4),('-','2021-01-08 23:55:10','-','2021-01-08 23:55:10',0,26,133,97,'Test param 1','Param 1.','National','Test 1','102.12','Kilograms','2020-12-31 18:30:00','2021-12-30 18:30:00',0,'Annually',0,5),('-','2021-01-08 23:55:11','-','2021-01-08 23:55:11',0,27,134,97,'Test param 1','Param 1.','National','Test 1','0.000234','Kilograms','2021-01-31 18:30:00','2022-01-30 18:30:00',0,'Annually',0,5),('-','2021-01-09 00:11:55','-','2021-01-09 00:11:55',0,28,133,97,'Test param 1','Param 1.','National','Test 1','102.12','Kilograms','2020-12-31 18:30:00','2021-12-30 18:30:00',0,'Annually',1,6),('-','2021-01-09 00:12:30','-','2021-01-09 00:12:30',0,29,134,97,'Test param 1','Param 1.','National','Test 1','0.000234','Kilograms','2021-01-31 18:30:00','2022-01-30 18:30:00',0,'Annually',0,6),('-','2021-01-12 03:06:48','-','2021-01-12 03:06:48',0,30,136,107,'Total annual Electricity Generation using coal','National total value of annual Electricity Generation using coal as a fuel','National','Ceylon Electricity Board','5000','GWh','2019-12-31 18:30:00','2020-12-30 18:30:00',0,'Annually',1,8),('-','2021-01-12 06:15:03','-','2021-01-12 06:15:03',0,31,136,107,'Total annual Electricity Generation using coal','National total value of annual Electricity Generation using coal as a fuel','National','Ceylon Electricity Board','5000','GWh','2019-12-31 18:30:00','2020-12-30 18:30:00',0,'Annually',1,10),('-','2021-01-12 06:15:13','-','2021-01-12 06:15:13',0,32,138,108,'Total annual electricity generation using grid connected solar PV systems','Total annual electricity generation using grid connected solar PV systems belonging to private sector','National','Ceylon Electricity Board','100','GWh','2019-12-31 18:30:00','2020-12-30 18:30:00',0,'Annually',1,10),('-','2021-01-12 06:15:22','-','2021-01-12 06:15:22',0,33,142,108,'Total annual electricity generation using grid connected solar PV systems','Total annual electricity generation using grid connected solar PV systems belonging to private sector','National','Ceylon Electricity Board','100','GWh','2017-12-31 18:30:00','2018-12-30 18:30:00',0,'Annually',1,10),('-','2021-01-17 17:28:35','-','2021-01-17 17:28:35',0,34,137,105,'Annual coal consumption of Lakvijaya Power Station','Annual coal consumption of Lakvijaya Power Station for electricity generation','','Ceylon Electricity Board','3000','Mn.kg','2019-12-31 18:30:00','2020-12-30 18:30:00',0,'Annually',1,5),('-','2021-01-17 17:28:37','-','2021-01-17 17:28:37',0,35,135,106,'Annual Diesel Consumption of Lakvijaya Power Station','Annual Diesel Consumption of Lakvijaya Power Station for electricity generation','','Ceylon Electricity Board','25','Mn.ltr','2019-12-31 18:30:00','2020-12-30 18:30:00',0,'Annually',1,5),('-','2021-01-17 17:28:41','-','2021-01-17 17:28:41',0,36,136,107,'Total annual Electricity Generation using coal','National total value of annual Electricity Generation using coal as a fuel','National','Ceylon Electricity Board','5000','GWh','2019-12-31 18:30:00','2020-12-30 18:30:00',0,'Annually',1,5),('-','2021-01-18 04:31:48','-','2021-01-18 04:31:48',0,37,135,106,'Annual Diesel Consumption of Lakvijaya Power Station','Annual Diesel Consumption of Lakvijaya Power Station for electricity generation','','Ceylon Electricity Board','25','Mn.ltr','2019-12-31 18:30:00','2020-12-30 18:30:00',0,'Annually',1,8),('-','2021-01-18 04:31:52','-','2021-01-18 04:31:52',0,38,137,105,'Annual coal consumption of Lakvijaya Power Station','Annual coal consumption of Lakvijaya Power Station for electricity generation','','Ceylon Electricity Board','3000','Mn.kg','2019-12-31 18:30:00','2020-12-30 18:30:00',0,'Annually',1,8),('-','2021-01-18 04:31:54','-','2021-01-18 04:31:54',0,39,138,108,'Total annual electricity generation using grid connected solar PV systems','Total annual electricity generation using grid connected solar PV systems belonging to private sector','National','Ceylon Electricity Board','100','GWh','2019-12-31 18:30:00','2020-12-30 18:30:00',0,'Annually',0,8),('-','2021-01-18 04:31:56','-','2021-01-18 04:31:56',0,40,139,106,'Annual Diesel Consumption of Lakvijaya Power Station','Annual Diesel Consumption of Lakvijaya Power Station for electricity generation','','Ceylon Electricity Board','5','Mn.ltr','2020-12-31 18:30:00','2021-12-30 18:30:00',0,'Annually',0,8),('-','2021-01-18 04:31:57','-','2021-01-18 04:31:57',0,41,140,156,'P1','p1 para','National','Ceylon Electricity Board','28','GWh','2019-12-31 18:30:00','2020-12-30 18:30:00',0,'Annually',0,8),('-','2021-01-18 04:31:58','-','2021-01-18 04:31:58',0,42,142,108,'Total annual electricity generation using grid connected solar PV systems','Total annual electricity generation using grid connected solar PV systems belonging to private sector','National','Ceylon Electricity Board','100','GWh','2017-12-31 18:30:00','2018-12-30 18:30:00',0,'Annually',0,8),('-','2021-01-23 06:21:57','-','2021-01-23 06:21:57',0,43,145,105,'Annual coal consumption of Lakvijaya Power Station','Annual coal consumption of Lakvijaya Power Station for electricity generation','','Ceylon Electricity Board','3000','Mn.kg','2013-12-31 18:30:00','2014-12-30 18:30:00',0,'Annually',1,11),('-','2021-01-23 06:22:01','-','2021-01-23 06:22:01',0,44,143,107,'Total annual Electricity Generation using coal','National total value of annual Electricity Generation using coal as a fuel','National','Ceylon Electricity Board','5000','GWh','2017-12-31 18:30:00','2018-12-30 18:30:00',0,'Annually',1,11),('-','2021-01-23 06:22:03','-','2021-01-23 06:22:03',0,45,138,108,'Total annual electricity generation using grid connected solar PV systems','Total annual electricity generation using grid connected solar PV systems belonging to private sector','National','Ceylon Electricity Board','100','GWh','2019-12-31 18:30:00','2020-12-30 18:30:00',0,'Annually',1,11),('-','2021-01-24 16:17:13','-','2021-01-24 16:17:13',0,46,154,195,'Average number of SLTB busses travelling on expressways','Average number of SLTB busses travelling on expressways - Description','Province: Western','Sri Lanka Transport Board','2500','Number','2021-01-18 18:30:00','2021-01-24 18:30:00',1000,'Weekly',1,8),('-','2021-01-24 16:17:26','-','2021-01-24 16:17:26',0,47,155,195,'Average number of SLTB busses travelling on expressways','Average number of SLTB busses travelling on expressways - Description','Province: Southern','Sri Lanka Transport Board','2500','Number','2021-01-18 18:30:00','2021-01-24 18:30:00',1000,'Weekly',0,8),('-','2021-01-31 21:07:46','-','2021-01-31 21:07:46',0,48,151,108,'Total annual electricity generation using grid connected solar PV systems','Total annual electricity generation using grid connected solar PV systems belonging to private sector','National','Ceylon Electricity Board','500','GWh','2018-12-31 18:30:00','2019-12-30 18:30:00',0,'Annually',1,12),('-','2021-01-31 21:07:51','-','2021-01-31 21:07:51',0,49,154,195,'Average number of SLTB busses travelling on expressways','Average number of SLTB busses travelling on expressways - Description','Province: Western','Sri Lanka Transport Board','2500','Number','2021-01-18 18:30:00','2021-01-24 18:30:00',1000,'Weekly',1,12),('-','2021-02-03 18:11:23','-','2021-02-03 18:11:23',0,50,154,195,'Average number of SLTB busses travelling on expressways','Average number of SLTB busses travelling on expressways - Description','Province: Western','Sri Lanka Transport Board','2500','Number','2021-01-18 18:30:00','2021-01-24 18:30:00',1000,'Weekly',1,5),('-','2021-02-03 18:11:25','-','2021-02-03 18:11:25',0,51,155,195,'Average number of SLTB busses travelling on expressways','Average number of SLTB busses travelling on expressways - Description','Province: Southern','Sri Lanka Transport Board','2500','Number','2021-01-18 18:30:00','2021-01-24 18:30:00',1000,'Weekly',1,5),('-','2021-02-04 05:20:34','-','2021-02-04 05:20:34',0,52,135,106,'Annual Diesel Consumption of Lakvijaya Power Station','Annual Diesel Consumption of Lakvijaya Power Station for electricity generation','','Ceylon Electricity Board','25','Mn.ltr','2019-12-31 18:30:00','2020-12-30 18:30:00',0,'Annually',0,13),('-','2021-02-04 05:23:37','-','2021-02-04 05:23:37',0,53,136,107,'Total annual Electricity Generation using coal','National total value of annual Electricity Generation using coal as a fuel','National','Ceylon Electricity Board','5000','GWh','2019-12-31 18:30:00','2020-12-30 18:30:00',0,'Annually',0,13),('-','2021-02-04 05:27:17','-','2021-02-04 05:27:17',0,54,154,195,'Average number of SLTB busses travelling on expressways','Average number of SLTB busses travelling on expressways - Description','Province: Western','Sri Lanka Transport Board','2500','Number','2021-01-18 18:30:00','2021-01-24 18:30:00',1000,'Weekly',1,13),('-','2021-02-04 05:27:49','-','2021-02-04 05:27:49',0,55,147,106,'Annual Diesel Consumption of Lakvijaya Power Station','Annual Diesel Consumption of Lakvijaya Power Station for electricity generation','','Ceylon Electricity Board','4','Mn.ltr','2018-12-31 18:30:00','2019-12-30 18:30:00',0,'Annually',1,13),('-','2021-02-04 05:27:50','-','2021-02-04 05:27:50',0,56,148,139,'Biomass energy generation in urban areas','Biomass energy generation in urban areas','National','Ceylon Electricity Board','60','GWh','2018-12-31 18:30:00','2019-12-30 18:30:00',0,'Annually',1,13),('-','2021-02-04 05:27:53','-','2021-02-04 05:27:53',0,57,149,107,'Total annual Electricity Generation using coal','National total value of annual Electricity Generation using coal as a fuel','National','Ceylon Electricity Board','6213','GWh','2018-12-31 18:30:00','2019-12-30 18:30:00',0,'Annually',1,13),('-','2021-02-04 05:32:21','-','2021-02-04 05:32:21',0,58,144,106,'Annual Diesel Consumption of Lakvijaya Power Station','Annual Diesel Consumption of Lakvijaya Power Station for electricity generation','','Ceylon Electricity Board','5','Mn.ltr','2013-12-31 18:30:00','2014-12-30 18:30:00',0,'Annually',1,13),('-','2021-02-04 05:32:24','-','2021-02-04 05:32:24',0,59,145,105,'Annual coal consumption of Lakvijaya Power Station','Annual coal consumption of Lakvijaya Power Station for electricity generation','','Ceylon Electricity Board','3000','Mn.kg','2013-12-31 18:30:00','2014-12-30 18:30:00',0,'Annually',1,13),('-','2021-02-05 03:08:47','-','2021-02-05 03:08:47',0,60,155,195,'Average number of SLTB busses travelling on expressways','Average number of SLTB busses travelling on expressways - Description','Province: Southern','Sri Lanka Transport Board','2500','Number','2021-01-18 18:30:00','2021-01-24 18:30:00',1000,'Weekly',1,13),('-','2021-02-05 03:47:04','-','2021-02-05 03:47:04',0,61,154,195,'Average number of SLTB busses travelling on expressways','Average number of SLTB busses travelling on expressways - Description','Province: Western','Sri Lanka Transport Board','2500','Number','2021-01-18 18:30:00','2021-01-24 18:30:00',1000,'Weekly',1,14),('-','2021-02-05 03:47:05','-','2021-02-05 03:47:05',0,62,155,195,'Average number of SLTB busses travelling on expressways','Average number of SLTB busses travelling on expressways - Description','Province: Southern','Sri Lanka Transport Board','2500','Number','2021-01-18 18:30:00','2021-01-24 18:30:00',1000,'Weekly',1,14),('-','2021-02-07 16:47:34','-','2021-02-07 16:47:34',0,63,135,106,'Annual Diesel Consumption of Lakvijaya Power Station','Annual Diesel Consumption of Lakvijaya Power Station for electricity generation','','Ceylon Electricity Board','25','Mn.ltr','2019-12-31 18:30:00','2020-12-30 18:30:00',0,'Annually',1,15),('-','2021-02-07 16:47:35','-','2021-02-07 16:47:35',0,64,136,107,'Total annual Electricity Generation using coal','National total value of annual Electricity Generation using coal as a fuel','National','Ceylon Electricity Board','5000','GWh','2019-12-31 18:30:00','2020-12-30 18:30:00',0,'Annually',1,15),('-','2021-02-07 16:47:36','-','2021-02-07 16:47:36',0,65,137,105,'Annual coal consumption of Lakvijaya Power Station','Annual coal consumption of Lakvijaya Power Station for electricity generation','','Ceylon Electricity Board','3000','Mn.kg','2019-12-31 18:30:00','2020-12-30 18:30:00',0,'Annually',1,15),('-','2021-02-07 16:48:27','-','2021-02-07 16:48:27',0,66,154,195,'Average number of SLTB busses travelling on expressways','Average number of SLTB busses travelling on expressways - Description','Province: Western','Sri Lanka Transport Board','2500','Number','2021-01-18 18:30:00','2021-01-24 18:30:00',1000,'Weekly',1,15),('-','2021-02-07 17:01:18','-','2021-02-07 17:01:18',0,67,135,106,'Annual Diesel Consumption of Lakvijaya Power Station','Annual Diesel Consumption of Lakvijaya Power Station for electricity generation','','Ceylon Electricity Board','25','Mn.ltr','2019-12-31 18:30:00','2020-12-30 18:30:00',0,'Annually',1,16),('-','2021-02-07 17:01:20','-','2021-02-07 17:01:20',0,68,136,107,'Total annual Electricity Generation using coal','National total value of annual Electricity Generation using coal as a fuel','National','Ceylon Electricity Board','5000','GWh','2019-12-31 18:30:00','2020-12-30 18:30:00',0,'Annually',1,16),('-','2021-02-07 17:01:46','-','2021-02-07 17:01:46',0,69,137,105,'Annual coal consumption of Lakvijaya Power Station','Annual coal consumption of Lakvijaya Power Station for electricity generation','','Ceylon Electricity Board','3000','Mn.kg','2019-12-31 18:30:00','2020-12-30 18:30:00',0,'Annually',1,16),('-','2021-02-07 17:01:51','-','2021-02-07 17:01:51',0,70,138,108,'Total annual electricity generation using grid connected solar PV systems','Total annual electricity generation using grid connected solar PV systems belonging to private sector','National','Ceylon Electricity Board','100','GWh','2019-12-31 18:30:00','2020-12-30 18:30:00',0,'Annually',1,16),('-','2021-02-10 08:04:02','-','2021-02-10 08:04:02',0,71,154,195,'Average number of SLTB busses travelling on expressways','Average number of SLTB busses travelling on expressways - Description','Province: Western','Sri Lanka Transport Board','2500','Number','2021-01-18 18:30:00','2021-01-24 18:30:00',1000,'Weekly',1,17),('-','2021-02-12 07:36:00','-','2021-02-12 07:36:00',0,72,135,106,'Annual Diesel Consumption of Lakvijaya Power Station','Annual Diesel Consumption of Lakvijaya Power Station for electricity generation','','Ceylon Electricity Board','25','Mn.ltr','2019-12-31 18:30:00','2020-12-30 18:30:00',0,'Annually',0,17),('-','2021-02-12 16:28:06','-','2021-02-12 16:28:06',0,73,135,106,'Annual Diesel Consumption of Lakvijaya Power Station','Annual Diesel Consumption of Lakvijaya Power Station for electricity generation','','Ceylon Electricity Board','25','Mn.ltr','2019-12-31 18:30:00','2020-12-30 18:30:00',0,'Annually',0,18),('-','2021-02-12 16:28:49','-','2021-02-12 16:28:49',0,74,136,107,'Total annual Electricity Generation using coal','National total value of annual Electricity Generation using coal as a fuel','National','Ceylon Electricity Board','5000','GWh','2019-12-31 18:30:00','2020-12-30 18:30:00',0,'Annually',0,18),('-','2021-02-12 16:29:03','-','2021-02-12 16:29:03',0,75,137,105,'Annual coal consumption of Lakvijaya Power Station','Annual coal consumption of Lakvijaya Power Station for electricity generation','','Ceylon Electricity Board','3000','Mn.kg','2019-12-31 18:30:00','2020-12-30 18:30:00',0,'Annually',1,18),('-','2021-02-12 16:29:10','-','2021-02-12 16:29:10',0,76,138,108,'Total annual electricity generation using grid connected solar PV systems','Total annual electricity generation using grid connected solar PV systems belonging to private sector','National','Ceylon Electricity Board','100','GWh','2019-12-31 18:30:00','2020-12-30 18:30:00',0,'Annually',1,18),('-','2021-02-12 16:29:15','-','2021-02-12 16:29:15',0,77,139,106,'Annual Diesel Consumption of Lakvijaya Power Station','Annual Diesel Consumption of Lakvijaya Power Station for electricity generation','','Ceylon Electricity Board','5','Mn.ltr','2020-12-31 18:30:00','2021-12-30 18:30:00',0,'Annually',1,18),('-','2021-02-12 16:31:20','-','2021-02-12 16:31:20',0,78,154,195,'Average number of SLTB busses travelling on expressways','Average number of SLTB busses travelling on expressways - Description','Province: Western','Sri Lanka Transport Board','2500','Number','2021-01-18 18:30:00','2021-01-24 18:30:00',1000,'Weekly',1,18),('-','2021-02-13 02:59:42','-','2021-02-13 02:59:42',0,79,155,195,'Average number of SLTB busses travelling on expressways','Average number of SLTB busses travelling on expressways - Description','Province: Southern','Sri Lanka Transport Board','2500','Number','2021-01-18 18:30:00','2021-01-24 18:30:00',1000,'Weekly',1,17),('-','2021-02-13 02:59:46','-','2021-02-13 02:59:46',0,80,151,108,'Total annual electricity generation using grid connected solar PV systems','Total annual electricity generation using grid connected solar PV systems belonging to private sector','National','Ceylon Electricity Board','500','GWh','2018-12-31 18:30:00','2019-12-30 18:30:00',0,'Annually',1,17),('-','2021-02-13 06:49:00','-','2021-02-13 06:49:00',0,81,135,106,'Annual Diesel Consumption of Lakvijaya Power Station','Annual Diesel Consumption of Lakvijaya Power Station for electricity generation','','Ceylon Electricity Board','25','Mn.ltr','2019-12-31 18:30:00','2020-12-30 18:30:00',0,'Annually',0,19),('-','2021-02-13 06:49:11','-','2021-02-13 06:49:11',0,82,155,195,'Average number of SLTB busses travelling on expressways','Average number of SLTB busses travelling on expressways - Description','Province: Southern','Sri Lanka Transport Board','2500','Number','2021-01-18 18:30:00','2021-01-24 18:30:00',1000,'Weekly',1,19),('-','2021-02-13 06:49:11','-','2021-02-13 06:49:11',0,83,154,195,'Average number of SLTB busses travelling on expressways','Average number of SLTB busses travelling on expressways - Description','Province: Western','Sri Lanka Transport Board','2500','Number','2021-01-18 18:30:00','2021-01-24 18:30:00',1000,'Weekly',1,19),('-','2021-02-15 09:15:05','-','2021-02-15 09:15:05',0,84,144,106,'Annual Diesel Consumption of Lakvijaya Power Station','Annual Diesel Consumption of Lakvijaya Power Station for electricity generation','','Ceylon Electricity Board','5','Mn.ltr','2013-12-31 18:30:00','2014-12-30 18:30:00',0,'Annually',1,20),('-','2021-02-15 11:09:04','-','2021-02-15 11:09:04',0,85,220,220,'BW_Natural Forest Area','Annual extent of  Tropical Sub-Montane Forests, 2010','National','BW_department of Forest Conservation','50000','ha','2018-12-31 18:30:00','2019-12-30 18:30:00',0,'Annually',1,19),('-','2021-02-16 06:09:42','-','2021-02-16 06:09:42',0,86,228,271,'AS_Average annual rice requirement','_Average annual rice requirement','National','AS_Department of Agriculture','6000','MT','2019-12-31 18:30:00','2020-12-30 18:30:00',0,'Annually',0,21),('-','2021-02-16 06:09:48','-','2021-02-16 06:09:48',0,87,135,106,'Annual Diesel Consumption of Lakvijaya Power Station','Annual Diesel Consumption of Lakvijaya Power Station for electricity generation','','Ceylon Electricity Board','25','Mn.ltr','2019-12-31 18:30:00','2020-12-30 18:30:00',0,'Annually',1,22),('-','2021-02-16 06:10:19','-','2021-02-16 06:10:19',0,88,228,271,'AS_Average annual rice requirement','_Average annual rice requirement','National','AS_Department of Agriculture','6000','MT','2019-12-31 18:30:00','2020-12-30 18:30:00',0,'Annually',0,23),('-','2021-02-16 06:12:22','-','2021-02-16 06:12:22',0,89,136,107,'Total annual Electricity Generation using coal','National total value of annual Electricity Generation using coal as a fuel','National','Ceylon Electricity Board','5000','GWh','2019-12-31 18:30:00','2020-12-30 18:30:00',0,'Annually',1,22),('-','2021-02-16 11:26:41','-','2021-02-16 11:26:41',0,90,253,256,'TW_Poultry Population','Poultry farming is the form of animal husbandry which raises domesticated birds such as chickens, ducks, turkeys and geese to produce meat or eggs for food.','National','TW_Department of Animal Production and Health','500000000','Number','2019-12-31 18:30:00','2020-12-30 18:30:00',0,'Annually',1,24),('-','2021-02-16 17:31:47','-','2021-02-16 17:31:47',0,91,148,139,'Biomass energy generation in urban areas','Biomass energy generation in urban areas','National','Ceylon Electricity Board','60','GWh','2018-12-31 18:30:00','2019-12-30 18:30:00',0,'Annually',1,25),('-','2021-02-16 17:31:51','-','2021-02-16 17:31:51',0,92,228,271,'AS_Average annual rice requirement','_Average annual rice requirement','National','AS_Department of Agriculture','6000','MT','2019-12-31 18:30:00','2020-12-30 18:30:00',0,'Annually',1,25),('-','2021-02-16 17:31:51','-','2021-02-16 17:31:51',0,93,248,265,'BE_Average annual rice requirement','_Average annual rice requirement','National','BE_Department of Agriculture','7000','MT','2019-12-31 18:30:00','2020-12-30 18:30:00',0,'Annually',1,25),('-','2021-02-16 17:39:39','-','2021-02-16 17:39:39',0,94,154,195,'Average number of SLTB busses travelling on expressways','Average number of SLTB busses travelling on expressways - Description','Province: Western','Sri Lanka Transport Board','2500','Number','2021-01-18 18:30:00','2021-01-24 18:30:00',1000,'Weekly',1,25),('-','2021-02-16 17:39:42','-','2021-02-16 17:39:42',0,95,155,195,'Average number of SLTB busses travelling on expressways','Average number of SLTB busses travelling on expressways - Description','Province: Southern','Sri Lanka Transport Board','2500','Number','2021-01-18 18:30:00','2021-01-24 18:30:00',1000,'Weekly',1,25),('-','2021-02-16 17:40:28','-','2021-02-16 17:40:28',0,96,136,107,'Total annual Electricity Generation using coal','National total value of annual Electricity Generation using coal as a fuel','National','Ceylon Electricity Board','5000','GWh','2019-12-31 18:30:00','2020-12-30 18:30:00',0,'Annually',0,21),('-','2021-02-16 17:41:46','-','2021-02-16 17:41:46',0,97,135,106,'Annual Diesel Consumption of Lakvijaya Power Station','Annual Diesel Consumption of Lakvijaya Power Station for electricity generation','','Ceylon Electricity Board','25','Mn.ltr','2019-12-31 18:30:00','2020-12-30 18:30:00',0,'Annually',1,21),('-','2021-02-16 17:42:28','-','2021-02-16 17:42:28',0,98,155,195,'Average number of SLTB busses travelling on expressways','Average number of SLTB busses travelling on expressways - Description','Province: Southern','Sri Lanka Transport Board','2500','Number','2021-01-18 18:30:00','2021-01-24 18:30:00',1000,'Weekly',0,21),('-','2021-02-16 17:43:06','-','2021-02-16 17:43:06',0,99,154,195,'Average number of SLTB busses travelling on expressways','Average number of SLTB busses travelling on expressways - Description','Province: Western','Sri Lanka Transport Board','2500','Number','2021-01-18 18:30:00','2021-01-24 18:30:00',1000,'Weekly',1,21),('-','2021-02-17 02:55:39','-','2021-02-17 02:55:39',0,100,135,106,'Annual Diesel Consumption of Lakvijaya Power Station','Annual Diesel Consumption of Lakvijaya Power Station for electricity generation','','Ceylon Electricity Board','25','Mn.ltr','2019-12-31 18:30:00','2020-12-30 18:30:00',0,'Annually',1,26),('-','2021-02-17 02:55:56','-','2021-02-17 02:55:56',0,101,142,108,'Total annual electricity generation using grid connected solar PV systems','Total annual electricity generation using grid connected solar PV systems belonging to private sector','National','Ceylon Electricity Board','100','GWh','2017-12-31 18:30:00','2018-12-30 18:30:00',0,'Annually',1,26),('-','2021-02-17 02:56:23','-','2021-02-17 02:56:23',0,102,154,195,'Average number of SLTB busses travelling on expressways','Average number of SLTB busses travelling on expressways - Description','Province: Western','Sri Lanka Transport Board','2500','Number','2021-01-18 18:30:00','2021-01-24 18:30:00',1000,'Weekly',1,26),('-','2021-02-17 03:28:03','-','2021-02-17 03:28:03',0,103,135,106,'Annual Diesel Consumption of Lakvijaya Power Station','Annual Diesel Consumption of Lakvijaya Power Station for electricity generation','','Ceylon Electricity Board','25','Mn.ltr','2019-12-31 18:30:00','2020-12-30 18:30:00',0,'Annually',1,27),('-','2021-02-17 03:28:14','-','2021-02-17 03:28:14',0,104,154,195,'Average number of SLTB busses travelling on expressways','Average number of SLTB busses travelling on expressways - Description','Province: Western','Sri Lanka Transport Board','2500','Number','2021-01-18 18:30:00','2021-01-24 18:30:00',1000,'Weekly',1,27),('-','2021-02-17 06:33:04','-','2021-02-17 06:33:04',0,105,154,195,'Average number of SLTB busses travelling on expressways','Average number of SLTB busses travelling on expressways - Description','Province: Western','Sri Lanka Transport Board','2500','Number','2021-01-18 18:30:00','2021-01-24 18:30:00',100,'Weekly',1,28),('-','2021-02-17 06:33:12','-','2021-02-17 06:33:12',0,106,155,195,'Average number of SLTB busses travelling on expressways','Average number of SLTB busses travelling on expressways - Description','Province: Southern','Sri Lanka Transport Board','2500','Number','2021-01-18 18:30:00','2021-01-24 18:30:00',100,'Weekly',1,28),('-','2021-02-17 07:13:59','-','2021-02-17 07:13:59',0,107,135,106,'Annual Diesel Consumption of Lakvijaya Power Station','Annual Diesel Consumption of Lakvijaya Power Station for electricity generation','','Ceylon Electricity Board','25','Mn.ltr','2019-12-31 18:30:00','2020-12-30 18:30:00',0,'Annually',1,29),('-','2021-02-17 07:14:11','-','2021-02-17 07:14:11',0,108,154,195,'Average number of SLTB busses travelling on expressways','Average number of SLTB busses travelling on expressways - Description','Province: Western','Sri Lanka Transport Board','2500','Number','2021-01-18 18:30:00','2021-01-24 18:30:00',1000,'Weekly',1,29),('-','2021-02-17 08:09:25','-','2021-02-17 08:09:25',0,109,154,195,'Average number of SLTB busses travelling on expressways','Average number of SLTB busses travelling on expressways - Description','Province: Western','Sri Lanka Transport Board','2500','Number','2021-01-18 18:30:00','2021-01-24 18:30:00',1000,'Weekly',1,30),('-','2021-02-17 08:09:28','-','2021-02-17 08:09:28',0,110,155,195,'Average number of SLTB busses travelling on expressways','Average number of SLTB busses travelling on expressways - Description','Province: Southern','Sri Lanka Transport Board','2500','Number','2021-01-18 18:30:00','2021-01-24 18:30:00',1000,'Weekly',1,30),('-','2021-02-17 10:03:05','-','2021-02-17 10:03:05',0,111,142,108,'Total annual electricity generation using grid connected solar PV systems','Total annual electricity generation using grid connected solar PV systems belonging to private sector','National','Ceylon Electricity Board','100','GWh','2017-12-31 18:30:00','2018-12-30 18:30:00',0,'Annually',1,31),('-','2021-02-17 10:03:14','-','2021-02-17 10:03:14',0,112,201,214,'SS_Diesel Consumption of Lakvijaya Power Station','Total amount of diesel consumed to generate the electricity','National','SS_Ceylon Electricity Board','3926738','ltr','2018-12-31 18:30:00','2019-12-30 18:30:00',0,'Annually',1,31),('-','2021-02-17 10:25:47','-','2021-02-17 10:25:47',0,113,154,195,'Average number of SLTB busses travelling on expressways','Average number of SLTB busses travelling on expressways - Description','Province: Western','Sri Lanka Transport Board','2500','Number','2021-01-18 18:30:00','2021-01-24 18:30:00',1000,'Weekly',1,32),('-','2021-02-17 10:26:00','-','2021-02-17 10:26:00',0,114,155,195,'Average number of SLTB busses travelling on expressways','Average number of SLTB busses travelling on expressways - Description','Province: Southern','Sri Lanka Transport Board','2500','Number','2021-01-18 18:30:00','2021-01-24 18:30:00',1000,'Weekly',0,32),('-','2021-02-17 10:31:20','-','2021-02-17 10:31:20',0,115,154,195,'Average number of SLTB busses travelling on expressways','Average number of SLTB busses travelling on expressways - Description','Province: Western','Sri Lanka Transport Board','2500','Number','2021-01-18 18:30:00','2021-01-24 18:30:00',1000,'Weekly',1,31),('-','2021-02-17 10:32:39','-','2021-02-17 10:32:39',0,116,154,195,'Average number of SLTB busses travelling on expressways','Average number of SLTB busses travelling on expressways - Description','Province: Western','Sri Lanka Transport Board','2500','Number','2021-01-18 18:30:00','2021-01-24 18:30:00',1000,'Weekly',1,33),('-','2021-02-18 14:46:57','-','2021-02-18 14:46:57',0,117,135,106,'Annual Diesel Consumption of Lakvijaya Power Station','Annual Diesel Consumption of Lakvijaya Power Station for electricity generation','','Ceylon Electricity Board','25','Mn.ltr','2019-12-31 18:30:00','2020-12-30 18:30:00',0,'Annually',0,34),('-','2021-02-18 15:00:28','-','2021-02-18 15:00:28',0,118,154,195,'Average number of SLTB busses travelling on expressways','Average number of SLTB busses travelling on expressways - Description','Province: Western','Sri Lanka Transport Board','2500','Number','2021-01-18 18:30:00','2021-01-24 18:30:00',100,'Weekly',1,34),('-','2021-02-18 15:05:12','-','2021-02-18 15:05:12',0,119,137,105,'Annual coal consumption of Lakvijaya Power Station','Annual coal consumption of Lakvijaya Power Station for electricity generation','','Ceylon Electricity Board','3000','Mn.kg','2019-12-31 18:30:00','2020-12-30 18:30:00',0,'Annually',0,34),('-','2021-02-19 06:09:08','-','2021-02-19 06:09:08',0,120,154,195,'Average number of SLTB busses travelling on expressways','Average number of SLTB busses travelling on expressways - Description','Province: Western','Sri Lanka Transport Board','2500','Number','2021-01-18 18:30:00','2021-01-24 18:30:00',100,'Weekly',1,35),('-','2021-02-19 06:09:36','-','2021-02-19 06:09:36',0,121,146,105,'Annual coal consumption of Lakvijaya Power Station','Annual coal consumption of Lakvijaya Power Station for electricity generation','','Ceylon Electricity Board','5000','Mn.kg','2018-12-31 18:30:00','2019-12-30 18:30:00',0,'Annually',1,35),('-','2021-02-19 06:09:39','-','2021-02-19 06:09:39',0,122,147,106,'Annual Diesel Consumption of Lakvijaya Power Station','Annual Diesel Consumption of Lakvijaya Power Station for electricity generation','','Ceylon Electricity Board','4','Mn.ltr','2018-12-31 18:30:00','2019-12-30 18:30:00',0,'Annually',1,35),('-','2021-02-19 06:10:02','-','2021-02-19 06:10:02',0,123,135,106,'Annual Diesel Consumption of Lakvijaya Power Station','Annual Diesel Consumption of Lakvijaya Power Station for electricity generation','','Ceylon Electricity Board','25','Mn.ltr','2019-12-31 18:30:00','2020-12-30 18:30:00',0,'Annually',1,35),('-','2021-02-19 06:21:04','-','2021-02-19 06:21:04',0,124,135,106,'Annual Diesel Consumption of Lakvijaya Power Station','Annual Diesel Consumption of Lakvijaya Power Station for electricity generation','','Ceylon Electricity Board','25','Mn.ltr','2019-12-31 18:30:00','2020-12-30 18:30:00',0,'Annually',1,36),('-','2021-02-19 06:21:06','-','2021-02-19 06:21:06',0,125,136,107,'Total annual Electricity Generation using coal','National total value of annual Electricity Generation using coal as a fuel','National','Ceylon Electricity Board','5000','GWh','2019-12-31 18:30:00','2020-12-30 18:30:00',0,'Annually',1,36),('-','2021-02-19 06:21:25','-','2021-02-19 06:21:25',0,126,154,195,'Average number of SLTB busses travelling on expressways','Average number of SLTB busses travelling on expressways - Description','Province: Western','Sri Lanka Transport Board','2500','Number','2021-01-18 18:30:00','2021-01-24 18:30:00',100,'Weekly',1,36),('-','2021-02-19 11:26:07','-','2021-02-19 11:26:07',0,127,135,106,'Annual Diesel Consumption of Lakvijaya Power Station','Annual Diesel Consumption of Lakvijaya Power Station for electricity generation','','Ceylon Electricity Board','25','Mn.ltr','2019-12-31 18:30:00','2020-12-30 18:30:00',0,'Annually',0,37),('-','2021-02-19 11:26:10','-','2021-02-19 11:26:10',0,128,137,105,'Annual coal consumption of Lakvijaya Power Station','Annual coal consumption of Lakvijaya Power Station for electricity generation','','Ceylon Electricity Board','3000','Mn.kg','2019-12-31 18:30:00','2020-12-30 18:30:00',0,'Annually',1,37),('-','2021-02-19 11:26:11','-','2021-02-19 11:26:11',0,129,139,106,'Annual Diesel Consumption of Lakvijaya Power Station','Annual Diesel Consumption of Lakvijaya Power Station for electricity generation','','Ceylon Electricity Board','5','Mn.ltr','2020-12-31 18:30:00','2021-12-30 18:30:00',0,'Annually',1,37),('-','2021-02-19 11:28:52','-','2021-02-19 11:28:52',0,130,154,195,'Average number of SLTB busses travelling on expressways','Average number of SLTB busses travelling on expressways - Description','Province: Western','Sri Lanka Transport Board','2500','Number','2021-01-18 18:30:00','2021-01-24 18:30:00',100,'Weekly',1,37),('-','2021-02-19 11:28:58','-','2021-02-19 11:28:58',0,131,155,195,'Average number of SLTB busses travelling on expressways','Average number of SLTB busses travelling on expressways - Description','Province: Southern','Sri Lanka Transport Board','2500','Number','2021-01-18 18:30:00','2021-01-24 18:30:00',100,'Weekly',1,37),('-','2021-02-22 06:03:51','-','2021-02-22 06:03:51',0,132,336,350,'2_Annual import of HFC134a','Annual import of HFC134a','National','2_Sri Lanka Customs','50','MT','2019-12-31 18:30:00','2020-12-30 18:30:00',0,'Annually',1,38),('-','2021-02-22 06:03:57','-','2021-02-22 06:03:57',0,133,337,352,'4_Annual import of HFC134a','Annual import of HFC134a','National','4_Sri Lanka Customs','52','MT','2019-12-31 18:30:00','2020-12-30 18:30:00',0,'Annually',1,38),('-','2021-02-22 06:04:00','-','2021-02-22 06:04:00',0,134,331,401,'26_Annual import of HFC134a ','Annual import of HFC134a ','National','26_Sri Lanka Customs','10','MT','2019-12-31 18:30:00','2020-12-30 18:30:00',0,'Annually',0,38),('-','2021-02-22 06:04:04','-','2021-02-22 06:04:04',0,135,135,106,'Annual Diesel Consumption of Lakvijaya Power Station','Annual Diesel Consumption of Lakvijaya Power Station for electricity generation','','Ceylon Electricity Board','25','Mn.ltr','2019-12-31 18:30:00','2020-12-30 18:30:00',0,'Annually',1,39),('-','2021-02-22 06:04:19','-','2021-02-22 06:04:19',0,136,138,108,'Total annual electricity generation using grid connected solar PV systems','Total annual electricity generation using grid connected solar PV systems belonging to private sector','National','Ceylon Electricity Board','100','GWh','2019-12-31 18:30:00','2020-12-30 18:30:00',0,'Annually',1,39),('-','2021-02-22 06:05:44','-','2021-02-22 06:05:44',0,137,154,195,'Average number of SLTB busses travelling on expressways','Average number of SLTB busses travelling on expressways - Description','Province: Western','Sri Lanka Transport Board','2500','Number','2021-01-18 18:30:00','2021-01-24 18:30:00',100,'Weekly',1,38),('-','2021-02-22 06:06:07','-','2021-02-22 06:06:07',0,138,155,195,'Average number of SLTB busses travelling on expressways','Average number of SLTB busses travelling on expressways - Description','Province: Southern','Sri Lanka Transport Board','2500','Number','2021-01-18 18:30:00','2021-01-24 18:30:00',100,'Weekly',1,38),('-','2021-02-22 06:09:51','-','2021-02-22 06:09:51',0,139,154,195,'Average number of SLTB busses travelling on expressways','Average number of SLTB busses travelling on expressways - Description','Province: Western','Sri Lanka Transport Board','2500','Number','2021-01-18 18:30:00','2021-01-24 18:30:00',100,'Weekly',1,39),('-','2021-02-22 06:10:01','-','2021-02-22 06:10:01',0,140,155,195,'Average number of SLTB busses travelling on expressways','Average number of SLTB busses travelling on expressways - Description','Province: Southern','Sri Lanka Transport Board','2500','Number','2021-01-18 18:30:00','2021-01-24 18:30:00',100,'Weekly',1,39),('-','2021-02-22 09:07:06','-','2021-02-22 09:07:06',0,141,142,108,'Total annual electricity generation using grid connected solar PV systems','Total annual electricity generation using grid connected solar PV systems belonging to private sector','National','Ceylon Electricity Board','100','GWh','2017-12-31 18:30:00','2018-12-30 18:30:00',0,'Annually',0,40),('-','2021-02-22 09:07:29','-','2021-02-22 09:07:29',0,142,143,107,'Total annual Electricity Generation using coal','National total value of annual Electricity Generation using coal as a fuel','National','Ceylon Electricity Board','5000','GWh','2017-12-31 18:30:00','2018-12-30 18:30:00',0,'Annually',1,40),('-','2021-02-22 09:07:36','-','2021-02-22 09:07:36',0,143,146,105,'Annual coal consumption of Lakvijaya Power Station','Annual coal consumption of Lakvijaya Power Station for electricity generation','','Ceylon Electricity Board','5000','Mn.kg','2018-12-31 18:30:00','2019-12-30 18:30:00',0,'Annually',1,40),('-','2021-02-22 09:12:48','-','2021-02-22 09:12:48',0,144,154,195,'Average number of SLTB busses travelling on expressways','Average number of SLTB busses travelling on expressways - Description','Province: Western','Sri Lanka Transport Board','2500','Number','2021-01-18 18:30:00','2021-01-24 18:30:00',100,'Weekly',0,40),('-','2021-02-22 09:12:52','-','2021-02-22 09:12:52',0,145,155,195,'Average number of SLTB busses travelling on expressways','Average number of SLTB busses travelling on expressways - Description','Province: Southern','Sri Lanka Transport Board','2500','Number','2021-01-18 18:30:00','2021-01-24 18:30:00',100,'Weekly',0,40),('-','2021-02-22 11:06:22','-','2021-02-22 11:06:22',0,146,354,384,'4_Annual Number of deaths due to Dengue fever in Sri Lanka','Annual Number of deaths due to Dengue fever in Sri Lanka','National','4_National Dengue Control Unit','90','no.','2019-12-31 18:30:00','2020-12-30 18:30:00',0,'Annually',1,41),('-','2021-02-22 11:06:26','-','2021-02-22 11:06:26',0,147,354,384,'4_Annual Number of deaths due to Dengue fever in Sri Lanka','Annual Number of deaths due to Dengue fever in Sri Lanka','National','4_National Dengue Control Unit','90','no.','2019-12-31 18:30:00','2020-12-30 18:30:00',0,'Annually',0,42),('-','2021-02-22 11:06:28','-','2021-02-22 11:06:28',0,148,354,384,'4_Annual Number of deaths due to Dengue fever in Sri Lanka','Annual Number of deaths due to Dengue fever in Sri Lanka','National','4_National Dengue Control Unit','90','no.','2019-12-31 18:30:00','2020-12-30 18:30:00',0,'Annually',0,43),('-','2021-02-22 11:06:44','-','2021-02-22 11:06:44',0,149,337,352,'4_Annual import of HFC134a','Annual import of HFC134a','National','4_Sri Lanka Customs','52','MT','2019-12-31 18:30:00','2020-12-30 18:30:00',0,'Annually',1,41),('-','2021-02-22 11:06:48','-','2021-02-22 11:06:48',0,150,337,352,'4_Annual import of HFC134a','Annual import of HFC134a','National','4_Sri Lanka Customs','52','MT','2019-12-31 18:30:00','2020-12-30 18:30:00',0,'Annually',0,42),('-','2021-02-22 11:10:39','-','2021-02-22 11:10:39',0,151,154,195,'Average number of SLTB busses travelling on expressways','Average number of SLTB busses travelling on expressways - Description','Province: Western','Sri Lanka Transport Board','2500','Number','2021-01-18 18:30:00','2021-01-24 18:30:00',100,'Weekly',1,41),('-','2021-02-22 11:10:47','-','2021-02-22 11:10:47',0,152,155,195,'Average number of SLTB busses travelling on expressways','Average number of SLTB busses travelling on expressways - Description','Province: Southern','Sri Lanka Transport Board','2500','Number','2021-01-18 18:30:00','2021-01-24 18:30:00',100,'Weekly',1,43),('-','2021-02-22 11:10:48','-','2021-02-22 11:10:48',0,153,155,195,'Average number of SLTB busses travelling on expressways','Average number of SLTB busses travelling on expressways - Description','Province: Southern','Sri Lanka Transport Board','2500','Number','2021-01-18 18:30:00','2021-01-24 18:30:00',100,'Weekly',1,41),('-','2021-02-22 11:11:36','-','2021-02-22 11:11:36',0,154,154,195,'Average number of SLTB busses travelling on expressways','Average number of SLTB busses travelling on expressways - Description','Province: Western','Sri Lanka Transport Board','2500','Number','2021-01-18 18:30:00','2021-01-24 18:30:00',100,'Weekly',1,42),('-','2021-02-22 11:11:38','-','2021-02-22 11:11:38',0,155,155,195,'Average number of SLTB busses travelling on expressways','Average number of SLTB busses travelling on expressways - Description','Province: Southern','Sri Lanka Transport Board','2500','Number','2021-01-18 18:30:00','2021-01-24 18:30:00',100,'Weekly',1,42),('-','2021-02-23 05:48:49','-','2021-02-23 05:48:49',0,156,136,107,'Total annual Electricity Generation using coal','National total value of annual Electricity Generation using coal as a fuel','National','Ceylon Electricity Board','5000','GWh','2019-12-31 18:30:00','2020-12-30 18:30:00',0,'Annually',0,44),('-','2021-02-23 05:49:05','-','2021-02-23 05:49:05',0,157,139,106,'Annual Diesel Consumption of Lakvijaya Power Station','Annual Diesel Consumption of Lakvijaya Power Station for electricity generation','','Ceylon Electricity Board','5','Mn.ltr','2020-12-31 18:30:00','2021-12-30 18:30:00',0,'Annually',1,44),('-','2021-02-23 05:49:08','-','2021-02-23 05:49:08',0,158,145,105,'Annual coal consumption of Lakvijaya Power Station','Annual coal consumption of Lakvijaya Power Station for electricity generation','','Ceylon Electricity Board','3000','Mn.kg','2013-12-31 18:30:00','2014-12-30 18:30:00',0,'Annually',1,44),('-','2021-02-23 05:49:10','-','2021-02-23 05:49:10',0,159,137,105,'Annual coal consumption of Lakvijaya Power Station','Annual coal consumption of Lakvijaya Power Station for electricity generation','','Ceylon Electricity Board','3000','Mn.kg','2019-12-31 18:30:00','2020-12-30 18:30:00',0,'Annually',1,44),('-','2021-02-23 05:49:13','-','2021-02-23 05:49:13',0,160,140,156,'P1','p1 para','National','Ceylon Electricity Board','28','GWh','2019-12-31 18:30:00','2020-12-30 18:30:00',0,'Annually',1,44),('-','2021-02-23 05:49:27','-','2021-02-23 05:49:27',0,161,154,195,'Average number of SLTB busses travelling on expressways','Average number of SLTB busses travelling on expressways - Description','Province: Western','Sri Lanka Transport Board','2500','Number','2021-01-18 18:30:00','2021-01-24 18:30:00',100,'Weekly',1,44),('-','2021-02-23 05:49:44','-','2021-02-23 05:49:44',0,162,155,195,'Average number of SLTB busses travelling on expressways','Average number of SLTB busses travelling on expressways - Description','Province: Southern','Sri Lanka Transport Board','2500','Number','2021-01-18 18:30:00','2021-01-24 18:30:00',100,'Weekly',1,44),('-','2021-02-23 05:51:31','-','2021-02-23 05:51:31',0,163,135,106,'Annual Diesel Consumption of Lakvijaya Power Station','Annual Diesel Consumption of Lakvijaya Power Station for electricity generation','','Ceylon Electricity Board','25','Mn.ltr','2019-12-31 18:30:00','2020-12-30 18:30:00',0,'Annually',1,45),('-','2021-02-23 05:51:33','-','2021-02-23 05:51:33',0,164,137,105,'Annual coal consumption of Lakvijaya Power Station','Annual coal consumption of Lakvijaya Power Station for electricity generation','','Ceylon Electricity Board','3000','Mn.kg','2019-12-31 18:30:00','2020-12-30 18:30:00',0,'Annually',1,45),('-','2021-02-23 05:51:34','-','2021-02-23 05:51:34',0,165,138,108,'Total annual electricity generation using grid connected solar PV systems','Total annual electricity generation using grid connected solar PV systems belonging to private sector','National','Ceylon Electricity Board','100','GWh','2019-12-31 18:30:00','2020-12-30 18:30:00',0,'Annually',1,45),('-','2021-02-23 05:52:03','-','2021-02-23 05:52:03',0,166,154,195,'Average number of SLTB busses travelling on expressways','Average number of SLTB busses travelling on expressways - Description','Province: Western','Sri Lanka Transport Board','2500','Number','2021-01-18 18:30:00','2021-01-24 18:30:00',100,'Weekly',1,45),('-','2021-02-23 06:18:50','-','2021-02-23 06:18:50',0,167,155,195,'Average number of SLTB busses travelling on expressways','Average number of SLTB busses travelling on expressways - Description','Province: Southern','Sri Lanka Transport Board','2500','Number','2021-01-18 18:30:00','2021-01-24 18:30:00',100,'Weekly',1,45),('-','2021-02-23 07:43:08','-','2021-02-23 07:43:08',0,168,136,107,'Total annual Electricity Generation using coal','National total value of annual Electricity Generation using coal as a fuel','National','Ceylon Electricity Board','5000','GWh','2019-12-31 18:30:00','2020-12-30 18:30:00',0,'Annually',1,46),('-','2021-02-23 09:08:07','-','2021-02-23 09:08:07',0,169,135,106,'Annual Diesel Consumption of Lakvijaya Power Station','Annual Diesel Consumption of Lakvijaya Power Station for electricity generation','','Ceylon Electricity Board','25','Mn.ltr','2019-12-31 18:30:00','2020-12-30 18:30:00',0,'Annually',1,47),('-','2021-02-23 09:10:19','-','2021-02-23 09:10:19',0,170,135,106,'Annual Diesel Consumption of Lakvijaya Power Station','Annual Diesel Consumption of Lakvijaya Power Station for electricity generation','','Ceylon Electricity Board','25','Mn.ltr','2019-12-31 18:30:00','2020-12-30 18:30:00',0,'Annually',1,48),('-','2021-02-23 09:10:29','-','2021-02-23 09:10:29',0,171,136,107,'Total annual Electricity Generation using coal','National total value of annual Electricity Generation using coal as a fuel','National','Ceylon Electricity Board','5000','GWh','2019-12-31 18:30:00','2020-12-30 18:30:00',0,'Annually',1,48),('-','2021-02-23 09:10:31','-','2021-02-23 09:10:31',0,172,137,105,'Annual coal consumption of Lakvijaya Power Station','Annual coal consumption of Lakvijaya Power Station for electricity generation','','Ceylon Electricity Board','3000','Mn.kg','2019-12-31 18:30:00','2020-12-30 18:30:00',0,'Annually',1,48),('-','2021-02-23 09:10:33','-','2021-02-23 09:10:33',0,173,138,108,'Total annual electricity generation using grid connected solar PV systems','Total annual electricity generation using grid connected solar PV systems belonging to private sector','National','Ceylon Electricity Board','100','GWh','2019-12-31 18:30:00','2020-12-30 18:30:00',0,'Annually',1,48),('-','2021-02-23 09:10:35','-','2021-02-23 09:10:35',0,174,139,106,'Annual Diesel Consumption of Lakvijaya Power Station','Annual Diesel Consumption of Lakvijaya Power Station for electricity generation','','Ceylon Electricity Board','5','Mn.ltr','2020-12-31 18:30:00','2021-12-30 18:30:00',0,'Annually',1,48),('-','2021-02-23 09:10:38','-','2021-02-23 09:10:38',0,175,140,156,'P1','p1 para','National','Ceylon Electricity Board','28','GWh','2019-12-31 18:30:00','2020-12-30 18:30:00',0,'Annually',1,48),('-','2021-02-23 09:12:26','-','2021-02-23 09:12:26',0,176,136,107,'Total annual Electricity Generation using coal','National total value of annual Electricity Generation using coal as a fuel','National','Ceylon Electricity Board','5000','GWh','2019-12-31 18:30:00','2020-12-30 18:30:00',0,'Annually',1,49),('-','2021-02-23 09:12:42','-','2021-02-23 09:12:42',0,177,154,195,'Average number of SLTB busses travelling on expressways','Average number of SLTB busses travelling on expressways - Description','Province: Western','Sri Lanka Transport Board','2500','Number','2021-01-18 18:30:00','2021-01-24 18:30:00',100,'Weekly',1,49),('-','2021-02-23 09:12:58','-','2021-02-23 09:12:58',0,178,154,195,'Average number of SLTB busses travelling on expressways','Average number of SLTB busses travelling on expressways - Description','Province: Western','Sri Lanka Transport Board','2500','Number','2021-01-18 18:30:00','2021-01-24 18:30:00',100,'Weekly',1,48),('-','2021-02-23 09:13:01','-','2021-02-23 09:13:01',0,179,155,195,'Average number of SLTB busses travelling on expressways','Average number of SLTB busses travelling on expressways - Description','Province: Southern','Sri Lanka Transport Board','2500','Number','2021-01-18 18:30:00','2021-01-24 18:30:00',100,'Weekly',1,48),('-','2021-02-23 09:55:29','-','2021-02-23 09:55:29',0,180,139,106,'Annual Diesel Consumption of Lakvijaya Power Station','Annual Diesel Consumption of Lakvijaya Power Station for electricity generation','','Ceylon Electricity Board','5','Mn.ltr','2020-12-31 18:30:00','2021-12-30 18:30:00',0,'Annually',1,40),('-','2021-03-18 11:54:13','-','2021-03-18 11:54:13',0,181,397,440,'Test PD_1','Test PD 1','','Test _PD_1','7','GWh','2019-12-31 18:30:00','2020-12-30 18:30:00',200,'Annually',1,50),('-','2021-03-18 16:33:23','-','2021-03-18 16:33:23',0,182,136,107,'Total annual Electricity Generation using coal','National total value of annual Electricity Generation using coal as a fuel','National','Ceylon Electricity Board','5000','GWh','2019-12-31 18:30:00','2020-12-30 18:30:00',0,'Annually',1,51),('-','2021-03-18 16:33:24','-','2021-03-18 16:33:24',0,183,138,108,'Total annual electricity generation using grid connected solar PV systems','Total annual electricity generation using grid connected solar PV systems belonging to private sector','National','Ceylon Electricity Board','100','GWh','2019-12-31 18:30:00','2020-12-30 18:30:00',0,'Annually',1,51),('-','2021-03-19 04:36:34','-','2021-03-19 04:36:34',0,184,151,108,'Total annual electricity generation using grid connected solar PV systems','Total annual electricity generation using grid connected solar PV systems belonging to private sector','National','Ceylon Electricity Board','500','GWh','2018-12-31 18:30:00','2019-12-30 18:30:00',0,'Annually',1,51),('-','2021-03-19 04:36:36','-','2021-03-19 04:36:36',0,185,159,107,'Total annual Electricity Generation using coal','National total value of annual Electricity Generation using coal as a fuel','National','Ceylon Electricity Board','2000','GWh','2020-12-31 18:30:00','2021-12-30 18:30:00',0,'Annually',1,51),('-','2021-03-19 04:37:00','-','2021-03-19 04:37:00',0,186,154,195,'Average number of SLTB busses travelling on expressways','Average number of SLTB busses travelling on expressways - Description','Province: Western','Sri Lanka Transport Board','2500','Number','2021-01-18 18:30:00','2021-01-24 18:30:00',100,'Weekly',1,51),('-','2021-03-19 04:37:03','-','2021-03-19 04:37:03',0,187,155,195,'Average number of SLTB busses travelling on expressways','Average number of SLTB busses travelling on expressways - Description','Province: Southern','Sri Lanka Transport Board','2500','Number','2021-01-18 18:30:00','2021-01-24 18:30:00',100,'Weekly',1,51),('-','2021-03-24 14:29:10','-','2021-03-24 14:29:10',0,188,136,107,'Total annual Electricity Generation using coal','National total value of annual Electricity Generation using coal as a fuel','National','Ceylon Electricity Board','5000','GWh','2019-12-31 18:30:00','2020-12-30 18:30:00',0,'Annually',1,52),('-','2021-03-24 14:29:11','-','2021-03-24 14:29:11',0,189,137,105,'Annual coal consumption of Lakvijaya Power Station','Annual coal consumption of Lakvijaya Power Station for electricity generation','','Ceylon Electricity Board','3000','Mn.kg','2019-12-31 18:30:00','2020-12-30 18:30:00',0,'Annually',1,52),('-','2021-03-24 14:30:12','-','2021-03-24 14:30:12',0,190,138,108,'Total annual electricity generation using grid connected solar PV systems','Total annual electricity generation using grid connected solar PV systems belonging to private sector','National','Ceylon Electricity Board','100','GWh','2019-12-31 18:30:00','2020-12-30 18:30:00',0,'Annually',1,52),('-','2021-03-24 16:34:05','-','2021-03-24 16:34:05',0,191,154,195,'Average number of SLTB busses travelling on expressways','Average number of SLTB busses travelling on expressways - Description','Province: Western','Sri Lanka Transport Board','2500','Number','2021-01-18 18:30:00','2021-01-24 18:30:00',100,'Weekly',1,52),('-','2021-03-24 16:34:06','-','2021-03-24 16:34:06',0,192,155,195,'Average number of SLTB busses travelling on expressways','Average number of SLTB busses travelling on expressways - Description','Province: Southern','Sri Lanka Transport Board','2500','Number','2021-01-18 18:30:00','2021-01-24 18:30:00',100,'Weekly',1,52),('-','2021-06-26 23:49:21','-','2021-06-26 23:49:21',0,193,397,440,'Test PD_1','Test PD 1','','Test _PD_1','7','GWh','2019-12-31 18:30:00','2020-12-30 18:30:00',200,'Annually',0,53),('-','2021-06-29 01:23:56','-','2021-06-29 01:23:56',0,194,140,156,'P1','p1 para','National','Ceylon Electricity Board','28','GWh','2019-12-31 18:30:00','2020-12-30 18:30:00',0,'Annually',0,54),('-','2021-06-29 01:23:57','-','2021-06-29 01:23:57',0,195,142,108,'Total annual electricity generation using grid connected solar PV systems','Total annual electricity generation using grid connected solar PV systems belonging to private sector','National','Ceylon Electricity Board','100','GWh','2017-12-31 18:30:00','2018-12-30 18:30:00',0,'Annually',1,54),('-','2021-06-29 01:23:58','-','2021-06-29 01:23:58',0,196,143,107,'Total annual Electricity Generation using coal','National total value of annual Electricity Generation using coal as a fuel','National','Ceylon Electricity Board','5000','GWh','2017-12-31 18:30:00','2018-12-30 18:30:00',0,'Annually',1,54),('-','2021-06-29 01:24:04','-','2021-06-29 01:24:04',0,197,148,139,'Biomass energy generation in urban areas','Biomass energy generation in urban areas','National','Ceylon Electricity Board','60','GWh','2018-12-31 18:30:00','2019-12-30 18:30:00',0,'Annually',1,54),('-','2021-06-29 01:24:05','-','2021-06-29 01:24:05',0,198,146,105,'Annual coal consumption of Lakvijaya Power Station','Annual coal consumption of Lakvijaya Power Station for electricity generation','','Ceylon Electricity Board','5000','Mn.kg','2018-12-31 18:30:00','2019-12-30 18:30:00',0,'Annually',1,54),('-','2021-06-29 02:44:22','-','2021-06-29 02:44:22',0,199,136,107,'Total annual Electricity Generation using coal','National total value of annual Electricity Generation using coal as a fuel','National','Ceylon Electricity Board','5000','GWh','2019-12-31 18:30:00','2020-12-30 18:30:00',0,'Annually',0,55),('-','2021-06-29 02:44:24','-','2021-06-29 02:44:24',0,200,137,105,'Annual coal consumption of Lakvijaya Power Station','Annual coal consumption of Lakvijaya Power Station for electricity generation','','Ceylon Electricity Board','3000','Mn.kg','2019-12-31 18:30:00','2020-12-30 18:30:00',0,'Annually',0,55),('-','2021-06-29 02:44:25','-','2021-06-29 02:44:25',0,201,138,108,'Total annual electricity generation using grid connected solar PV systems','Total annual electricity generation using grid connected solar PV systems belonging to private sector','National','Ceylon Electricity Board','100','GWh','2019-12-31 18:30:00','2020-12-30 18:30:00',0,'Annually',1,55),('-','2021-06-29 02:44:32','-','2021-06-29 02:44:32',0,202,154,195,'Average number of SLTB busses travelling on expressways','Average number of SLTB busses travelling on expressways - Description','Province: Western','Sri Lanka Transport Board','2500','Number','2021-01-18 18:30:00','2021-01-24 18:30:00',100,'Weekly',1,55),('-','2021-06-29 02:44:32','-','2021-06-29 02:44:32',0,203,155,195,'Average number of SLTB busses travelling on expressways','Average number of SLTB busses travelling on expressways - Description','Province: Southern','Sri Lanka Transport Board','2500','Number','2021-01-18 18:30:00','2021-01-24 18:30:00',100,'Weekly',1,55),('-','2021-07-04 01:43:30','-','2021-07-04 01:43:30',0,204,136,107,'Total annual Electricity Generation using coal','National total value of annual Electricity Generation using coal as a fuel','National','Ceylon Electricity Board','5000','GWh','2019-12-31 18:30:00','2020-12-30 18:30:00',0,'Annually',0,56),('-','2021-07-04 01:43:32','-','2021-07-04 01:43:32',0,205,137,105,'Annual coal consumption of Lakvijaya Power Station','Annual coal consumption of Lakvijaya Power Station for electricity generation','','Ceylon Electricity Board','3000','Mn.kg','2019-12-31 18:30:00','2020-12-30 18:30:00',0,'Annually',0,56),('-','2021-07-04 01:45:03','-','2021-07-04 01:45:03',0,206,154,195,'Average number of SLTB busses travelling on expressways','Average number of SLTB busses travelling on expressways - Description','Province: Western','Sri Lanka Transport Board','2500','Number','2021-01-18 18:30:00','2021-01-24 18:30:00',100,'Weekly',1,56),('-','2021-07-04 01:45:16','-','2021-07-04 01:45:16',0,207,155,195,'Average number of SLTB busses travelling on expressways','Average number of SLTB busses travelling on expressways - Description','Province: Southern','Sri Lanka Transport Board','2500','Number','2021-01-18 18:30:00','2021-01-24 18:30:00',100,'Weekly',0,56),('-','2021-07-04 02:07:07','-','2021-07-04 02:07:07',0,208,136,107,'Total annual Electricity Generation using coal','National total value of annual Electricity Generation using coal as a fuel','National','Ceylon Electricity Board','5000','GWh','2019-12-31 18:30:00','2020-12-30 18:30:00',0,'Annually',1,53),('-','2021-07-04 02:07:08','-','2021-07-04 02:07:08',0,209,137,105,'Annual coal consumption of Lakvijaya Power Station','Annual coal consumption of Lakvijaya Power Station for electricity generation','','Ceylon Electricity Board','3000','Mn.kg','2019-12-31 18:30:00','2020-12-30 18:30:00',0,'Annually',0,53),('-','2021-07-04 02:07:09','-','2021-07-04 02:07:09',0,210,138,108,'Total annual electricity generation using grid connected solar PV systems','Total annual electricity generation using grid connected solar PV systems belonging to private sector','National','Ceylon Electricity Board','100','GWh','2019-12-31 18:30:00','2020-12-30 18:30:00',0,'Annually',0,53),('-','2021-07-05 04:49:02','-','2021-07-05 04:49:02',0,211,142,108,'Total annual electricity generation using grid connected solar PV systems','Total annual electricity generation using grid connected solar PV systems belonging to private sector','National','Ceylon Electricity Board','100','GWh','2017-12-31 18:30:00','2018-12-30 18:30:00',0,'Annually',1,55),('-','2021-07-05 04:49:04','-','2021-07-05 04:49:04',0,212,151,108,'Total annual electricity generation using grid connected solar PV systems','Total annual electricity generation using grid connected solar PV systems belonging to private sector','National','Ceylon Electricity Board','500','GWh','2018-12-31 18:30:00','2019-12-30 18:30:00',0,'Annually',1,55),('-','2021-07-05 08:20:03','-','2021-07-05 08:20:03',0,213,154,195,'Average number of SLTB busses travelling on expressways','Average number of SLTB busses travelling on expressways - Description','Province: Western','Sri Lanka Transport Board','2500','Number','2021-01-18 18:30:00','2021-01-24 18:30:00',100,'Weekly',1,53),('-','2021-07-05 08:20:05','-','2021-07-05 08:20:05',0,214,155,195,'Average number of SLTB busses travelling on expressways','Average number of SLTB busses travelling on expressways - Description','Province: Southern','Sri Lanka Transport Board','2500','Number','2021-01-18 18:30:00','2021-01-24 18:30:00',100,'Weekly',0,53),('-','2021-07-05 08:20:07','-','2021-07-05 08:20:07',0,215,151,108,'Total annual electricity generation using grid connected solar PV systems','Total annual electricity generation using grid connected solar PV systems belonging to private sector','National','Ceylon Electricity Board','500','GWh','2018-12-31 18:30:00','2019-12-30 18:30:00',0,'Annually',0,53),('-','2021-07-05 08:20:08','-','2021-07-05 08:20:08',0,216,159,107,'Total annual Electricity Generation using coal','National total value of annual Electricity Generation using coal as a fuel','National','Ceylon Electricity Board','2000','GWh','2020-12-31 18:30:00','2021-12-30 18:30:00',0,'Annually',0,53),('-','2021-07-05 19:20:17','-','2021-07-05 19:20:17',0,217,347,378,'3_Annual distribution of threatened species in  Forests','Annual distribution of threatened species in  Forests','National','3_National Biodiversity Secretariat of Sri Lanka ','','','2019-12-31 18:30:00','2020-12-30 18:30:00',0,'Annually',0,57),('-','2021-07-05 19:22:23','-','2021-07-05 19:22:23',0,218,154,195,'Average number of SLTB busses travelling on expressways','Average number of SLTB busses travelling on expressways - Description','Province: Western','Sri Lanka Transport Board','2500','Number','2021-01-18 18:30:00','2021-01-24 18:30:00',100,'Weekly',0,57),('-','2021-07-05 19:28:17','-','2021-07-05 19:28:17',0,219,174,210,'Average number metro trains each route','Average number metro trains each route - descriptions','National','Sri Lanka Transport Board','','','2020-12-31 18:30:00','2021-12-30 18:30:00',0,'Annually',1,57),('-','2021-07-06 00:19:38','-','2021-07-06 00:19:38',0,220,417,453,'paratest1','paratest1ByIP','National','In_Test_IP','','','2020-12-31 13:30:00','2021-12-30 13:30:00',40,'Annually',0,53),('-','2021-07-15 01:05:31','-','2021-07-15 01:05:31',0,221,137,105,'Annual coal consumption of Lakvijaya Power Station','Annual coal consumption of Lakvijaya Power Station for electricity generation','','Ceylon Electricity Board','3000','Mn.kg','2019-12-31 18:30:00','2020-12-30 18:30:00',0,'Annually',0,58),('-','2021-09-30 23:19:06','-','2021-09-30 23:19:06',0,222,140,156,'P1','p1 para','National','Ceylon Electricity Board','28','GWh','2019-12-31 18:30:00','2020-12-30 18:30:00',0,'Annually',0,53),('-','2021-09-30 23:19:07','-','2021-09-30 23:19:07',0,223,142,108,'Total annual electricity generation using grid connected solar PV systems','Total annual electricity generation using grid connected solar PV systems belonging to private sector','National','Ceylon Electricity Board','100','GWh','2017-12-31 18:30:00','2018-12-30 18:30:00',0,'Annually',0,53),('-','2021-09-30 23:19:09','-','2021-09-30 23:19:09',0,224,143,107,'Total annual Electricity Generation using coal','National total value of annual Electricity Generation using coal as a fuel','National','Ceylon Electricity Board','5000','GWh','2017-12-31 18:30:00','2018-12-30 18:30:00',0,'Annually',0,53),('-','2022-03-16 10:37:51','-','2022-03-16 10:37:51',0,225,439,493,'UAT Net Calorific Value of Gasoline','Net calorific value means the amount of usable heat energy released when a fuel is burned under conditions similar to those in which it is normally used','National','UAT-Ceylon Petroleum Storage Terminals Limited','44.3','UAT TJ/Gg','2021-12-31 18:30:00','2022-12-30 18:30:00',0,'Annually',0,53),('-','2022-03-22 10:17:20','-','2022-03-22 10:17:20',0,226,439,493,'UAT Net Calorific Value of Gasoline','Net calorific value means the amount of usable heat energy released when a fuel is burned under conditions similar to those in which it is normally used','National','UAT-Ceylon Petroleum Storage Terminals Limited','44.3','UAT TJ/Gg','2021-12-31 18:30:00','2022-12-30 18:30:00',10,'Annually',1,59),('-','2022-03-23 06:47:43','-','2022-03-23 06:47:43',0,227,149,107,'Total annual Electricity Generation using coal','National total value of annual Electricity Generation using coal as a fuel','National','Ceylon Electricity Board','6213','GWh','2018-12-31 18:30:00','2019-12-30 18:30:00',0,'Annually',0,53),('-','2022-03-23 09:24:05','-','2022-03-23 09:24:05',0,228,441,503,'Commercial parameter','Commercial parameter','National','UAT-Ceylon Petroleum Storage Terminals Limited','10','UAT TJ/Gg','2021-12-31 18:30:00','2022-12-30 18:30:00',0,'Annually',0,53),('-','2022-03-29 06:10:15','-','2022-03-29 06:10:15',0,229,136,107,'Total annual Electricity Generation using coal','National total value of annual Electricity Generation using coal as a fuel','National','Ceylon Electricity Board','5000','GWh','2019-12-31 18:30:00','2020-12-30 18:30:00',0,'Annually',1,60),('-','2022-03-29 06:10:30','-','2022-03-29 06:10:30',0,230,145,105,'Annual coal consumption of Lakvijaya Power Station','Annual coal consumption of Lakvijaya Power Station for electricity generation','National','Ceylon Electricity Board','3000','Mn.kg','2013-12-31 18:30:00','2014-12-30 18:30:00',0,'Annually',1,60),('-','2022-03-31 06:31:57','-','2022-03-31 06:31:57',0,231,142,108,'Total annual electricity generation using grid connected solar PV systems','Total annual electricity generation using grid connected solar PV systems belonging to private sector','National','Ceylon Electricity Board','100','GWh','2017-12-31 18:30:00','2018-12-30 18:30:00',0,'Annually',1,61),('-','2022-03-31 06:32:00','-','2022-03-31 06:32:00',0,232,143,107,'Total annual Electricity Generation using coal','National total value of annual Electricity Generation using coal as a fuel','National','Ceylon Electricity Board','5000','GWh','2017-12-31 18:30:00','2018-12-30 18:30:00',0,'Annually',1,61),('-','2022-03-31 11:17:41','-','2022-03-31 11:17:41',0,233,136,107,'Total annual Electricity Generation using coal','National total value of annual Electricity Generation using coal as a fuel','National','Ceylon Electricity Board','5000','GWh','2019-12-31 18:30:00','2020-12-30 18:30:00',0,'Annually',0,59),('-','2022-04-01 08:45:31','-','2022-04-01 08:45:31',0,234,452,517,'Day 01 Test parameter numeric','Day 01 Test parameter numeric','National','Day 01 Test institution','344','ha','2019-12-31 18:30:00','2020-12-30 18:30:00',0,'Annually',1,62),('-','2022-04-07 03:52:32','-','2022-04-07 03:52:32',0,235,136,107,'Total annual Electricity Generation using coal','National total value of annual Electricity Generation using coal as a fuel','National','Ceylon Electricity Board','5000','GWh','2019-12-31 18:30:00','2020-12-30 18:30:00',0,'Annually',1,63),('-','2022-04-07 03:52:43','-','2022-04-07 03:52:43',0,236,138,108,'Total annual electricity generation using grid connected solar PV systems','Total annual electricity generation using grid connected solar PV systems belonging to private sector','National','Ceylon Electricity Board','100','GWh','2019-12-31 18:30:00','2020-12-30 18:30:00',0,'Annually',1,63),('-','2022-04-07 10:11:46','-','2022-04-07 10:11:46',0,237,440,501,'UAT test parameter','UAT test parameter','National','UAT-Ceylon Petroleum Storage Terminals Limited','2000','m3','2021-12-31 18:30:00','2022-12-30 18:30:00',0,'Annually',0,53),('-','2022-04-07 10:11:53','-','2022-04-07 10:11:53',0,238,446,493,'UAT Net Calorific Value of Gasoline','Net calorific value means the amount of usable heat energy released when a fuel is burned under conditions similar to those in which it is normally used','National','UAT-Ceylon Petroleum Storage Terminals Limited','44.3','UAT TJ/Gg','2022-02-28 18:30:00','2023-02-27 18:30:00',0,'Annually',0,53),('-','2022-06-01 14:06:24','-','2022-06-01 14:06:24',0,239,136,107,'Total annual Electricity Generation using coal','National total value of annual Electricity Generation using coal as a fuel','National','Ceylon Electricity Board','5000','GWh','2019-12-31 18:30:00','2020-12-30 18:30:00',0,'Annually',1,64),('-','2022-06-01 14:06:31','-','2022-06-01 14:06:31',0,240,137,105,'Annual coal consumption of Lakvijaya Power Station','Annual coal consumption of Lakvijaya Power Station for electricity generation','National','Ceylon Electricity Board','3000','Mn.kg','2019-12-31 18:30:00','2020-12-30 18:30:00',0,'Annually',1,64),('-','2022-06-15 09:53:48','-','2022-06-15 09:53:48',0,241,136,107,'Total annual Electricity Generation using coal','National total value of annual Electricity Generation using coal as a fuel','National','Ceylon Electricity Board','5000','GWh','2019-12-31 18:30:00','2020-12-30 18:30:00',0,'Annually',0,65),('-','2022-06-15 09:53:51','-','2022-06-15 09:53:51',0,242,137,105,'Annual coal consumption of Lakvijaya Power Station','Annual coal consumption of Lakvijaya Power Station for electricity generation','National','Ceylon Electricity Board','3000','Mn.kg','2019-12-31 18:30:00','2020-12-30 18:30:00',0,'Annually',0,65),('-','2022-06-20 07:34:12','-','2022-06-20 07:34:12',0,243,540,622,'Test parameter 4','test description','National','Department of Motor Traffic','200','Number','2021-12-31 18:30:00','2022-01-30 18:30:00',0,'Monthly',0,65),('-','2022-06-20 07:34:16','-','2022-06-20 07:34:16',0,244,539,622,'Test parameter 4','test description','National','Department of Motor Traffic','200','Number','2021-12-31 18:30:00','2022-01-30 18:30:00',0,'Monthly',0,65),('-','2022-06-22 05:26:07','-','2022-06-22 05:26:07',0,245,542,621,'test124','Test','National','Department of Motor Traffic','100','Number','2021-12-31 18:30:00','2022-01-30 18:30:00',0,'Monthly',0,65),('-','2022-06-22 05:57:52','-','2022-06-22 05:57:52',0,246,146,105,'Annual coal consumption of Lakvijaya Power Station','Annual coal consumption of Lakvijaya Power Station for electricity generation','National','Ceylon Electricity Board','5000','Mn.kg','2018-12-31 18:30:00','2019-12-30 18:30:00',0,'Annually',0,65),('-','2022-06-29 08:24:45','-','2022-06-29 08:24:45',0,247,154,195,'Average number of SLTB busses travelling on expressways','Average number of SLTB busses travelling on expressways - Description','National','Sri Lanka Transport Board','2500','Number','2021-01-18 18:30:00','2021-01-24 18:30:00',100,'Weekly',0,65),('-','2022-06-29 08:24:47','-','2022-06-29 08:24:47',0,248,151,108,'Total annual electricity generation using grid connected solar PV systems','Total annual electricity generation using grid connected solar PV systems belonging to private sector','National','Ceylon Electricity Board','500','GWh','2018-12-31 18:30:00','2019-12-30 18:30:00',0,'Annually',0,65),('-','2022-06-29 08:26:16','-','2022-06-29 08:26:16',0,249,397,440,'Test PD_1','Test PD 1','National','Test _PD_1','7','GWh','2019-12-31 18:30:00','2020-12-30 18:30:00',200,'Annually',0,65),('-','2022-06-29 08:26:18','-','2022-06-29 08:26:18',0,250,417,453,'paratest1','paratest1ByIP','National','In_Test_IP','','','2020-12-31 13:30:00','2021-12-30 13:30:00',40,'Annually',0,65),('-','2022-06-29 08:26:20','-','2022-06-29 08:26:20',0,251,393,327,'1_Average daily Quantity of Municipal solid waste disposal (Land filling) deposited in un categorized waste disposal sites (informal dumping of general waste)( tons/yr.) under purview of CEA','Average daily quantity of Municipal solid waste disposal (Land filling) deposited in un categorized waste disposal sites (informal dumping of general waste)( tons/yr.) under purview of CEA','National','1_Central Environmental Authority','45','MT','2017-12-31 18:30:00','2018-12-30 18:30:00',0,'Annually',0,65),('-','2022-06-29 08:26:26','-','2022-06-29 08:26:26',0,252,336,350,'2_Annual import of HFC134a','Annual import of HFC134a','National','2_Sri Lanka Customs','50','MT','2019-12-31 18:30:00','2020-12-30 18:30:00',0,'Annually',0,65),('-','2022-06-30 05:08:43','-','2022-06-30 05:08:43',0,253,143,107,'Total annual Electricity Generation using coal','National total value of annual Electricity Generation using coal as a fuel','National','Ceylon Electricity Board','5000','GWh','2017-12-31 18:30:00','2018-12-30 18:30:00',0,'Annually',0,66),('-','2022-06-30 05:08:48','-','2022-06-30 05:08:48',0,254,417,453,'paratest1','paratest1ByIP','National','In_Test_IP','','','2020-12-31 13:30:00','2021-12-30 13:30:00',40,'Annually',0,66),('-','2022-06-30 05:08:52','-','2022-06-30 05:08:52',0,255,446,493,'UAT Net Calorific Value of Gasoline','Net calorific value means the amount of usable heat energy released when a fuel is burned under conditions similar to those in which it is normally used','National','UAT-Ceylon Petroleum Storage Terminals Limited','44.3','UAT TJ/Gg','2022-02-28 18:30:00','2023-02-27 18:30:00',10,'Annually',0,66),('-','2022-07-06 09:57:38','-','2022-07-06 09:57:38',0,256,550,635,'Test parameter 4','test','','Department of Motor Traffic','','','2020-04-30 18:30:00','2020-05-30 18:30:00',342,'Monthly',0,65),('-','2022-07-08 10:47:23','-','2022-07-08 10:47:23',0,257,140,156,'P1','p1 para','National','Ceylon Electricity Board','28','GWh','2019-12-31 18:30:00','2020-12-30 18:30:00',0,'Annually',0,65),('-','2022-07-12 03:40:35','-','2022-07-12 03:40:35',0,258,547,628,'test para 1','test','Province: Sabaragamuwa','Department of Motor Traffic','','','2021-12-31 18:30:00','2022-01-30 18:30:00',234,'Monthly',0,65),('-','2022-07-12 03:40:48','-','2022-07-12 03:40:48',0,259,409,444,'PD_Test_2021.07.01','PD_Test_2021.07.01','','Test PD_20210628','','','2020-12-31 13:30:00','2021-12-30 13:30:00',0,'Annually',0,65),('-','2022-07-12 04:10:39','-','2022-07-12 04:10:39',0,260,552,639,'test6789','test','District: Gampaha','Department of Motor Traffic','','','2021-12-31 18:30:00','2022-01-30 18:30:00',456,'Monthly',1,65),('-','2022-09-15 06:02:39','-','2022-09-15 06:02:39',0,261,563,646,'Testpara452','test','District: Colombo','Department of Motor Traffic','','','2022-03-31 18:30:00','2022-06-29 18:30:00',0,'Quarterly',0,65),('-','2022-09-15 06:02:40','-','2022-09-15 06:02:40',0,262,564,646,'Testpara452','test','District: Ratnapura','Department of Motor Traffic','','','2022-03-31 18:30:00','2022-06-29 18:30:00',0,'Quarterly',0,65),('-','2022-09-15 06:02:41','-','2022-09-15 06:02:41',0,263,565,646,'Testpara452','test','District: Nuwara Eliya','Department of Motor Traffic','','','2022-03-31 18:30:00','2022-06-29 18:30:00',0,'Quarterly',0,65),('-','2022-09-16 05:37:45','-','2022-09-16 05:37:45',0,264,138,108,'Total annual electricity generation using grid connected solar PV systems','Total annual electricity generation using grid connected solar PV systems belonging to private sector','National','Ceylon Electricity Board','100','GWh','2019-12-31 18:30:00','2020-12-30 18:30:00',0,'Annually',0,65),('-','2022-10-13 04:55:49','-','2022-10-13 04:55:49',0,265,155,195,'Average number of SLTB busses travelling on expressways','Average number of SLTB busses travelling on expressways - Description','Province: Southern','Sri Lanka Transport Board','2500','Number','2021-01-18 18:30:00','2021-01-24 18:30:00',100,'Weekly',0,65),('-','2022-10-13 06:24:03','-','2022-10-13 06:24:03',0,266,136,107,'Total annual Electricity Generation using coal','National total value of annual Electricity Generation using coal as a fuel','National','Ceylon Electricity Board','5000','GWh','2019-12-31 18:30:00','2020-12-30 18:30:00',0,'Annually',0,67),('-','2022-10-13 06:24:06','-','2022-10-13 06:24:06',0,267,137,105,'Annual coal consumption of Lakvijaya Power Station','Annual coal consumption of Lakvijaya Power Station for electricity generation','','Ceylon Electricity Board','3000','Mn.kg','2019-12-31 18:30:00','2020-12-30 18:30:00',0,'Annually',1,67),('-','2022-10-13 06:24:09','-','2022-10-13 06:24:09',0,268,140,156,'P1','p1 para','National','Ceylon Electricity Board','28','GWh','2019-12-31 18:30:00','2020-12-30 18:30:00',0,'Annually',1,67),('-','2022-10-13 07:11:34','-','2022-10-13 07:11:34',0,269,556,642,'testpara1','test','District: Ratnapura','Department of Motor Traffic','','','2022-04-30 18:30:00','2022-05-30 18:30:00',213,'Monthly',1,65),('-','2022-10-13 07:34:16','-','2022-10-13 07:34:16',0,270,397,440,'Test PD_1','Test PD 1','','Test _PD_1','7','GWh','2019-12-31 18:30:00','2020-12-30 18:30:00',200,'Annually',0,59),('-','2022-10-16 13:20:46','-','2022-10-16 13:20:46',0,271,572,673,'Testing for day one','Testing for day one','National','Testing for Training','14','Gg','2021-12-31 18:30:00','2022-12-30 18:30:00',0,'Annually',1,68),('-','2022-10-17 06:24:05','-','2022-10-17 06:24:05',0,272,149,107,'Total annual Electricity Generation using coal','National total value of annual Electricity Generation using coal as a fuel','National','Ceylon Electricity Board','6213','GWh','2018-12-31 18:30:00','2019-12-30 18:30:00',0,'Annually',1,69),('-','2022-10-17 06:42:11','-','2022-10-17 06:42:11',0,273,272,309,'1_Total Diesel consumption in the road transport sub-sector (mobile)','Total Diesel consumption in the road transport sub-sector (mobile)','Province: Sabaragamuwa','1_Ceylon Petroleum Corporation','12345','k ton','2019-12-31 18:30:00','2020-03-30 18:30:00',0,'Quarterly',1,69),('-','2022-10-17 06:47:18','-','2022-10-17 06:47:18',0,274,439,493,'UAT Net Calorific Value of Gasoline','Net calorific value means the amount of usable heat energy released when a fuel is burned under conditions similar to those in which it is normally used','National','UAT-Ceylon Petroleum Storage Terminals Limited','44.3','UAT TJ/Gg','2021-12-31 18:30:00','2022-12-30 18:30:00',10,'Annually',0,69),('-','2022-10-17 06:49:12','-','2022-10-17 06:49:12',0,275,276,320,'2_Total Diesel consumption in the road transport sub-sector (mobile)','Total Diesel consumption in the road transport sub-sector (mobile)','Province: North Central','2_Ceylon Petroleum Corporation','1450','k ton','2019-12-31 18:30:00','2020-03-30 18:30:00',0,'Quarterly',1,69),('-','2022-10-17 06:56:28','-','2022-10-17 06:56:28',0,276,136,107,'Total annual Electricity Generation using coal','National total value of annual Electricity Generation using coal as a fuel','National','Ceylon Electricity Board','5000','GWh','2019-12-31 18:30:00','2020-12-30 18:30:00',0,'Annually',1,68),('-','2022-10-17 06:56:30','-','2022-10-17 06:56:30',0,277,137,105,'Annual coal consumption of Lakvijaya Power Station','Annual coal consumption of Lakvijaya Power Station for electricity generation','','Ceylon Electricity Board','3000','Mn.kg','2019-12-31 18:30:00','2020-12-30 18:30:00',0,'Annually',1,68),('-','2022-10-17 06:56:36','-','2022-10-17 06:56:36',0,278,136,107,'Total annual Electricity Generation using coal','National total value of annual Electricity Generation using coal as a fuel','National','Ceylon Electricity Board','5000','GWh','2019-12-31 18:30:00','2020-12-30 18:30:00',0,'Annually',1,70),('-','2022-10-17 06:56:38','-','2022-10-17 06:56:38',0,279,138,108,'Total annual electricity generation using grid connected solar PV systems','Total annual electricity generation using grid connected solar PV systems belonging to private sector','National','Ceylon Electricity Board','100','GWh','2019-12-31 18:30:00','2020-12-30 18:30:00',0,'Annually',1,68),('-','2022-10-17 06:56:54','-','2022-10-17 06:56:54',0,280,137,105,'Annual coal consumption of Lakvijaya Power Station','Annual coal consumption of Lakvijaya Power Station for electricity generation','','Ceylon Electricity Board','3000','Mn.kg','2019-12-31 18:30:00','2020-12-30 18:30:00',0,'Annually',1,71),('-','2022-10-17 06:56:56','-','2022-10-17 06:56:56',0,281,143,107,'Total annual Electricity Generation using coal','National total value of annual Electricity Generation using coal as a fuel','National','Ceylon Electricity Board','5000','GWh','2017-12-31 18:30:00','2018-12-30 18:30:00',0,'Annually',1,70),('-','2022-10-17 06:56:56','-','2022-10-17 06:56:56',0,282,138,108,'Total annual electricity generation using grid connected solar PV systems','Total annual electricity generation using grid connected solar PV systems belonging to private sector','National','Ceylon Electricity Board','100','GWh','2019-12-31 18:30:00','2020-12-30 18:30:00',0,'Annually',1,71),('-','2022-10-17 06:56:59','-','2022-10-17 06:56:59',0,283,142,108,'Total annual electricity generation using grid connected solar PV systems','Total annual electricity generation using grid connected solar PV systems belonging to private sector','National','Ceylon Electricity Board','100','GWh','2017-12-31 18:30:00','2018-12-30 18:30:00',0,'Annually',1,71),('-','2022-10-17 06:57:08','-','2022-10-17 06:57:08',0,284,136,107,'Total annual Electricity Generation using coal','National total value of annual Electricity Generation using coal as a fuel','National','Ceylon Electricity Board','5000','GWh','2019-12-31 18:30:00','2020-12-30 18:30:00',0,'Annually',1,72),('-','2022-10-17 06:57:12','-','2022-10-17 06:57:12',0,285,363,421,'2_Number of annual water cut events in Sri Lanka','Number of annual water cut events in Sri Lanka','National','2_National Water Supply and Drainage Board','3000','Number','2019-12-31 18:30:00','2020-12-30 18:30:00',0,'Annually',0,73),('-','2022-10-17 06:57:14','-','2022-10-17 06:57:14',0,286,467,545,'Day 01 Number of capacity building training programmes conducted to research institutes on tolerant varieties and water efficient farming methods','Number of capacity building training programmes conducted to research institutes on tolerant varieties and water efficient farming methods','National','Day 01 National Science Foundation','10','Number','2021-12-31 18:30:00','2022-12-30 18:30:00',0,'Annually',1,73),('-','2022-10-17 07:02:05','-','2022-10-17 07:02:05',0,287,136,107,'Total annual Electricity Generation using coal','National total value of annual Electricity Generation using coal as a fuel','National','Ceylon Electricity Board','5000','GWh','2019-12-31 18:30:00','2020-12-30 18:30:00',0,'Annually',1,74),('-','2022-10-17 07:02:07','-','2022-10-17 07:02:07',0,288,137,105,'Annual coal consumption of Lakvijaya Power Station','Annual coal consumption of Lakvijaya Power Station for electricity generation','','Ceylon Electricity Board','3000','Mn.kg','2019-12-31 18:30:00','2020-12-30 18:30:00',0,'Annually',1,74),('-','2022-10-18 05:39:38','-','2022-10-18 05:39:38',0,289,136,107,'Total annual Electricity Generation using coal','National total value of annual Electricity Generation using coal as a fuel','National','Ceylon Electricity Board','5000','GWh','2019-12-31 18:30:00','2020-12-30 18:30:00',0,'Annually',1,75),('-','2022-10-18 05:54:32','-','2022-10-18 05:54:32',0,290,498,566,'Day 02 Number of workshop conducted in promoting guidelines for disaster resilient buildings','Number of workshop conducted in promoting guidelines for disaster resilient buildings','National','Day 02 Disaster Management Centre','5','Number','2021-12-31 18:30:00','2022-12-30 18:30:00',0,'Annually',1,68),('-','2022-10-18 05:54:34','-','2022-10-18 05:54:34',0,291,499,567,'Day 02 Number of hectares of productive Land lost to soil erosion','Number of hectares of productive Land lost to soil erosion','National','Day 02 National Building Research Organization','1000','ha','2021-12-31 18:30:00','2022-12-30 18:30:00',0,'Annually',1,68),('-','2022-10-18 05:54:37','-','2022-10-18 05:54:37',0,292,136,107,'Total annual Electricity Generation using coal','National total value of annual Electricity Generation using coal as a fuel','National','Ceylon Electricity Board','5000','GWh','2019-12-31 18:30:00','2020-12-30 18:30:00',0,'Annually',1,76),('-','2022-10-18 05:55:38','-','2022-10-18 05:55:38',0,293,136,107,'Total annual Electricity Generation using coal','National total value of annual Electricity Generation using coal as a fuel','National','Ceylon Electricity Board','5000','GWh','2019-12-31 18:30:00','2020-12-30 18:30:00',0,'Annually',1,77),('-','2022-10-18 05:56:27','-','2022-10-18 05:56:27',0,294,137,105,'Annual coal consumption of Lakvijaya Power Station','Annual coal consumption of Lakvijaya Power Station for electricity generation','','Ceylon Electricity Board','3000','Mn.kg','2019-12-31 18:30:00','2020-12-30 18:30:00',0,'Annually',1,75),('-','2022-10-18 06:01:50','-','2022-10-18 06:01:50',0,295,498,566,'Day 02 Number of workshop conducted in promoting guidelines for disaster resilient buildings','Number of workshop conducted in promoting guidelines for disaster resilient buildings','National','Day 02 Disaster Management Centre','5','Number','2021-12-31 18:30:00','2022-12-30 18:30:00',0,'Annually',1,78),('-','2022-10-18 06:03:18','-','2022-10-18 06:03:18',0,296,499,567,'Day 02 Number of hectares of productive Land lost to soil erosion','Number of hectares of productive Land lost to soil erosion','National','Day 02 National Building Research Organization','1000','ha','2021-12-31 18:30:00','2022-12-30 18:30:00',0,'Annually',1,78),('-','2022-10-18 06:06:51','-','2022-10-18 06:06:51',0,297,136,107,'Total annual Electricity Generation using coal','National total value of annual Electricity Generation using coal as a fuel','National','Ceylon Electricity Board','5000','GWh','2019-12-31 18:30:00','2020-12-30 18:30:00',0,'Annually',1,79),('-','2022-10-18 06:07:13','-','2022-10-18 06:07:13',0,298,397,440,'Test PD_1','Test PD 1','','Test _PD_1','7','GWh','2019-12-31 18:30:00','2020-12-30 18:30:00',200,'Annually',1,79),('-','2022-10-18 06:10:01','-','2022-10-18 06:10:01',0,299,142,108,'Total annual electricity generation using grid connected solar PV systems','Total annual electricity generation using grid connected solar PV systems belonging to private sector','National','Ceylon Electricity Board','100','GWh','2017-12-31 18:30:00','2018-12-30 18:30:00',0,'Annually',1,80),('-','2022-10-19 05:30:59','-','2022-10-19 05:30:59',0,300,136,107,'Total annual Electricity Generation using coal','National total value of annual Electricity Generation using coal as a fuel','National','Ceylon Electricity Board','5000','GWh','2019-12-31 18:30:00','2020-12-30 18:30:00',0,'Annually',0,81),('-','2022-10-19 05:36:18','-','2022-10-19 05:36:18',0,301,136,107,'Total annual Electricity Generation using coal','National total value of annual Electricity Generation using coal as a fuel','National','Ceylon Electricity Board','5000','GWh','2019-12-31 18:30:00','2020-12-30 18:30:00',0,'Annually',1,82),('-','2022-10-19 05:36:21','-','2022-10-19 05:36:21',0,302,137,105,'Annual coal consumption of Lakvijaya Power Station','Annual coal consumption of Lakvijaya Power Station for electricity generation','','Ceylon Electricity Board','3000','Mn.kg','2019-12-31 18:30:00','2020-12-30 18:30:00',0,'Annually',1,82),('-','2022-10-19 05:36:44','-','2022-10-19 05:36:44',0,303,136,107,'Total annual Electricity Generation using coal','National total value of annual Electricity Generation using coal as a fuel','National','Ceylon Electricity Board','5000','GWh','2019-12-31 18:30:00','2020-12-30 18:30:00',0,'Annually',1,83),('-','2022-10-19 05:36:46','-','2022-10-19 05:36:46',0,304,136,107,'Total annual Electricity Generation using coal','National total value of annual Electricity Generation using coal as a fuel','National','Ceylon Electricity Board','5000','GWh','2019-12-31 18:30:00','2020-12-30 18:30:00',0,'Annually',1,84),('-','2022-10-19 05:36:49','-','2022-10-19 05:36:49',0,305,136,107,'Total annual Electricity Generation using coal','National total value of annual Electricity Generation using coal as a fuel','National','Ceylon Electricity Board','5000','GWh','2019-12-31 18:30:00','2020-12-30 18:30:00',0,'Annually',1,85),('-','2022-10-19 05:36:51','-','2022-10-19 05:36:51',0,306,137,105,'Annual coal consumption of Lakvijaya Power Station','Annual coal consumption of Lakvijaya Power Station for electricity generation','','Ceylon Electricity Board','3000','Mn.kg','2019-12-31 18:30:00','2020-12-30 18:30:00',0,'Annually',1,84),('-','2022-10-19 05:36:58','-','2022-10-19 05:36:58',0,307,136,107,'Total annual Electricity Generation using coal','National total value of annual Electricity Generation using coal as a fuel','National','Ceylon Electricity Board','5000','GWh','2019-12-31 18:30:00','2020-12-30 18:30:00',0,'Annually',1,86),('-','2022-10-19 05:37:00','-','2022-10-19 05:37:00',0,308,137,105,'Annual coal consumption of Lakvijaya Power Station','Annual coal consumption of Lakvijaya Power Station for electricity generation','','Ceylon Electricity Board','3000','Mn.kg','2019-12-31 18:30:00','2020-12-30 18:30:00',0,'Annually',1,86),('-','2022-10-19 05:37:44','-','2022-10-19 05:37:44',0,309,228,271,'AS_Average annual rice requirement','_Average annual rice requirement','National','AS_Department of Agriculture','6000','MT','2019-12-31 18:30:00','2020-12-30 18:30:00',0,'Annually',1,87),('-','2022-10-19 05:38:20','-','2022-10-19 05:38:20',0,310,136,107,'Total annual Electricity Generation using coal','National total value of annual Electricity Generation using coal as a fuel','National','Ceylon Electricity Board','5000','GWh','2019-12-31 18:30:00','2020-12-30 18:30:00',0,'Annually',1,88),('-','2022-10-19 05:38:49','-','2022-10-19 05:38:49',0,311,136,107,'Total annual Electricity Generation using coal','National total value of annual Electricity Generation using coal as a fuel','National','Ceylon Electricity Board','5000','GWh','2019-12-31 18:30:00','2020-12-30 18:30:00',0,'Annually',1,89),('-','2022-10-19 05:41:06','-','2022-10-19 05:41:06',0,312,530,608,'Day 03 Average pH value of waste water under purview of NWSDB','pH value in waste water based on treatment plant type','D.S: Colombo','Day 03 National Water Supply and Drainage Board','10','Number','2021-12-31 18:30:00','2022-12-30 18:30:00',0,'Annually',1,90),('-','2022-10-19 05:41:13','-','2022-10-19 05:41:13',0,313,529,606,'Day 03 Total volume of wastewater handled by NWSDB','the amount of waste water handleed by All treatment plants which are under NWSDB','District: Colombo','Day 03 National Water Supply and Drainage Board','','m3/day','2021-12-31 18:30:00','2022-12-30 18:30:00',0,'Annually',1,91),('-','2022-10-19 05:41:15','-','2022-10-19 05:41:15',0,314,530,608,'Day 03 Average pH value of waste water under purview of NWSDB','pH value in waste water based on treatment plant type','D.S: Colombo','Day 03 National Water Supply and Drainage Board','10','Number','2021-12-31 18:30:00','2022-12-30 18:30:00',0,'Annually',1,91),('-','2022-10-19 06:00:44','-','2022-10-19 06:00:44',0,315,136,107,'Total annual Electricity Generation using coal','National total value of annual Electricity Generation using coal as a fuel','National','Ceylon Electricity Board','5000','GWh','2019-12-31 18:30:00','2020-12-30 18:30:00',0,'Annually',1,92),('-','2022-10-19 06:02:30','-','2022-10-19 06:02:30',0,316,550,635,'Test parameter 4','test','','Department of Motor Traffic','','','2020-04-30 18:30:00','2020-05-30 18:30:00',342,'Monthly',0,93),('-','2022-10-19 06:09:17','-','2022-10-19 06:09:17',0,317,439,493,'UAT Net Calorific Value of Gasoline','Net calorific value means the amount of usable heat energy released when a fuel is burned under conditions similar to those in which it is normally used','National','UAT-Ceylon Petroleum Storage Terminals Limited','44.3','UAT TJ/Gg','2021-12-31 18:30:00','2022-12-30 18:30:00',10,'Annually',1,94),('-','2022-10-19 06:09:46','-','2022-10-19 06:09:46',0,318,454,525,'UAT quantity of fuel consumed by cars in year y','Liters of petrol consumed by car fleet in Sri Lanka in year y','National','UAT-Ceylon Petroleum Storage Terminals Limited','100000','ltr','2022-02-28 18:30:00','2023-02-27 18:30:00',10,'Annually',1,94),('-','2022-10-19 06:17:51','-','2022-10-19 06:17:51',0,319,138,108,'Total annual electricity generation using grid connected solar PV systems','Total annual electricity generation using grid connected solar PV systems belonging to private sector','National','Ceylon Electricity Board','100','GWh','2019-12-31 18:30:00','2020-12-30 18:30:00',0,'Annually',1,89),('-','2022-10-19 06:20:16','-','2022-10-19 06:20:16',0,320,136,107,'Total annual Electricity Generation using coal','National total value of annual Electricity Generation using coal as a fuel','National','Ceylon Electricity Board','5000','GWh','2019-12-31 18:30:00','2020-12-30 18:30:00',0,'Annually',1,95),('-','2022-10-19 06:20:17','-','2022-10-19 06:20:17',0,321,137,105,'Annual coal consumption of Lakvijaya Power Station','Annual coal consumption of Lakvijaya Power Station for electricity generation','','Ceylon Electricity Board','3000','Mn.kg','2019-12-31 18:30:00','2020-12-30 18:30:00',0,'Annually',1,95),('-','2022-10-19 06:20:19','-','2022-10-19 06:20:19',0,322,138,108,'Total annual electricity generation using grid connected solar PV systems','Total annual electricity generation using grid connected solar PV systems belonging to private sector','National','Ceylon Electricity Board','100','GWh','2019-12-31 18:30:00','2020-12-30 18:30:00',0,'Annually',1,95),('-','2022-10-19 06:20:20','-','2022-10-19 06:20:20',0,323,140,156,'P1','p1 para','National','Ceylon Electricity Board','28','GWh','2019-12-31 18:30:00','2020-12-30 18:30:00',0,'Annually',1,95),('-','2022-10-19 06:20:56','-','2022-10-19 06:20:56',0,324,143,107,'Total annual Electricity Generation using coal','National total value of annual Electricity Generation using coal as a fuel','National','Ceylon Electricity Board','5000','GWh','2017-12-31 18:30:00','2018-12-30 18:30:00',0,'Annually',1,95),('-','2022-10-19 06:20:56','-','2022-10-19 06:20:56',0,325,145,105,'Annual coal consumption of Lakvijaya Power Station','Annual coal consumption of Lakvijaya Power Station for electricity generation','','Ceylon Electricity Board','3000','Mn.kg','2013-12-31 18:30:00','2014-12-30 18:30:00',0,'Annually',1,95),('-','2022-10-19 06:20:58','-','2022-10-19 06:20:58',0,326,146,105,'Annual coal consumption of Lakvijaya Power Station','Annual coal consumption of Lakvijaya Power Station for electricity generation','','Ceylon Electricity Board','5000','Mn.kg','2018-12-31 18:30:00','2019-12-30 18:30:00',0,'Annually',1,95),('-','2022-10-19 06:20:59','-','2022-10-19 06:20:59',0,327,148,139,'Biomass energy generation in urban areas','Biomass energy generation in urban areas','National','Ceylon Electricity Board','60','GWh','2018-12-31 18:30:00','2019-12-30 18:30:00',0,'Annually',1,95),('-','2022-10-19 06:23:33','-','2022-10-19 06:23:33',0,328,145,105,'Annual coal consumption of Lakvijaya Power Station','Annual coal consumption of Lakvijaya Power Station for electricity generation','','Ceylon Electricity Board','3000','Mn.kg','2013-12-31 18:30:00','2014-12-30 18:30:00',0,'Annually',1,88);
/*!40000 ALTER TABLE `shopping_cart_item` ENABLE KEYS */;
UNLOCK TABLES;

--
-- Table structure for table `shopping_cart_payment`
--

DROP TABLE IF EXISTS `shopping_cart_payment`;
/*!40101 SET @saved_cs_client     = @@character_set_client */;
/*!50503 SET character_set_client = utf8mb4 */;
CREATE TABLE `shopping_cart_payment` (
  `createdBy` varchar(255) NOT NULL,
  `createdOn` datetime NOT NULL,
  `editedBy` varchar(255) NOT NULL,
  `editedOn` datetime NOT NULL,
  `status` int NOT NULL,
  `id` int NOT NULL AUTO_INCREMENT,
  `TransactionAmount` int NOT NULL,
  `isSuccess` tinyint NOT NULL,
  `TransactionStatus` varchar(255) NOT NULL,
  `TransactionReferenceNumber` varchar(255) NOT NULL,
  `PaymentGatewayName` varchar(255) NOT NULL,
  `ConvenienceFee` varchar(255) NOT NULL,
  `Note` varchar(255) NOT NULL,
  `shoppingCartId` int DEFAULT NULL,
  PRIMARY KEY (`id`),
  KEY `FK_4a973ee4b4bdcd99165841d8921` (`shoppingCartId`),
  CONSTRAINT `FK_4a973ee4b4bdcd99165841d8921` FOREIGN KEY (`shoppingCartId`) REFERENCES `shopping_cart` (`id`)
) ENGINE=InnoDB AUTO_INCREMENT=114 DEFAULT CHARSET=utf8mb4 COLLATE=utf8mb4_0900_ai_ci;
/*!40101 SET character_set_client = @saved_cs_client */;

--
-- Dumping data for table `shopping_cart_payment`
--

LOCK TABLES `shopping_cart_payment` WRITE;
/*!40000 ALTER TABLE `shopping_cart_payment` DISABLE KEYS */;
INSERT INTO `shopping_cart_payment` VALUES ('-','2021-02-03 18:14:37','','2021-02-03 18:14:37',1,1,2000,0,'new','','','','',5),('-','2021-02-03 18:21:09','','2021-02-03 18:21:09',1,2,2000,0,'True','2','paycorp','40.0','',5),('-','2021-02-04 05:22:30','','2021-02-04 05:22:30',1,3,0,0,'new','','','','',13),('-','2021-02-04 05:28:11','','2021-02-04 05:28:11',1,4,1000,0,'new','','','','',13),('-','2021-02-04 05:32:40','','2021-02-04 05:32:40',1,5,1000,0,'new','','','','',13),('-','2021-02-04 05:33:17','','2021-02-04 05:33:17',1,6,1000,0,'new','','','','',13),('-','2021-02-05 02:56:57','','2021-02-05 02:56:57',1,7,1000,0,'new','','','','',13),('-','2021-02-05 03:09:00','','2021-02-05 03:09:00',1,8,2000,0,'True','8','paycorp','40.0','',13),('-','2021-02-05 04:05:07','','2021-02-05 04:05:07',1,9,2000,0,'True','9','paycorp','40.0','',14),('-','2021-02-08 09:53:15','','2021-02-08 09:53:15',1,10,2000,0,'True','10','paycorp','40.0','',8),('-','2021-02-12 07:36:28','','2021-02-12 07:36:28',1,11,1000,0,'new','','','','',17),('-','2021-02-12 07:42:32','','2021-02-12 07:42:32',1,12,1000,0,'new','','','','',17),('-','2021-02-12 08:59:55','','2021-02-12 08:59:55',1,13,1000,0,'new','','','','',17),('-','2021-02-12 16:34:00','','2021-02-12 16:34:00',1,14,1000,0,'new','','','','',18),('-','2021-02-12 16:34:12','','2021-02-12 16:34:12',1,15,1000,0,'new','','','','',18),('-','2021-02-13 02:52:27','','2021-02-13 02:52:27',1,16,1000,0,'new','','','','',17),('-','2021-02-13 02:58:01','','2021-02-13 02:58:01',1,17,1000,0,'new','','','','',17),('-','2021-02-13 02:58:41','','2021-02-13 02:58:41',1,18,1000,0,'new','','','','',17),('-','2021-02-13 03:00:00','','2021-02-13 03:00:00',1,19,2000,0,'new','','','','',17),('-','2021-02-13 06:50:09','','2021-02-13 06:50:09',1,20,2000,0,'new','','','','',19),('-','2021-02-13 06:51:39','','2021-02-13 06:51:39',1,21,2000,0,'new','','','','',19),('-','2021-02-15 11:11:34','','2021-02-15 11:11:34',1,22,2000,0,'new','','','','',19),('-','2021-02-15 11:11:37','','2021-02-15 11:11:37',1,23,2000,0,'new','','','','',19),('-','2021-02-15 11:12:50','','2021-02-15 11:12:50',1,24,2000,0,'True','24','paycorp','40.0','',19),('-','2021-02-16 17:40:16','','2021-02-16 17:40:16',1,25,2000,0,'new','','','','',25),('-','2021-02-16 17:43:11','','2021-02-16 17:43:11',1,26,2000,0,'new','','','','',21),('-','2021-02-17 02:38:16','','2021-02-17 02:38:16',1,27,2000,0,'True','27','paycorp','40.0','',17),('-','2021-02-17 02:56:43','','2021-02-17 02:56:43',1,28,1000,0,'True','28','paycorp','20.0','',26),('-','2021-02-17 03:15:36','','2021-02-17 03:15:36',1,29,2000,0,'True','29','paycorp','40.0','',21),('-','2021-02-17 03:28:28','','2021-02-17 03:28:28',1,30,1000,0,'new','','','','',27),('-','2021-02-17 07:14:14','','2021-02-17 07:14:14',1,31,1000,0,'True','31','paycorp','20.0','',29),('-','2021-02-17 08:09:52','','2021-02-17 08:09:52',1,32,2000,0,'True','32','paycorp','40.0','',30),('-','2021-02-17 10:27:08','','2021-02-17 10:27:08',1,33,2000,0,'new','','','','',32),('-','2021-02-17 10:29:56','','2021-02-17 10:29:56',1,34,2000,0,'new','','','','',32),('-','2021-02-17 10:31:01','','2021-02-17 10:31:01',1,35,2000,0,'new','','','','',32),('-','2021-02-17 10:31:30','','2021-02-17 10:31:30',1,36,1000,0,'True','36','paycorp','20.0','',31),('-','2021-02-17 10:32:46','','2021-02-17 10:32:46',1,37,1000,0,'new','','','','',33),('-','2021-02-18 15:00:44','','2021-02-18 15:00:44',1,38,1000,0,'new','','','','',34),('-','2021-02-18 15:06:22','','2021-02-18 15:06:22',1,39,1000,0,'new','','','','',34),('-','2021-02-18 15:08:33','','2021-02-18 15:08:33',1,40,10,0,'False','40','paycorp','0.2','',34),('-','2021-02-18 15:11:06','','2021-02-18 15:11:06',1,41,10,0,'new','','','','',34),('-','2021-02-18 15:11:36','','2021-02-18 15:11:36',1,42,10,0,'False','42','paycorp','0.2','',34),('-','2021-02-19 06:11:48','','2021-02-19 06:11:48',1,43,10,0,'False','43','paycorp','0.2','',35),('-','2021-02-19 06:16:47','','2021-02-19 06:16:47',1,44,100,0,'True','44','paycorp','2.0','',35),('-','2021-02-19 11:29:30','','2021-02-19 11:29:30',1,45,200,0,'True','45','paycorp','4.0','',37),('-','2021-02-22 05:52:26','','2021-02-22 05:52:26',1,46,100,0,'True','46','paycorp','2.0','',34),('-','2021-02-22 06:08:58','','2021-02-22 06:08:58',1,47,200,0,'new','','','','',38),('-','2021-02-22 06:10:10','','2021-02-22 06:10:10',1,48,200,0,'new','','','','',39),('-','2021-02-22 09:13:30','','2021-02-22 09:13:30',1,49,200,0,'new','','','','',40),('-','2021-02-22 11:11:05','','2021-02-22 11:11:05',1,50,200,0,'True','50','paycorp','4.0','',41),('-','2021-02-22 11:11:07','','2021-02-22 11:11:07',1,51,100,0,'False','51','paycorp','2.0','',43),('-','2021-02-22 11:13:33','','2021-02-22 11:13:33',1,52,200,0,'new','','','','',42),('-','2021-02-23 05:50:31','','2021-02-23 05:50:31',1,53,200,0,'new','','','','',44),('-','2021-02-23 05:52:09','','2021-02-23 05:52:09',1,54,100,0,'new','','','','',45),('-','2021-02-23 06:19:32','','2021-02-23 06:19:32',1,55,200,0,'new','','','','',45),('-','2021-02-23 06:19:32','','2021-02-23 06:19:32',1,56,200,0,'new','','','','',44),('-','2021-02-23 06:22:12','','2021-02-23 06:22:12',1,57,200,0,'new','','','','',44),('-','2021-02-23 09:13:55','','2021-02-23 09:13:55',1,58,200,0,'True','58','paycorp','4.0','',48),('-','2021-02-23 09:13:57','','2021-02-23 09:13:57',1,59,100,0,'new','','','','',49),('-','2021-03-18 11:54:17','','2021-03-18 11:54:17',1,60,200,0,'True','60','paycorp','4.0','',50),('-','2021-03-19 04:37:12','','2021-03-19 04:37:12',1,61,200,0,'new','','','','',51),('-','2021-03-24 16:34:13','','2021-03-24 16:34:13',1,62,200,0,'new','','','','',52),('-','2021-03-24 16:42:25','','2021-03-24 16:42:25',1,63,200,0,'True','63','paycorp','4.0','',52),('-','2021-05-05 04:49:12','','2021-05-05 04:49:12',1,64,200,0,'True','64','paycorp','4.0','',28),('-','2021-06-26 23:49:25','','2021-06-26 23:49:25',1,65,200,0,'new','','','','',53),('-','2021-06-26 23:51:51','','2021-06-26 23:51:51',1,66,200,0,'new','','','','',53),('-','2021-06-26 23:53:18','','2021-06-26 23:53:18',1,67,200,0,'true','67','paycorp','paycorp','',53),('-','2021-06-27 00:44:37','','2021-06-27 00:44:37',1,68,200,0,'new','','','','',53),('-','2021-06-29 02:44:37','','2021-06-29 02:44:37',1,69,200,0,'true','69','paycorp','paycorp','',55),('-','2021-07-04 02:04:59','','2021-07-04 02:04:59',1,70,200,0,'true','70','paycorp','paycorp','',56),('-','2021-07-04 02:05:24','','2021-07-04 02:05:24',1,71,200,0,'true','71','paycorp','paycorp','',53),('-','2021-07-04 03:24:10','','2021-07-04 03:24:10',1,72,200,0,'true','72','paycorp','paycorp','',53),('-','2021-07-04 13:20:55','','2021-07-04 13:20:55',1,73,200,0,'true','73','paycorp','paycorp','',56),('-','2021-07-05 04:50:09','','2021-07-05 04:50:09',1,74,200,0,'true','74','paycorp','paycorp','',55),('-','2021-07-05 08:24:02','','2021-07-05 08:24:02',1,75,400,0,'true','75','paycorp','paycorp','',53),('-','2021-07-05 19:22:34','','2021-07-05 19:22:34',1,76,100,0,'true','76','paycorp','paycorp','',57),('-','2021-07-05 22:16:53','','2021-07-05 22:16:53',1,77,400,0,'true','77','paycorp','paycorp','',53),('-','2021-07-11 22:20:03','','2021-07-11 22:20:03',1,78,440,0,'new','','','','',53),('-','2021-07-11 22:20:15','','2021-07-11 22:20:15',1,79,440,0,'new','','','','',53),('-','2022-06-23 13:01:18','','2022-06-23 13:01:18',1,80,440,0,'new','','','','',53),('-','2022-06-23 13:03:05','','2022-06-23 13:03:05',1,81,440,0,'new','','','','',53),('-','2022-06-23 13:08:54','','2022-06-23 13:08:54',1,82,440,0,'new','','','','',53),('-','2022-06-23 13:09:22','','2022-06-23 13:09:22',1,83,440,0,'new','','','','',53),('-','2022-06-23 13:13:18','','2022-06-23 13:13:18',1,84,440,0,'new','','','','',53),('-','2022-06-23 13:15:21','','2022-06-23 13:15:21',1,85,440,0,'new','','','','',53),('-','2022-06-23 13:40:20','','2022-06-23 13:40:20',1,86,440,0,'new','','','','',53),('-','2022-06-23 13:43:40','','2022-06-23 13:43:40',1,87,440,0,'new','','','','',53),('-','2022-06-23 14:03:09','','2022-06-23 14:03:09',1,88,440,0,'new','','','','',53),('-','2022-06-24 08:24:56','','2022-06-24 08:24:56',1,89,440,0,'new','','','','',53),('-','2022-06-28 07:47:10','','2022-06-28 07:47:10',1,90,440,0,'new','','','','',53),('-','2022-06-29 08:25:25','','2022-06-29 08:25:25',1,91,100,0,'new','','','','',65),('-','2022-06-30 05:09:02','','2022-06-30 05:09:02',1,92,50,0,'new','','','','',66),('-','2022-07-05 10:16:40','','2022-07-05 10:16:40',1,93,440,0,'new','','','','',53),('-','2022-07-05 12:22:37','','2022-07-05 12:22:37',1,94,440,0,'new','','','','',53),('-','2022-07-05 12:27:06','','2022-07-05 12:27:06',1,95,440,0,'new','','','','',53),('-','2022-07-05 13:17:14','','2022-07-05 13:17:14',1,96,440,0,'new','','','','',53),('-','2022-07-06 09:33:03','','2022-07-06 09:33:03',1,97,440,0,'new','','','','',53),('-','2022-07-06 09:35:45','','2022-07-06 09:35:45',1,98,440,0,'new','','','','',53),('-','2022-07-06 09:36:36','','2022-07-06 09:36:36',1,99,440,0,'new','','','','',53),('-','2022-07-06 09:41:12','','2022-07-06 09:41:12',1,100,440,0,'new','','','','',53),('-','2022-07-06 09:55:32','','2022-07-06 09:55:32',1,101,440,0,'new','','','','',53),('-','2022-07-06 09:57:54','','2022-07-06 09:57:54',1,102,682,0,'new','','','','',65),('-','2022-07-06 10:09:14','','2022-07-06 10:09:14',1,103,440,0,'new','','','','',53),('-','2022-07-06 10:11:55','','2022-07-06 10:11:55',1,104,440,0,'new','','','','',53),('-','2022-07-06 10:41:37','','2022-07-06 10:41:37',1,105,682,0,'new','','','','',65),('-','2022-07-06 11:42:14','','2022-07-06 11:42:14',1,106,682,0,'new','','','','',65),('-','2022-07-08 10:46:42','','2022-07-08 10:46:42',1,107,682,0,'new','','','','',65),('-','2022-10-13 04:56:02','','2022-10-13 04:56:02',1,108,1472,0,'new','','','','',65),('-','2022-10-13 05:36:20','','2022-10-13 05:36:20',1,109,1472,0,'new','','','','',65),('-','2022-10-13 07:11:44','','2022-10-13 07:11:44',1,110,1685,0,'new','','','','',65),('-','2022-10-13 07:20:45','','2022-10-13 07:20:45',1,111,1685,0,'new','','','','',65),('-','2022-10-13 07:34:37','','2022-10-13 07:34:37',1,112,200,0,'new','','','','',59),('-','2022-10-19 06:03:14','','2022-10-19 06:03:14',1,113,342,0,'new','','','','',93);
/*!40000 ALTER TABLE `shopping_cart_payment` ENABLE KEYS */;
UNLOCK TABLES;

--
-- Table structure for table `sub_sector`
--

DROP TABLE IF EXISTS `sub_sector`;
/*!40101 SET @saved_cs_client     = @@character_set_client */;
/*!50503 SET character_set_client = utf8mb4 */;
CREATE TABLE `sub_sector` (
  `createdBy` varchar(255) NOT NULL,
  `createdOn` datetime NOT NULL,
  `editedBy` varchar(255) NOT NULL,
  `editedOn` datetime NOT NULL,
  `status` int NOT NULL,
  `id` int NOT NULL AUTO_INCREMENT,
  `name` varchar(255) NOT NULL,
  `sortOrder` int NOT NULL,
  `sectorId` int DEFAULT NULL,
  `description` varchar(2500) NOT NULL,
  PRIMARY KEY (`id`),
  KEY `FK_db2ad95adf971aec99e1159acd5` (`sectorId`),
  CONSTRAINT `FK_db2ad95adf971aec99e1159acd5` FOREIGN KEY (`sectorId`) REFERENCES `sector` (`id`)
) ENGINE=InnoDB AUTO_INCREMENT=5 DEFAULT CHARSET=utf8mb4 COLLATE=utf8mb4_0900_ai_ci;
/*!40101 SET character_set_client = @saved_cs_client */;

--
-- Dumping data for table `sub_sector`
--

LOCK TABLES `sub_sector` WRITE;
/*!40000 ALTER TABLE `sub_sector` DISABLE KEYS */;
INSERT INTO `sub_sector` VALUES (' ','2020-11-15 00:00:00',' ','2020-11-15 00:00:00',0,1,'S1-Sub1',1,1,''),('  ','2020-11-15 00:00:00',' ','2020-11-15 00:00:00',0,2,'S1-Sub2',1,1,''),(' ','2020-11-15 00:00:00',' ','2020-11-15 00:00:00',0,3,'S2-Sub1',1,2,''),('  ','2020-11-15 00:00:00',' ','2020-11-15 00:00:00',0,4,'S2-Sub2',1,2,'');
/*!40000 ALTER TABLE `sub_sector` ENABLE KEYS */;
UNLOCK TABLES;

--
-- Table structure for table `unit_of_measure`
--

DROP TABLE IF EXISTS `unit_of_measure`;
/*!40101 SET @saved_cs_client     = @@character_set_client */;
/*!50503 SET character_set_client = utf8mb4 */;
CREATE TABLE `unit_of_measure` (
  `createdBy` varchar(255) NOT NULL,
  `createdOn` datetime NOT NULL,
  `editedBy` varchar(255) NOT NULL,
  `editedOn` datetime NOT NULL,
  `status` int NOT NULL,
  `id` int NOT NULL AUTO_INCREMENT,
  `name` varchar(255) NOT NULL,
  `kindOfQuantity` varchar(255) NOT NULL,
  `print` varchar(255) NOT NULL,
  `isAMetricUnit` tinyint NOT NULL,
  `definitionValue` int NOT NULL,
  `definitionValueText` varchar(255) NOT NULL,
  `definitionUnit` varchar(255) NOT NULL,
  `description` varchar(2500) NOT NULL,
  PRIMARY KEY (`id`)
) ENGINE=InnoDB AUTO_INCREMENT=120 DEFAULT CHARSET=utf8mb4 COLLATE=utf8mb4_0900_ai_ci;
/*!40101 SET character_set_client = @saved_cs_client */;

--
-- Dumping data for table `unit_of_measure`
--

LOCK TABLES `unit_of_measure` WRITE;
/*!40000 ALTER TABLE `unit_of_measure` DISABLE KEYS */;
INSERT INTO `unit_of_measure` VALUES ('-','2021-01-05 16:58:06','-','2021-01-05 16:58:06',0,36,'no.','count','No.(s)',1,0,'','','Number'),('-','2021-01-06 08:31:25','-','2021-01-06 08:31:25',0,37,'kg','Weight','Kg',1,0,'','','killogram'),('-','2021-01-06 08:27:35','-','2021-01-06 08:27:35',0,38,'MT','Weight','MT',1,0,'','','Metric Tonne'),('-','2021-01-06 08:33:57','-','2021-01-06 08:33:57',0,39,'tCO2e','Emission','tCO2e',1,0,'','','Tonne of CO2 equivalent '),('-','2021-01-10 08:47:16','-','2021-01-10 08:47:16',0,40,'GWh','Electrical Energy','GWh',1,0,'','','giga watt hour'),('-','2021-01-10 08:49:41','-','2021-01-10 08:49:41',0,41,'MWh','Electrical Energy','MWh',1,0,'','','megawatt hour'),('-','2021-01-10 08:50:25','-','2021-01-10 08:50:25',0,42,'kWh','Electrical Energy','kWh',1,0,'','','kilo watt hour'),('-','2021-01-10 08:51:41','-','2021-01-10 08:51:41',0,43,'toe','Thermal Energy','toe',0,0,'','','tons of oil equivalent'),('-','2021-01-10 08:53:06','-','2021-01-10 08:53:06',0,44,'TJ','Thermal Energy','TJ',1,0,'','','terra Joule'),('-','2021-01-10 08:54:56','-','2021-01-10 08:54:56',0,45,'PJ','Thermal Energy','PJ',1,0,'','','peta Joule'),('-','2021-01-10 08:56:54','-','2021-01-10 08:56:54',0,46,'m3','Volume','m3',1,0,'','','cubic meters'),('-','2021-01-10 08:57:40','-','2021-01-10 08:57:40',0,47,'ltr','Volume','ltr',1,0,'','','litre'),('-','2021-01-10 11:07:55','-','2021-01-10 11:07:55',0,48,'Mn.ltr','Volume','Mn.Ltr',1,0,'','','Million Litres'),('-','2021-01-10 11:54:32','-','2021-01-10 11:54:32',0,49,'Mn.kg','Weight','Mn.kg',1,0,'','','million killogram'),('-','2021-01-10 13:47:42','-','2021-01-10 13:47:42',0,50,'tCO2e/MWh','Emission Factor','tCO2e/MWh',1,0,'','','Emission or saving as an equivalent of tons of CO2 gas per one megawatt of energy'),('-','2021-01-10 15:12:12','-','2021-01-10 15:12:12',0,51,'km/ltr','fuel economy','km/ltr',1,0,'','','kilometers per liter (fuel'),('-','2021-01-10 15:21:53','-','2021-01-10 15:21:53',0,52,'%','share (%)','%',1,0,'','','percentage'),('-','2021-01-10 18:44:59','-','2021-01-10 18:44:59',0,53,'mg/ltr','BOD Level','mg/ltr',1,0,'','','milligrams per litre'),('-','2021-01-10 19:32:13','-','2021-01-10 19:32:13',0,54,'ha','land area','ha',1,0,'','','hectare'),('-','2021-01-11 06:13:53','-','2021-01-11 06:13:53',0,55,'LKR','Money','LKR',1,0,'','','Sri Lankan Rupees'),('-','2021-01-11 06:37:59','-','2021-01-11 06:37:59',0,56,'ppm','concentration','ppm',1,0,'','','parts per million'),('-','2021-01-11 12:09:50','-','2021-01-11 12:09:50',0,57,'Acre','land area','Acre',0,0,'','','Acre'),('-','2021-01-11 12:15:05','-','2021-01-11 12:15:05',0,58,'kg C/GJ','Undefined','kg C/GJ',1,0,'','','Carbon content'),('-','2021-01-11 12:37:02','-','2021-01-11 12:37:02',0,59,'tCO2','Emission','tCO2',0,0,'','','Tonne of carbon dioxide'),('-','2021-01-11 13:00:37','-','2021-01-11 13:00:37',0,60,'tonnes C (tonne dm)-1','Undefined','tonnes C (tonne dm)-1',1,0,'','','tonnes of carbon'),('-','2021-01-11 13:17:48','-','2021-01-11 13:17:48',0,61,'Number','Number','Number',0,0,'','','Nmber'),('-','2021-01-11 13:43:49','-','2021-01-11 13:43:49',0,62,'Gg','Weight','Gg',1,0,'','','Gigagram '),('-','2021-01-11 13:52:45','-','2021-01-11 13:52:45',0,63,'tonnes/day','Rate of weight Change','tonnes of solid waste',0,0,'','','tonnes per day'),('-','2021-01-11 13:56:41','-','2021-01-11 13:56:41',0,64,'m3/ton','Volumetric Intensity','m3/ton',0,0,'','','m3 per tonne of product'),('-','2021-01-11 14:14:39','-','2021-01-11 14:14:39',0,65,'TJ/Gg','Energy','TJ/Gg',1,0,'','','Terajoule'),('-','2021-01-12 00:33:52','-','2021-01-12 00:33:52',0,66,'tonnes/yr','Rate of weight Change','tonnes/ yr',0,0,'','','tonnes per year'),('-','2021-01-12 05:07:45','-','2021-01-12 05:07:45',0,67,'km/h','Speed','km/h',1,0,'','','Kilometers'),('-','2021-02-13 06:42:08','-','2021-02-13 06:42:08',0,68,'ml','Volume','ml',1,0,'','','Mililitres'),('-','2021-02-13 18:00:58','-','2021-02-13 18:00:58',0,69,'kgCO2/TJ','Emission Factor','kgCO2/TJ',0,0,'','','kilogrames of CO2 per tera joule'),('-','2021-02-16 11:13:33','-','2021-02-16 11:13:33',0,70,'Mn','count','Mn',1,0,'','','Million'),('-','2021-02-18 13:57:11','-','2021-02-18 13:57:11',0,71,'k ton','Weight','k ton',0,0,'','','kilo tonne'),('-','2021-03-11 20:13:12','-','2021-03-11 20:13:12',0,72,'length','Number','',1,0,'','','length'),('-','2021-06-28 03:47:51','-','2021-06-28 03:47:51',0,73,'ppb- testing PD 20210628','concentration','ppb',1,0,'','','part per billion'),('-','2022-04-02 07:35:47','-','2022-04-02 07:35:47',0,76,'m3/day','volume','m3/day',1,0,'','','cubic meters per day'),('-','2022-04-03 09:08:43','-','2022-04-03 09:08:43',0,77,'UAT Tg','Weight','Tg',0,0,'','','Teragram'),('-','2022-04-05 09:42:29','-','2022-04-05 09:42:29',0,79,'kg/m3','density','kg/m3',1,0,'','','Kilogram for cubic meter'),('-','2022-04-05 11:02:31','-','2022-04-05 11:02:31',0,80,'kg/day/person','Weight','kg/day/person',0,0,'','','Per capita waste generation'),('-','2022-07-18 11:13:29','-','2022-07-18 11:13:29',0,82,'m','Undefined','m',1,0,'','','meter test'),('-','2022-09-15 04:23:02','-','2022-09-15 04:23:02',0,83,'g','Weight','g',1,0,'','','gram'),('-','2022-10-13 13:46:26','-','2022-10-13 13:46:26',0,84,'kgCH4/year','Weight','kgCH4/year',0,0,'','','Kilogram CH4 per year'),('-','2022-10-18 13:40:11','-','2022-10-18 13:40:11',0,85,'Rs.','Money','Rs.',0,0,'','','Rupee'),('-','2022-10-18 15:17:15','-','2022-10-18 15:17:15',0,86,'Passengerkm','count','Passenger-km',0,0,'','','Passenger km'),('-','2021-01-11 13:00:37','-','2021-01-11 13:00:37',0,87,'tonnes d.m.ha-1','Undefined','tonnes d.m.ha-1',1,0,'','','tonnes of ha'),('-','2022-10-13 13:46:26','-','2022-10-13 13:46:26',0,88,'kgCH4 ha-1','Weight','kgCH4/year',0,0,'','','Kilogram CH4 ha per year'),('-','2022-04-05 09:42:29','-','2022-04-05 09:42:29',0,89,'tonnes/m3','density','tonnes/m3',1,0,'','','tonnes for cubic meter'),('-','2022-04-05 09:42:29','-','2022-04-05 09:42:29',0,90,'tonnes C (tonne air-dry peat)-1','Undefined','tonnes C (tonne air-dry peat)-1',1,0,'','','tonnes for cubic meter'),('-','2021-01-11 13:00:37','-','2021-01-11 13:00:37',0,91,'tonnes C ha-1','Undefined','tonnes C ha-1',1,0,'','','tonnes of ha'),('-','2021-01-11 13:00:37','-','2021-01-11 13:00:37',0,92,'tonnes C ','Undefined','tonnes C ',1,0,'','','tonnes of '),('-','2021-01-11 13:00:37','-','2021-01-11 13:00:37',0,93,'Dimension-less ','Dimension-less ','Dimension-less ',1,0,'','','Dimension-less '),('-','2022-09-15 04:23:02','-','2022-09-15 04:23:02',0,94,'yr','Year','yr',1,0,'','','year'),('-','2022-09-15 04:23:02','-','2022-09-15 04:23:02',0,95,'Gg CO2 /yr','Gg CO2 /yr','Gg CO2 /yr',1,0,' ',' ','Gg CO2 /yr'),('-','2022-09-15 04:23:02','-','2022-09-15 04:23:02',0,96,'kgCH4/TJ','kgCH4/TJ','kgCH4/TJ',1,0,'  ',' ','kg of greenhouse gas per TJ on a Net Calorific Basis'),('-','2022-09-15 04:23:02','-','2022-09-15 04:23:02',0,97,'kgs/kWh','kgs/kWh','kgs/kWh',1,0,' ',' ','kgs/kWh'),('-','2022-09-15 04:23:02','-','2022-09-15 04:23:02',0,98,'kgN2O/TJ','kgN2O/TJ','kgN2O/TJ',1,0,' ',' ','kgN2O/TJ'),('-','2022-09-15 04:23:02','-','2022-09-15 04:23:02',0,99,'Rs/kg','Rs/kg','Rs/kg',1,0,' ',' ','Rs/kg'),('-','2022-09-15 04:23:02','-','2022-09-15 04:23:02',0,100,'Rs/L','Rs/L','Rs/L',1,0,' ',' ','Rs/L'),('-','2022-09-15 04:23:02','-','2022-09-15 04:23:02',0,101,'g/m3','g/m3','g/m3',1,0,' ',' ','g/m3'),('-','2022-09-15 04:23:02','-','2022-09-15 04:23:02',0,102,'kg CH4/tonne','kg CH4/tonne','kg CH4/tonne',1,0,' ',' ','kg CH4/tonne'),('-','2022-09-15 04:23:02','-','2022-09-15 04:23:02',0,103,'tonnes CO2/tonne','tonnes CO2/tonne','tonnes CO2/tonne',1,0,' ',' ','tonnes CO2/tonne'),('-','2022-09-15 04:23:02','-','2022-09-15 04:23:02',0,104,'C','C','C',1,0,' ',' ','temperature '),('-','2022-09-15 04:23:02','-','2022-09-15 04:23:02',0,105,'kg/TJ','kg/TJ','kg/TJ',1,0,' ',' ','kg/TJ'),('-','2022-09-15 04:23:02','-','2022-09-15 04:23:02',0,106,'kg/liter','kg/liter','kg/liter',1,0,' ',' ','kg/liter'),('-','2022-09-15 04:23:02','-','2022-09-15 04:23:02',0,107,'km','km','km',1,0,' ',' ','km'),('-','2022-09-15 04:23:02','-','2022-09-15 04:23:02',0,108,'J/kg','J/kg','J/kg',1,0,' ',' ','joules per kilogram'),('-','2022-09-15 04:23:02','-','2022-09-15 04:23:02',0,109,'g/m3','g/m3','g/m3',1,0,' ',' ','g/m3'),('-','2022-09-15 04:23:02','-','2022-09-15 04:23:02',0,110,'l/person/day','l/person/day','l/person/day',1,0,' ',' ','l/person/day'),('-','2022-09-15 04:23:02','-','2022-09-15 04:23:02',0,111,'g/person/day','g/person/day','g/person/day',1,0,' ','  ','g/person/day'),('-','2022-09-15 04:23:02','-','2022-09-15 04:23:02',0,112,'kg/day','kg/day','kg/day',1,0,' ',' ','kg/day'),('-','2022-09-15 04:23:02','-','2022-09-15 04:23:02',0,113,'kg/month','kg/month','kg/month',1,0,' ',' ','kg/month'),('-','2022-09-15 04:23:02','-','2022-09-15 04:23:02',0,114,'kg/person/day','kg/person/day','kg/person/day',1,0,' ',' ','kg/person/day'),('-','2022-09-15 04:23:02','-','2022-09-15 04:23:02',0,115,'tons/month','tons/month','tons/month',1,0,' ',' ','tons/month'),('-','2022-09-15 04:23:02','-','2022-09-15 04:23:02',0,116,'fraction','fraction','fraction',1,1,' ',' ','fraction'),('-','2022-09-15 04:23:02','-','2022-09-15 04:23:02',0,117,'US$','US$','US$',1,0,' ',' ','US$'),('-','2022-09-15 04:23:02','-','2022-09-15 04:23:02',0,118,'Nautical Miles','Nautical Miles','Nautical Miles',1,0,' ',' ','Nautical Miles'),('-','2022-09-15 04:23:02','-','2022-09-15 04:23:02',0,119,'kcal','kcal','kcal',1,0,' ',' ','kcal');
/*!40000 ALTER TABLE `unit_of_measure` ENABLE KEYS */;
UNLOCK TABLES;

--
-- Table structure for table `uom_conversion`
--

DROP TABLE IF EXISTS `uom_conversion`;
/*!40101 SET @saved_cs_client     = @@character_set_client */;
/*!50503 SET character_set_client = utf8mb4 */;
CREATE TABLE `uom_conversion` (
  `createdBy` varchar(255) NOT NULL,
  `createdOn` datetime NOT NULL,
  `editedBy` varchar(255) NOT NULL,
  `editedOn` datetime NOT NULL,
  `status` int NOT NULL,
  `id` int NOT NULL AUTO_INCREMENT,
  `conversionValue` decimal(20,6) NOT NULL DEFAULT '0.000000',
  `unitOfMeasureId` int DEFAULT NULL,
  `relatedUnitOfMeasureId` int DEFAULT NULL,
  PRIMARY KEY (`id`),
  KEY `FK_7ba59a5ebc0c61f01867bad448a` (`unitOfMeasureId`),
  KEY `FK_03f1264dd113cfa3e4ece9d62f2` (`relatedUnitOfMeasureId`),
  CONSTRAINT `FK_03f1264dd113cfa3e4ece9d62f2` FOREIGN KEY (`relatedUnitOfMeasureId`) REFERENCES `unit_of_measure` (`id`),
  CONSTRAINT `FK_7ba59a5ebc0c61f01867bad448a` FOREIGN KEY (`unitOfMeasureId`) REFERENCES `unit_of_measure` (`id`)
) ENGINE=InnoDB AUTO_INCREMENT=212 DEFAULT CHARSET=utf8mb4 COLLATE=utf8mb4_0900_ai_ci;
/*!40101 SET character_set_client = @saved_cs_client */;

--
-- Dumping data for table `uom_conversion`
--

LOCK TABLES `uom_conversion` WRITE;
/*!40000 ALTER TABLE `uom_conversion` DISABLE KEYS */;
INSERT INTO `uom_conversion` VALUES ('-','2021-01-19 05:56:13','-','2021-01-23 05:03:53',0,1,0.000001,42,40),('-','2021-01-19 05:56:13','-','2021-01-19 05:56:13',0,2,0.010000,42,41),('-','2021-01-23 05:03:53','-','2021-01-23 05:03:53',0,37,1000000.000000,40,42),('-','2021-01-23 05:03:54','-','2021-01-23 05:03:54',0,38,1000.000000,40,41),('-','2021-01-23 05:03:53','-','2021-01-23 05:03:53',0,41,0.000001,42,40),('-','2021-01-23 05:03:54','-','2021-01-23 05:03:54',0,42,0.001000,41,40),('-','2021-01-23 05:08:43','-','2021-01-23 05:08:43',0,43,1000000.000000,49,37),('-','2021-01-23 05:08:43','-','2021-01-23 05:08:43',0,44,1000.000000,49,38),('-','2021-01-23 05:08:43','-','2021-01-23 05:08:43',0,46,0.001000,38,49),('-','2021-01-23 05:08:43','-','2021-01-23 05:08:43',0,47,0.000001,37,49),('-','2021-01-23 08:08:28','-','2021-01-23 08:08:28',0,82,1000000.000000,48,47),('-','2021-01-23 08:08:28','-','2021-01-23 08:08:28',0,83,1000.000000,48,46),('-','2021-01-23 08:08:28','-','2021-01-23 08:08:28',0,84,0.000001,47,48),('-','2021-01-23 08:08:28','-','2021-01-23 08:08:28',0,87,0.001000,46,48),('-','2021-01-10 15:21:53','-','2021-01-10 15:21:53',0,119,1.000000,52,52),('-','2021-01-11 13:43:49','-','2021-01-11 13:43:49',0,121,1.000000,62,62),('-','2021-01-10 08:47:16','-','2021-01-10 08:47:16',0,122,1.000000,40,40),('-','2021-01-10 19:32:13','-','2021-01-10 19:32:13',0,123,1.000000,54,54),('-','2021-01-11 12:09:50','-','2021-01-11 12:09:50',0,124,1.000000,57,57),('-','2021-01-06 08:31:25','-','2021-01-06 08:31:25',0,126,1.000000,37,37),('-','2021-01-11 12:15:05','-','2021-01-11 12:15:05',0,127,1.000000,58,58),('-','2021-01-12 05:07:45','-','2021-01-12 05:07:45',0,128,1.000000,67,67),('-','2021-01-10 15:12:12','-','2021-01-10 15:12:12',0,129,1.000000,51,51),('-','2021-01-10 08:50:25','-','2021-01-10 08:50:25',0,130,1.000000,42,42),('-','2021-01-11 06:13:53','-','2021-01-11 06:13:53',0,131,1.000000,55,55),('-','2021-01-10 08:57:40','-','2021-01-10 08:57:40',0,132,1.000000,47,47),('-','2021-01-10 08:56:54','-','2021-01-10 08:56:54',0,133,1.000000,46,46),('-','2021-01-11 13:56:41','-','2021-01-11 13:56:41',0,134,1.000000,64,64),('-','2021-01-10 18:44:59','-','2021-01-10 18:44:59',0,135,1.000000,53,53),('-','2021-01-10 11:54:32','-','2021-01-10 11:54:32',0,136,1.000000,49,49),('-','2021-01-10 11:07:55','-','2021-01-10 11:07:55',0,137,1.000000,48,48),('-','2021-01-06 08:27:35','-','2021-01-06 08:27:35',0,138,1.000000,38,38),('-','2021-01-10 08:49:41','-','2021-01-10 08:49:41',0,139,1.000000,41,41),('-','2021-01-05 16:58:06','-','2021-01-05 16:58:06',0,140,1.000000,36,36),('-','2021-01-11 13:17:48','-','2021-01-11 13:17:48',0,141,1.000000,61,61),('-','2021-01-10 08:54:56','-','2021-01-10 08:54:56',0,142,1.000000,45,45),('-','2021-01-11 06:37:59','-','2021-01-11 06:37:59',0,143,1.000000,56,56),('-','2021-01-11 12:37:02','-','2021-01-11 12:37:02',0,144,1.000000,59,59),('-','2021-01-06 08:33:57','-','2021-01-06 08:33:57',0,145,1.000000,39,39),('-','2021-01-10 13:47:42','-','2021-01-10 13:47:42',0,146,1.000000,50,50),('-','2021-01-10 08:53:06','-','2021-01-10 08:53:06',0,147,1.000000,44,44),('-','2021-01-11 14:14:39','-','2021-01-11 14:14:39',0,148,1.000000,65,65),('-','2021-01-10 08:51:41','-','2021-01-10 08:51:41',0,149,1.000000,43,43),('-','2021-01-11 13:00:37','-','2021-01-11 13:00:37',0,150,1.000000,60,60),('-','2021-01-11 13:52:45','-','2021-01-11 13:52:45',0,151,1.000000,63,63),('-','2021-01-12 00:33:52','-','2021-01-12 00:33:52',0,152,1.000000,66,66),('-','2021-01-24 19:50:18','-','2021-01-24 19:50:18',0,153,0.001000,47,46),('-','2021-01-24 19:50:18','-','2021-01-24 19:50:18',0,154,1000.000000,46,47),('-','2021-02-13 06:42:08','-','2021-02-13 06:42:08',0,155,1.000000,68,68),('-','2021-02-13 06:43:17','-','2021-02-13 06:43:17',0,156,1000.000000,68,47),('-','2021-02-13 06:43:17','-','2021-02-13 06:43:17',0,157,0.001000,47,68),('-','2021-02-13 18:00:58','-','2021-02-13 18:00:58',0,158,1.000000,69,69),('-','2021-02-16 03:27:44','-','2021-02-16 03:27:44',0,159,1000000.000000,62,37),('-','2021-02-16 03:27:44','-','2021-02-16 03:27:44',0,160,1.000000,62,49),('-','2021-02-16 03:27:44','-','2021-02-16 03:27:44',0,161,1000.000000,62,38),('-','2021-02-16 03:27:44','-','2021-02-16 03:27:44',0,162,1.000000,49,62),('-','2021-02-16 03:27:44','-','2021-02-16 03:27:44',0,163,0.000001,37,62),('-','2021-02-16 03:27:44','-','2021-02-16 03:27:44',0,164,0.001000,38,62),('-','2021-02-16 11:13:33','-','2021-02-16 11:13:33',0,165,1.000000,70,70),('-','2021-02-16 11:15:22','-','2021-02-16 11:15:22',0,166,1000000.000000,70,36),('-','2021-02-16 11:15:22','-','2021-02-16 11:15:22',0,167,0.000001,36,70),('-','2021-02-17 21:03:17','-','2021-02-17 21:03:17',0,168,2.471052,54,57),('-','2021-02-17 21:03:17','-','2021-02-17 21:03:17',0,169,0.404686,57,54),('-','2021-02-17 21:06:12','-','2021-02-17 21:06:12',0,170,1000.000000,38,37),('-','2021-02-17 21:06:12','-','2021-02-17 21:06:12',0,171,0.001000,37,38),('-','2021-02-18 13:57:11','-','2021-02-18 13:57:11',0,172,1.000000,71,71),('-','2021-02-18 14:09:03','-','2021-02-18 14:09:03',0,173,1.000000,71,49),('-','2021-02-18 14:09:03','-','2021-02-18 14:09:03',0,174,1000.000000,71,38),('-','2021-02-18 14:09:03','-','2021-02-18 14:09:03',0,175,1.000000,71,62),('-','2021-02-18 14:09:03','-','2021-02-18 14:09:03',0,176,1.000000,49,71),('-','2021-02-18 14:09:03','-','2021-02-18 14:09:03',0,177,1000000.000000,71,37),('-','2021-02-18 14:09:03','-','2021-02-18 14:09:03',0,178,0.001000,38,71),('-','2021-02-18 14:09:03','-','2021-02-18 14:09:03',0,179,0.000001,37,71),('-','2021-02-18 14:09:03','-','2021-02-18 14:09:03',0,180,1.000000,62,71),('-','2021-03-11 20:13:12','-','2021-03-11 20:13:12',0,181,1.000000,72,72),('-','2021-06-28 03:47:51','-','2021-06-28 03:47:51',0,182,1.000000,73,73),('-','2021-06-28 03:51:36','-','2021-06-28 03:51:36',0,183,0.001000,73,56),('-','2021-06-28 03:51:36','-','2021-06-28 03:51:36',0,184,1000.000000,56,73),('-','2021-11-29 07:56:58','-','2021-11-29 07:56:58',0,185,365.000000,66,63),('-','2021-11-29 07:56:58','-','2021-11-29 07:56:58',0,186,0.002740,63,66),('-','2022-04-02 07:35:47','-','2022-04-02 07:35:47',0,193,1.000000,76,76),('-','2022-04-03 09:08:43','-','2022-04-03 09:08:43',0,194,1.000000,77,77),('-','2022-04-03 09:16:29','-','2022-04-03 09:16:29',0,195,1000.000000,77,62),('-','2022-04-03 09:16:29','-','2022-04-03 09:16:29',0,196,1000000000.000000,77,37),('-','2022-04-03 09:16:29','-','2022-04-03 09:16:29',0,197,1000.000000,77,71),('-','2022-04-03 09:16:29','-','2022-04-03 09:16:29',0,198,0.001000,62,77),('-','2022-04-03 09:16:29','-','2022-04-03 09:16:29',0,199,0.000000,37,77),('-','2022-04-03 09:16:29','-','2022-04-03 09:16:29',0,200,0.001000,71,77),('-','2022-04-05 09:42:29','-','2022-04-05 09:42:29',0,202,1.000000,79,79),('-','2022-04-05 11:02:31','-','2022-04-05 11:02:31',0,203,1.000000,80,80),('-','2022-07-18 11:13:29','-','2022-07-18 11:13:29',0,205,1.000000,82,82),('-','2022-09-15 04:23:02','-','2022-09-15 04:23:02',0,206,1.000000,83,83),('-','2022-09-15 04:25:44','-','2022-09-15 04:25:44',0,207,0.001000,83,37),('-','2022-09-15 04:25:44','-','2022-09-15 04:25:44',0,208,1000.000000,37,83),('-','2022-10-13 13:46:26','-','2022-10-13 13:46:26',0,209,1.000000,84,84),('-','2022-10-18 13:40:11','-','2022-10-18 13:40:11',0,210,1.000000,85,85),('-','2022-10-18 15:17:15','-','2022-10-18 15:17:15',0,211,1.000000,86,86);
/*!40000 ALTER TABLE `uom_conversion` ENABLE KEYS */;
UNLOCK TABLES;

--
-- Table structure for table `user`
--

DROP TABLE IF EXISTS `user`;
/*!40101 SET @saved_cs_client     = @@character_set_client */;
/*!50503 SET character_set_client = utf8mb4 */;
CREATE TABLE `user` (
  `createdBy` varchar(255) NOT NULL,
  `createdOn` datetime NOT NULL,
  `editedBy` varchar(255) NOT NULL,
  `editedOn` datetime NOT NULL,
  `status` int NOT NULL,
  `id` int NOT NULL AUTO_INCREMENT,
  `firstName` varchar(255) NOT NULL,
  `lastName` varchar(255) NOT NULL,
  `username` varchar(255) NOT NULL,
  `email` varchar(255) NOT NULL,
  `title` varchar(255) NOT NULL,
  `designation` varchar(255) NOT NULL,
  `telephone` varchar(255) NOT NULL,
  `mobile` varchar(255) NOT NULL,
  `nic` varchar(255) NOT NULL,
  `salt` varchar(255) NOT NULL,
  `password` varchar(255) NOT NULL,
  `resetToken` varchar(255) NOT NULL,
  `userTypeId` int DEFAULT NULL,
  `institutionId` int DEFAULT NULL,
  `deletedAt` datetime(6) DEFAULT NULL,
  `canNotDelete` tinyint NOT NULL DEFAULT '0',
  PRIMARY KEY (`id`),
  UNIQUE KEY `IDX_78a916df40e02a9deb1c4b75ed` (`username`),
  UNIQUE KEY `IDX_e12875dfb3b1d92d7d7c5377e2` (`email`),
  KEY `FK_29f29dffce2845a1abc901d4e85` (`userTypeId`),
  KEY `FK_ca0de218397aed2409d865d1580` (`institutionId`),
  CONSTRAINT `FK_29f29dffce2845a1abc901d4e85` FOREIGN KEY (`userTypeId`) REFERENCES `user_type` (`id`),
  CONSTRAINT `FK_ca0de218397aed2409d865d1580` FOREIGN KEY (`institutionId`) REFERENCES `institution` (`id`)
) ENGINE=InnoDB AUTO_INCREMENT=734 DEFAULT CHARSET=utf8mb4 COLLATE=utf8mb4_0900_ai_ci;
/*!40101 SET character_set_client = @saved_cs_client */;

--
-- Dumping data for table `user`
--

LOCK TABLES `user` WRITE;
/*!40000 ALTER TABLE `user` DISABLE KEYS */;
INSERT INTO `user` VALUES ('-','2020-12-30 18:05:24','-','2020-12-30 18:05:24',0,55,'CCS supper admin','climatesec@gmail.com','superadmin@ccsdsnlk.lk','superadmin@ccsdsnlk.lk','Mr','Director Climate Change','+94 11-287-9978','+94 __-___-____','1___________','n/a','','',1,89,NULL,1),('-','2021-01-09 09:04:27','-','2021-01-09 09:04:27',0,105,'CCS_DEO1_FN','CCS_DEO2_LN','ccsdeo1@ccs.gov.lk','deletedccsdeo1@ccs.gov.lk','Ms.','Management Assistant','+94 11-203-4198','+94 77-777-7777','123456789V','$2b$10$W/8NtDHagsplnhPiKbDfr.','$2b$10$W/8NtDHagsplnhPiKbDfr.8qPlBNOYBcc2o.Pdyc2ieEKR4b5jmRm','',2,89,'2021-06-27 22:48:37.000000',0),('-','2021-01-09 09:15:26','-','2021-01-09 09:15:26',0,106,'Delete Me','Is there an after birth? (Min of Agri)','phienix@nowhere.lk','deletedphienix@nowhere.lk','Dr.','Director','+94 12-345-6789','+94 77-777-7777','192523327900','$2b$10$dYzkPVqGpfx4HxkCTf30Ve','$2b$10$dYzkPVqGpfx4HxkCTf30Vec0igdK.35bGmPsoN3rQgyJeUkSq0qTK','',3,72,'2021-06-27 22:48:37.000000',0),('-','2021-01-09 09:39:33','-','2021-01-09 09:39:33',0,107,'CCS_IA_FN','CCS_IA_LN','ccsadmin@ccs.gov.lk','deletedccsadmin@ccs.gov.lk','Mrs.','Assistant Director','+94 11-203-4198','+94 77-777-7777','123456789V','n/a','','',3,89,'2021-06-27 22:48:37.000000',0),('-','2021-01-11 00:06:21','-','2021-01-11 00:06:21',0,111,'Sarath','Gunathileke','Gune@power.gov.lk','deletedGune@power.gov.lk','Mr.','Director','+94 11-275-1456','+94 71-697-8526','785623645V','$2b$10$V1xNBDw7Dr0ziyufKeeOAO','$2b$10$V1xNBDw7Dr0ziyufKeeOAOnjMV4ILy8kDFiIblPknJ4pvnvgE5R7K','',3,73,'2021-06-27 22:48:37.000000',0),('-','2021-01-11 00:13:02','-','2021-01-11 00:13:02',0,112,'Udesh','Sumathipala','udesh@power.gov.lk','deletedudesh@power.gov.lk','Mr.','Assistant','+94 11-245-6398','+94 77-894-5632','874593221555','$2b$10$0WsKpcKmc3nMtRcDEUvv7.','$2b$10$0WsKpcKmc3nMtRcDEUvv7.v6aIXuv0qYMYGIrEslHh8rup5Y01U8a','',4,73,'2021-06-27 22:48:37.000000',0),('-','2021-01-11 01:15:54','-','2021-01-11 01:15:54',0,113,'Saman','Herath','saman@ceb.gov.lk','deletedsaman@ceb.gov.lk','Mr.','Director','+94 11-456-9875','+94 77-458-5963','801236547899','$2b$10$HRD7q9iAV83jDjTTwl37DO','$2b$10$HRD7q9iAV83jDjTTwl37DOrRqv1Y7du.4Zn9i9CayV371TFvRXvlO','',3,96,'2021-06-27 22:48:37.000000',0),('-','2021-01-11 01:18:06','-','2021-01-11 01:18:06',0,114,'Shanuka','Samarasinghe','shanuka@ceb.gov.lk','deletedshanuka@ceb.gov.lk','Mr.','Engineer','+94 56-879-4651','+94 72-456-8913','888546216987','$2b$10$C3pEKyhis/1SxCB.VC8Sw.','$2b$10$C3pEKyhis/1SxCB.VC8Sw.i63CuoB6OVcaYawV/RpCGhEF65UCNau','',4,96,'2021-06-27 22:48:37.000000',0),('-','2021-01-11 11:38:43','-','2021-01-11 11:38:43',0,119,'Ambiga','Selvaraj','ambiga_np@dmt.gov.lk','deletedambiga_np@dmt.gov.lk','Ms.','Provincial Director','+94 23-232-3232','+94 56-565-6565','567890234V','$2b$10$JWksX16P6HrWNV.wFNTXbu','$2b$10$JWksX16P6HrWNV.wFNTXbuRe7IHMhukC3a0Yzpa4IxA9JF.dECGFe','',3,104,'2021-06-27 22:48:37.000000',0),('-','2021-01-11 11:49:54','-','2021-01-11 11:49:54',0,120,'Aravinth','Krishnamurthi','arawinth_np@dmt.gov.lk','deletedarawinth_np@dmt.gov.lk','Mr.','Data Entry Clerk','+94 11-111-1111','+94 22-222-2222','444444444444','$2b$10$FURE8gYX9BB3PvgbAM6t1e','$2b$10$FURE8gYX9BB3PvgbAM6t1eQpGkAH7oZGa5noZ7P2Iz0NYWRzF2Joi','',4,104,'2021-06-27 22:48:37.000000',0),('-','2021-01-11 14:59:06','-','2021-01-11 14:59:06',0,121,'M.A.A','Shantha','shantha@customs.lk','deletedshantha@customs.lk','Mr.','Institutional Admin','+94 11-278-5963','+94 77-894-5632','789654231366','$2b$10$xHqyL6xprO4GGpF8pqR04.','$2b$10$xHqyL6xprO4GGpF8pqR04.2eno9AfiAz1AUhKzqDZCvo77V46.QGa','',3,195,'2021-06-27 22:48:37.000000',0),('-','2021-01-11 15:03:28','-','2021-01-11 15:03:28',0,122,'Mr. P. K. S. ','Wimalasooriya','ia@cpc.gov.lk','deletedia@cpc.gov.lk','Mr.','Institutional Admin','+94 11-245-6987','+94 71-459-6832','789654123244','$2b$10$jDoAaMFzUYMgR18oSViCr.','$2b$10$jDoAaMFzUYMgR18oSViCr..A.WYd2aNjTR.jI1rY4VAFfZcQMQc/O','',3,101,'2021-06-27 22:48:37.000000',0),('-','2021-01-11 15:05:48','-','2021-01-11 15:05:48',0,123,'Aloka','Karunarathne','ia@ntc.gov.lk','deletedia@ntc.gov.lk','Ms.','Institutional admin','+94 11-478-5932','+94 71-564-9856','812365498755','$2b$10$HFzAHU67.Mj2tEwec6rkN.','$2b$10$HFzAHU67.Mj2tEwec6rkN.qFb3PtUOnf9MbL3gp5kZe22tLNblr4C','',3,107,'2021-06-27 22:48:37.000000',0),('-','2021-01-11 15:07:43','-','2021-01-11 15:07:43',0,124,'Thilak','Premashnatha','ia@forest.gov.lk','deletedia@forest.gov.lk','Mr.','Institutional Admin','+94 11-478-9965','+94 72-465-6987','888796846518','$2b$10$C0el0PLp0Vh6Ifl4a6.kg.','$2b$10$C0el0PLp0Vh6Ifl4a6.kg.imtpu.oKpRbMVoQLEBDUijyCXgsh21O','',3,185,'2021-06-27 22:48:37.000000',0),('-','2021-01-11 16:08:21','-','2021-01-11 16:08:21',0,125,'R.','Pushpakumara','ia@slr.gov.lk','deletedia@slr.gov.lk','Mr.','Institutional Admin','+94 11-254-6398','+94 77-456-3219','789654123032','$2b$10$Y/p0p.41bfetfrgX0g6rAe','$2b$10$Y/p0p.41bfetfrgX0g6rAejxBBvZoG.rPExpV2afrlSkwmv9GP.A.','',3,108,'2021-06-27 22:48:37.000000',0),('-','2021-01-11 16:10:09','-','2021-01-11 16:10:09',0,126,'Sulakshana','Jayaweera','ia@mop.gov.lk','deletedia@mop.gov.lk','Mr.','Institutional admin','+94 11-478-9653','+94 77-896-5412','745896321512','$2b$10$9qA27oOPPrDULKdlKpS.xe','$2b$10$9qA27oOPPrDULKdlKpS.xehmR6.AQzJ6QCQ2dOh99J2FByA0qCp0a','',3,73,'2021-06-27 22:48:37.000000',0),('-','2021-01-11 16:32:35','-','2021-01-11 16:32:35',0,127,'subodha','Ranasinghe','deo1@customs.lk','deleteddeo1@customs.lk','Mr.','DEO','+94 11-235-8978','+94 77-896-5412','823148641794','$2b$10$CeZRi3skbVyYiA/3Kn7VO.','$2b$10$CeZRi3skbVyYiA/3Kn7VO.oNrCyXBydDHjoK/hBsfbajGoUXIn98.','',4,195,'2021-06-27 22:48:37.000000',0),('-','2021-01-11 17:10:29','-','2021-01-11 17:10:29',0,128,'Chanuka','Sampath','deo1@cpc.gov.lk','deleteddeo1@cpc.gov.lk','Mr.','DEO','+94 32-165-4987','+94 77-896-4123','874569321021','$2b$10$xVOcahe.K6tGE0SNPQlDDu','$2b$10$xVOcahe.K6tGE0SNPQlDDuRaD6MER16Mpjohob652RXD2OHuSYNJS','',4,101,'2021-06-27 22:48:37.000000',0),('-','2021-01-11 17:13:57','-','2021-01-11 17:13:57',0,129,'Sahan','Siriwardhane','deo1@slr.gov.lk','deleteddeo1@slr.gov.lk','Mr.','DEO','+94 49-874-6239','+94 78-465-1531','885989784106','$2b$10$ufAc90ClVcrtDgy8bNh3Ju','$2b$10$ufAc90ClVcrtDgy8bNh3JuBOKTRX/E4wFbue3o5Tg8zTjXIuDyuI.','',4,108,'2021-06-27 22:48:37.000000',0),('-','2021-01-12 05:29:49','-','2021-01-12 05:29:49',0,130,'Asith','Kaushalya','asith@dsn.lk','deletedasith@dsn.lk','Mr.','Electrical Engineer','+94 11-212-3111','+94 77-123-1234','801231236v','$2b$10$Hk0dXCa8s2fntNznuzdonu','$2b$10$Hk0dXCa8s2fntNznuzdonuRZOFYvZlP7O2J0pnczAzDGXGmbIVZHO','',3,96,'2021-06-27 22:48:37.000000',0),('-','2021-01-12 05:39:18','-','2021-01-12 05:39:18',0,131,'Mala','Dasanayake','mala@dsn.lk','deletedmala@dsn.lk','Mrs.','Data entry operator','+94 11-231-1111','+94 77-123-4123','900984565v','$2b$10$W/1BMes2NCG8fG85AzrXO.','$2b$10$W/1BMes2NCG8fG85AzrXO.8b2bGtg2fCCv5E/3Dygnvm8uENZzD4y','',4,96,'2021-06-27 22:48:37.000000',0),('-','2021-01-19 01:52:06','-','2021-01-19 01:52:06',0,132,'Mathanraj-Institutional admin','SLTB','raj.innovative10@gmail.com','deletedraj.innovative10@gmail.com','Mr.','Institutional Admin','+94 49-832-7483','+94 33-093-0849','434874032409','$2b$10$krswAsmc/cqhHIUnEAqoUu','$2b$10$krswAsmc/cqhHIUnEAqoUuc/W9d9BINfKeb/.mtIXGc8vPlKR8TrG','',3,106,'2021-06-27 22:48:37.000000',0),('-','2021-01-19 02:54:55','-','2021-01-19 02:54:55',0,133,'Mathan','Sathya','raj.innovative11@gmail.com','deletedraj.innovative11@gmail.com','Mr.','Data Entry Operator','+94 43-240-9328','+94 45-843-5324','329874387357','$2b$10$.IB6LbOo.pTOVj2ZA4Y4ge','$2b$10$.IB6LbOo.pTOVj2ZA4Y4geTeOz.Kem9qIYlPvaRqdMjQG5nK6wYxO','',4,106,'2021-06-27 22:48:37.000000',0),('-','2021-01-19 05:03:40','-','2021-01-19 05:03:40',0,134,'Angelo','Mathews','deo2@slr.gov.lk','deleteddeo2@slr.gov.lk','Mr.','IT Assistant','+94 22-020-2020','+94 20-202-0202','0123456789','$2b$10$ajr6jjbShbn4uAFBNAoR1e','$2b$10$ajr6jjbShbn4uAFBNAoR1ewfJRg2MEkVEASSvI04LqBm5R7JT39Si','',4,108,'2021-06-27 22:48:37.000000',0),('-','2021-02-10 04:45:53','-','2021-02-10 04:45:53',0,138,'Math Ins Admin','Sathya','raj.innovative27@gmail.com','deletedraj.innovative27@gmail.com','Mr.','Institutional Admin','+94 43-987-6498','+94 30-918-7431','143289247214','$2b$10$CGWxDjf.9EB.5Cec2GVmzO','$2b$10$CGWxDjf.9EB.5Cec2GVmzOE/GWkJNUVRjzWrwzuVGMkqrg65ItzQW','',3,106,'2021-06-27 22:48:37.000000',0),('-','2021-02-10 05:50:57','-','2021-02-10 05:50:57',0,139,'Mathan DEO2','Sathya 2','raj.innovative28@gmail.com','deletedraj.innovative28@gmail.com','Mr.','Data Entry Operator','+94 45-354-3543','+94 43-325-3323','823218943v','$2b$10$LnHj6KyfL31bc.wzN7K5ve','$2b$10$LnHj6KyfL31bc.wzN7K5vekMji.rwj3tfHBuZAkHqcoZnNBybHfre','',4,106,'2021-06-27 22:48:37.000000',0),('-','2021-02-12 05:44:29','-','2021-02-12 05:44:29',0,140,'Rohan','Mapatuna','rpm2101@tt.com','deletedrpm2101@tt.com','Mr.','HOD','+94 11-111-1111','+94 22-222-2222','222222222222','$2b$10$iueqABE8dugP31/aqyfrLe','$2b$10$iueqABE8dugP31/aqyfrLesf6FW2Qn3dYWFbL3DbZIf92NXSDGqkW','',1,89,'2021-06-27 22:48:37.000000',0),('-','2021-02-12 05:49:08','-','2021-02-12 05:49:08',0,142,'Mathan INS ADMIN','Sathya','raj.innovative3@gmail.com','deletedraj.innovative3@gmail.com','Mr.','Engineer','+94 43-432-5432','+94 32-453-2535','432432154354','$2b$10$bicYq/6jD0/qGTd1hIoyKe','$2b$10$bicYq/6jD0/qGTd1hIoyKe5mfgpo4llolieBT1ODD9dTzHeQG5gqy','',3,106,'2021-06-27 22:48:37.000000',0),('-','2021-02-12 06:58:32','-','2021-02-12 06:58:32',0,144,'Rohan','Mapatuna','rpm2102@tt.com','deletedrpm2102@tt.com','Mr.','HOD','+94 11-111-1111','+94 22-222-2222','222222222222','$2b$10$WC63ST8Lk1la9ikTdahKqe','$2b$10$WC63ST8Lk1la9ikTdahKqes9ftQv9WDTIbkWH9awmR1l5VTx/SnAu','',1,89,'2021-06-27 22:48:37.000000',0),('-','2021-02-12 07:24:13','-','2021-02-12 07:24:13',0,145,'Rohan','Mapatuna','rpm2103@tt.com','deletedrpm2103@tt.com','Mr.','HOD','+94 11-111-1111','+94 22-222-2222','333333333333','$2b$10$4u6/iEgTHkbNHeDKoTg0ce','$2b$10$4u6/iEgTHkbNHeDKoTg0ce5PU4jtQfit8uuLlyjtbjD2L2gxLOxQK','',1,89,'2021-06-27 22:48:37.000000',0),('-','2021-02-12 07:35:21','-','2021-02-12 07:35:21',0,146,'Rohan','Map','rpm2105@tt.com','deletedrpm2105@tt.com','Mr.','HOD','+94 11-111-1111','+94 22-222-2222','333333333333','$2b$10$6W7JYR/uhzca./rVeS7et.','$2b$10$6W7JYR/uhzca./rVeS7et.iCo1b8PS4zyn456pTLQYn00BIK8h69.','',1,184,'2021-06-27 22:48:37.000000',0),('-','2021-02-12 07:46:02','-','2021-02-12 07:46:02',0,147,'Mathan INS ADMIN','Sathya','wintech0909@gmail.com','deletedwintech0909@gmail.com','Mr.','Engineer','+94 43-432-5432','+94 32-453-2535','432432154354','$2b$10$dF3BdOAUUE7syrVHR4avuO','$2b$10$dF3BdOAUUE7syrVHR4avuOd1mknae2Q6sCU/dDPQadGRFyHZP3NBC','',3,106,'2021-06-27 22:48:37.000000',0),('-','2021-02-12 08:12:56','-','2021-02-12 08:12:56',0,148,'Mathan INS ADMIN','Sathya','wintech0902@gmail.com','deletedwintech0902@gmail.com','Mr.','Engineer','+94 43-432-5325','+94 35-325-3253','353254354364','$2b$10$IMsS25RpmZwOfHnhbPFsJO','$2b$10$IMsS25RpmZwOfHnhbPFsJOQoqS.USKSZ8v74iVw6SoxfMvibvLe1G','',3,106,'2021-06-27 22:48:37.000000',0),('-','2021-02-12 08:16:21','-','2021-02-12 08:16:21',0,149,'Mathan INS ADMIN','Sathya','wintech0910@gmail.com','deletedwintech0910@gmail.com','Mr.','Engineer','+94 43-432-5325','+94 35-325-3253','353254354364','$2b$10$P2q.xjBSOSnpzC8WNu8SX.','$2b$10$P2q.xjBSOSnpzC8WNu8SX.ujuROgw/qCosdAPidloW2Jh6pQKH.4a','',3,106,'2021-06-27 22:48:37.000000',0),('-','2021-02-12 08:25:58','-','2021-02-12 08:25:58',0,150,'Rohan','Map','rpm2106@tt.com','deletedrpm2106@tt.com','Mr.','aa','+94 11-111-1111','+94 22-222-2222','222222222222','$2b$10$Ej6JRtGGuHbFyn9Ude1P9O','$2b$10$Ej6JRtGGuHbFyn9Ude1P9OaQOZJwHX80GCqQJ.7kawfylQYm83Wt6','',1,184,'2021-06-27 22:48:37.000000',0),('-','2021-02-12 08:31:11','-','2021-02-12 08:31:11',0,151,'Samith','Rathnayake','rpm2107@tt.com','deletedrpm2107@tt.com','Mr.','Admin','+94 27-894-5631','+94 71-589-6325','875698745662','n/a','','',1,184,'2021-06-27 22:48:37.000000',0),('-','2021-02-12 08:36:08','-','2021-02-12 08:36:08',0,152,'Rohan','Map','rpm2108@tt.com','deletedrpm2108@tt.com','Mr.','HOD','+94 11-111-1111','+94 22-222-2222','333333333333','$2b$10$wBIVarwmiRv7DrOZ5RvAue','$2b$10$wBIVarwmiRv7DrOZ5RvAueO2PkNZZCv1eeWLgSLCD4d69ZijoTdbO','',1,184,'2021-06-27 22:48:37.000000',0),('-','2021-02-12 08:44:00','-','2021-02-12 08:44:00',0,153,'Rohan','Map','rpm2109@tt.com','deletedrpm2109@tt.com','Mr.','HOD','+94 11-111-1111','+94 22-222-2222','333333333333','$2b$10$thH3eEvHl4FCTqsJMn21Ou','$2b$10$thH3eEvHl4FCTqsJMn21OuNXPG3CnVayqjiCOtLX4RCqhgJeHKXOG','',1,184,'2021-06-27 22:48:37.000000',0),('-','2021-02-12 08:56:08','-','2021-02-12 08:56:08',0,154,'Mathan INS ADMIN','Sathya','raj.innovative29@gmail.com','deletedraj.innovative29@gmail.com','Mr.','Institutional Admin','+94 43-434-5354','+94 34-345-3453','432545435439','$2b$10$34BihlvFHETz7gzs4qn/A.','$2b$10$34BihlvFHETz7gzs4qn/A.VlratQPFJFKEFEKbFZyv9mD.lMQg8o6','',1,106,'2021-06-27 22:48:37.000000',0),('-','2021-02-12 09:01:08','-','2021-02-12 09:01:08',0,155,'Mathan INS ADMIN','Sathya','raj.innovative49@gmail.com','deletedraj.innovative49@gmail.com','Mr.','Engineer','+94 43-424-3245','+94 32-434-3243','432432543535','$2b$10$T771xKSvm4PfVjuV.Ereru','$2b$10$T771xKSvm4PfVjuV.Ereru1JLBIJx5AV1qTUF0d.1wq9XJdoXmxUW','',3,106,'2021-06-27 22:48:37.000000',0),('-','2021-02-14 05:41:07','-','2021-02-14 05:41:07',0,176,'Mathan-DEO','Sathya DEO','raj.innovative50@gmail.com','deletedraj.innovative50@gmail.com','Mr.','DEO','+94 43-027-4032','+94 34-324-3243','432094983298','$2b$10$86JX9.aq2./iNV4NCkbeUO','$2b$10$86JX9.aq2./iNV4NCkbeUOTcan67SRUIJ5BPAvHnQwHN6PY4f76Yq','',4,106,'2021-06-27 22:48:37.000000',0),('-','2021-02-15 03:35:15','-','2021-02-15 03:35:15',0,197,'Sunimal','Jayathunga','sunimal.jayathunga@gmail.com','deletedsunimal.jayathunga@gmail.com','Dr.','Additional Secretary ','+94 11-287-9978','+94 71-288-9065','457896523559','$2b$10$sgn/nE9Ig.duYrYc7eO5CO','$2b$10$sgn/nE9Ig.duYrYc7eO5COy6CSB5AegmSDOvVCq4klEbMXvHAEG/e','',1,89,'2021-06-27 22:48:37.000000',0),('-','2021-02-15 03:37:27','-','2021-02-15 03:37:27',0,198,'Kumuduni','Vidyalankara','kumudiniimex@gmail.com','deletedkumudiniimex@gmail.com','Ms.','Director','+94 11-278-9654','+94 77-895-5656','601236547895','$2b$10$C/WfjwkxlnAIFUFNeK8UC.','$2b$10$C/WfjwkxlnAIFUFNeK8UC.6rQeup6SZDX/IaxSt2j6cZ9DwI//T2.','',1,89,'2021-06-27 22:48:37.000000',0),('-','2021-02-15 03:38:04','-','2021-02-15 03:38:04',0,199,'Dakshini','Perera','dakshini_perera@yahoo.com','deleteddakshini_perera@yahoo.com','Ms.','Assistant Director','+94 71-404-7156','+94 71-452-5623','198956423563','n/a','','',1,89,'2021-06-27 22:48:37.000000',0),('-','2021-02-16 07:47:37','-','2021-02-16 07:47:37',0,247,'Duminda ','Amarakoon','ccffinance@yahoo.com','deletedccffinance@yahoo.com','Mr.','-','+94 11-111-1111','+94 22-222-2222','333333333333','$2b$10$cVjpmlenCEV3oPfESKAB9.','$2b$10$cVjpmlenCEV3oPfESKAB9.fcy0uHr3im4uIv.sJwmqt53JT.BH2yy','',3,152,'2021-06-27 22:48:37.000000',0),('-','2021-02-22 07:02:02','-','2021-02-22 07:02:02',0,302,'Mathan INS ADMINN','Sathyaa','wintech0902@yopmail.com','deletedwintech0902@yopmail.com','Mr.','Institutional Admin','+94 43-453-2543','+94 24-332-5432','432514364365','$2b$10$tcC3AdOu/SGsgIsweIKqne','$2b$10$tcC3AdOu/SGsgIsweIKqneF96LUxgwjexm44eAQMZKTpSGFM4Laq2','',3,106,'2021-06-27 22:48:37.000000',0),('-','2021-03-08 17:04:33','-','2021-03-08 17:04:33',0,368,'Mathan-Institutional admin','Sathya-Ins','rajabcd@yopmail.com','deletedrajabcd@yopmail.com','Mr.','Institutional Admin','+94 45-436-5436','+94 34-325-6765','432453524364','$2b$10$VTlj8yAZRNSewdnAiVHPIO','$2b$10$VTlj8yAZRNSewdnAiVHPIONLlomuzCk3A1L/uF364bMrWU5y71Kyq','',3,106,'2021-06-27 22:48:37.000000',0),('-','2021-03-08 17:12:52','-','2021-03-08 17:12:52',0,369,'MathanrajDEO','SathyaDEO','rajabcde@yopmail.com','deletedrajabcde@yopmail.com','Mr.','DEO','+58 74-354-3059','+94 32-095-8943','548975094315','$2b$10$Gyiy2V/aGLcyIKMy3lwxSe','$2b$10$Gyiy2V/aGLcyIKMy3lwxSe.Q2v64KZ9xn2554Ts48geunpg2QUqy2','',4,106,'2021-06-27 22:48:37.000000',0),('-','2022-03-11 11:09:22','-','2022-03-11 11:09:22',0,461,'UAT Sahan ','Perera','sahanperera1992@gmail.com','sahanperera1992@gmail.com','Mr.','Sustainability Manager','+94 71-253-6987','+94 77-889-6635','652356987412','$2b$10$4GvcNlTp2SOLus9ugmNZTe','$2b$10$4GvcNlTp2SOLus9ugmNZTejZOpkEFb9pXJMNrGcwvOgmo0v5ioc/e','',3,497,'2022-03-11 16:36:29.000000',0),('-','2022-03-11 11:32:46','-','2022-03-11 11:32:46',0,462,'UAT Thilini','Sandamalee','thilinisandamalee@gmail.com','thilinisandamalee@gmail.com','Ms.','Development Officer','+94 71-563-2896','+94 77-895-3256','925638952556','$2b$10$CJuuetC.oTvYZu.mwq4Av.','$2b$10$CJuuetC.oTvYZu.mwq4Av.QkaO9Jic/zvOUuUAyBvReF6HAgZnth2','',4,497,'2022-03-11 16:36:53.000000',0),('-','2022-03-11 16:38:41','-','2022-03-11 16:38:41',0,463,'UAT Sahan','Madushanka','utasahan1992madu@gmail.com','utasahan1992madu@gmail.com','Mr.','Sustainability Manager','+94 45-632-8932','+94 89-653-2475','675236987452','$2b$10$hx3aNsALy69ufc8ZdzZA0u','$2b$10$hx3aNsALy69ufc8ZdzZA0uAlcNJDmD6Erkq5qy.liy.bvdfVQ5mRK','',3,497,NULL,0),('-','2022-03-11 16:40:18','-','2022-03-11 16:40:18',0,464,'UAT Thilini','Sandalekha','utathilini1992san@gmail.com','utathilini1992san@gmail.com','Ms.','Development Officer','+94 78-569-3241','+94 25-369-8742','923658746359','$2b$10$4k4sp0qpancdAxzhELPIhe','$2b$10$4k4sp0qpancdAxzhELPIhe/k1pC0/E2ewmSfs9vtDOltq7wQN8fs.','',4,497,NULL,0),('-','2022-03-22 09:16:01','-','2022-03-22 09:16:01',0,476,'Dammika','Wijesinghe','matortrafficdepartment@gmail.com','matortrafficdepartment@gmail.com','Mr.','Director','+94 11-269-0122','+94 71-269-0122','198061100488','$2b$10$ZrXCCnevq2D.5o3cPJPSeO','$2b$10$ZrXCCnevq2D.5o3cPJPSeO/JFU9FZ9Uwg1uRgFZRtlRWC/kn/p7Ie','',3,104,NULL,0),('-','2022-03-22 09:28:59','-','2022-03-22 09:28:59',0,477,'Viraj ','Samarasinghe','deomotortraffic@gmail.com','deomotortraffic@gmail.com','Mr.','Officer','+94 11-583-6459','+94 77-583-6459','198435201817','$2b$10$4XlDsdcyeVqlMZ3sR8CtPe','$2b$10$4XlDsdcyeVqlMZ3sR8CtPeTqR3qFLwRrifVs3U9nTutdXF6eB1fyq','',4,104,NULL,0),('-','2022-03-23 08:40:29','-','2022-03-23 08:40:29',0,478,'DEOINT3FN','DEOINT3LN','dissanayaka8816@gmail.com','dissanayaka8816@gmail.com','Mr.','DEO','+94 11-254-6389','+94 76-239-2514','961252865V','$2b$10$iIjhxZSLOOnZgIHxnWeinu','$2b$10$iIjhxZSLOOnZgIHxnWeinuDUfs293GNq64nG47FWKDo7W0ROXgCM6','',4,104,'2022-03-23 14:38:56.000000',0),('-','2022-03-23 15:02:01','-','2022-03-23 15:02:01',0,479,'DEOINT3FN','DEOINT3LN','dissanayaka@gmail.com','dissanayaka@gmail.com','Mr.','DEO','+94 11-844-7382','+94 77-621-8792','961252865V','$2b$10$uH7z3zFRF20l0DFrNeBSY.','$2b$10$uH7z3zFRF20l0DFrNeBSY.mDOAYF.sASv8s5/UTF6IGoGYhxvJQjq','',4,104,NULL,0),('-','2022-03-31 10:43:42','-','2022-03-31 10:43:42',0,495,'Hasitha','Erandaka','sisiihalawaththa@gmail.com','sisiihalawaththa@gmail.com','Mr.','DEO','+94 27-364-9102','+94 77-621-8792','961252865V','$2b$10$YnPB8uslx5A51nQijuQUBu','$2b$10$YnPB8uslx5A51nQijuQUBu1tjpYL.mAr8opV2p0KXHlO2Ms9.SZnK','',4,104,'2022-03-31 10:43:54.000000',0),('-','2022-04-02 02:21:52','-','2022-04-02 02:21:52',0,520,'Health ','Admin','mohadmin01@yopmail.com','mohadmin01@yopmail.com','Mr.','Admin','+94 11-111-1111','+94 22-222-2222','222222222222','$2b$10$fmWgbvVXogMD0J6i.FUspe','$2b$10$fmWgbvVXogMD0J6i.FUspe076.tEDy77BerBrSzOjEwGBEkPG7Xi6','',3,69,NULL,0),('-','2022-05-24 07:46:18','-','2022-05-24 07:46:18',0,526,'Yuresha ','Perera','yuresha@climatesi.com','yuresha@climatesi.com','Mrs.','BA','+94 71-729-0549','+94 11-111-1111','962131281234','$2b$10$1EH4d2LDPAj4HhPRzuibKe','$2b$10$1EH4d2LDPAj4HhPRzuibKemKb2nH9vK/kaZ7T/kvIeon.NeRJHIVa','',1,89,'2022-11-17 07:06:46.000000',0),('-','2022-09-16 09:17:01','-','2022-09-16 09:17:01',0,550,'Sheli','Perera','bispedugno@vusra.com','bispedugno@vusra.com','Ms.','Data Entry Operator','+94 11-291-9219','+94 71-929-2892','198929039023','$2b$10$byBp4gMbCTU2AHQHyCB8Me','$2b$10$byBp4gMbCTU2AHQHyCB8Me.MPdZ.RppD109eaqVQm1uE3gdT2vqUa','',2,89,NULL,0),('-','2022-10-16 12:29:35','-','2022-10-16 12:29:35',0,559,'Buddika','Hemashantha','buddika@climatesi.com','buddika@climatesi.com','Mr.','CEO','+94 11-207-5264','+94 77-032-0110','197931700530','$2b$10$fboyHtthCavfv9uhjX93l.','$2b$10$fboyHtthCavfv9uhjX93l.IY3ACPFSLji2JScT/BY7OLGSmoHjKLq','',1,89,'2022-10-16 12:38:11.000000',0),('-','2022-10-17 05:32:17','-','2022-10-17 05:32:17',0,592,'Methmali','Rajaguruu','malirajaguru907@gmail.com','malirajaguru907@gmail.com','Mrs.','Development Officer','+94 71-974-3743','+94 71-837-2328','893789372v','$2b$10$RzIl/hX0YbKwgjDCeYfe6.','$2b$10$RzIl/hX0YbKwgjDCeYfe6.TaNb.IPXxGQh6zr.pfBFXi6Bly1fp3q','',1,89,NULL,0),('-','2022-10-17 05:42:44','-','2022-10-17 05:42:44',0,595,'Ruwan','Weerasooriya','dammika100@yahoo.com','dammika100@yahoo.com','Mr.','Assisstant Director','+94 71-000-0000','+94 71-000-0000','678899999990','$2b$10$khRQTSn5UwgFWeRDqFWgku','$2b$10$khRQTSn5UwgFWeRDqFWgkuKFXlJT6maHf/aLhpyUTag5AcbmC5qga','',1,89,NULL,0),('-','2022-10-18 05:20:48','-','2022-10-18 05:20:48',0,648,'Geethika','Rajapaksha','geethirm@gmail.com','geethirm@gmail.com','Ms.','Development Officer','+94 89-999-9999','+94 09-988-8888','100000000000','$2b$10$c3yXit4Fiit7GrkaAEiCY.','$2b$10$c3yXit4Fiit7GrkaAEiCY.4EtKETrEy6L40mWFU4.JRR9YAGVkhAK','',1,89,NULL,0),('-','2022-10-18 05:32:28','-','2022-10-18 05:32:28',0,666,'Thanuja','Ranathunga','rwz22750@cdfaq.com','rwz22750@cdfaq.com','Mrs.','Development officer','+94 23-465-6789','+94 23-465-6789','765942462V','$2b$10$CZajNXLvOFpwM2Bpou6b.u','$2b$10$CZajNXLvOFpwM2Bpou6b.unAghg1EvIs7KQP1kPIIcEBVwM4op5Ju','',1,89,NULL,0),('-','2022-10-18 05:48:21','-','2022-10-18 05:48:21',0,675,'Dulani','Wickramaarachchi','dulani.w88@gmail.com','dulani.w88@gmail.com','Ms.','Development Officer','+94 11-203-4198','+94 77-541-9092','198860802045','$2b$10$DTIzvDDvXK2iTPcpkbt7iu','$2b$10$DTIzvDDvXK2iTPcpkbt7iuF/uOYfgGYZHGlrHAEsh8kP8tjaMIon2','',1,89,NULL,0),('-','2022-10-18 05:50:38','-','2022-10-18 05:50:38',0,676,'Thanuja','Ranathunga','thanujaranatunga76@gmail.com','thanujaranatunga76@gmail.com','Ms.','Development Officer','+94 99-999-9999','+94 56-477-4858','198860802045','$2b$10$X7lW/gK5xTvr1Rx0A7OKue','$2b$10$X7lW/gK5xTvr1Rx0A7OKueDRhqM7GkTUYgbXm2drJSnOwAxOq1KsC','',1,89,NULL,0),('-','2022-10-19 05:04:39','-','2022-10-19 05:04:39',0,691,'Dasun','Hewapathirana','dasun2050@gmail.com','dasun2050@gmail.com','Mr.','DO','+94 10-492-5282','+94 94-104-9252','7823456789','$2b$10$whVBbL1bxh6qDKVGosU5Du','$2b$10$whVBbL1bxh6qDKVGosU5Du6i5gJuyIjOiQog9oFp.n7PfdBTuxD6a','',1,89,NULL,0),('-','2022-10-19 05:12:55','-','2022-10-19 05:12:55',0,694,'Darshika','Pathirathna','darshika09.pathirathna@gmail.com','darshika09.pathirathna@gmail.com','Mrs.','DO','+94 71-828-0163','+94 71-828-0163','856301079v','$2b$10$dLTbKo9Wo55Bn6mW5SF/YO','$2b$10$dLTbKo9Wo55Bn6mW5SF/YO1BWZfZ2cTe82mDfOJ6GrwhQR/q2N/du','',1,89,NULL,0),('-','2022-10-19 05:17:59','-','2022-10-19 05:17:59',0,709,'Ranjith','Wimalasiri','ranjithwimalasiri@gmail.com','ranjithwimalasiri@gmail.com','Mr.','EMO','+94 11-203-4198','+94 71-446-0784','730302320V','$2b$10$7DRWn/jav/iKxoSE20lC6O','$2b$10$7DRWn/jav/iKxoSE20lC6OQn1hg7wkuKgCi/yCf3/Z/WOHmrxXZ0C','',2,89,NULL,0),('-','2022-10-19 05:24:14','-','2022-10-19 05:24:14',0,714,'Shyamali','Priyanthi','shyamali88@gmail.com','shyamali88@gmail.com','Ms.','EMO','+94 11-203-4198','+94 11-203-4198','123456789V','$2b$10$iYJk/YYQnKZiJ9pjWEKvSu','$2b$10$iYJk/YYQnKZiJ9pjWEKvSu0DLNBHRcHKHPG1Qasc.t4EVI47vP9c.','',1,89,'2022-10-19 05:31:25.000000',0),('-','2022-10-19 05:25:24','-','2022-10-19 05:25:24',0,715,'Ambika','Tennakoon','ambikagtennakoon@yahoo.com','ambikagtennakoon@yahoo.com','Ms.','Environment Management Officer','+94 71-820-3794','+94 71-820-3794','735620855V','$2b$10$9YhoxkiF1WyNiDHcnl2DFO','$2b$10$9YhoxkiF1WyNiDHcnl2DFOe0gv2Kc/3TL89X.qhxGYfmfAmkOA0L6','',1,89,NULL,0),('-','2022-10-19 05:39:32','-','2022-10-19 05:39:32',0,725,'Shyamali','Priyanthie','shyamalipri@yahoo.com','shyamalipri@yahoo.com','Ms.','EMO','+94 77-612-1020','+94 77-612-1020','111111111111','$2b$10$/FdTy0wLsCsVcppfGiCxGu','$2b$10$/FdTy0wLsCsVcppfGiCxGuOAVDQPi..r7kGya16RIR0zOQa8UCqAe','',1,89,NULL,0),('-','2022-10-19 06:09:24','-','2022-10-19 06:09:24',0,729,'Pathmini','Dissanayake','nathashasamarakoon@gmail.com','nathashasamarakoon@gmail.com','Mrs.','Development Officer','+94 71-491-6924','+94 71-491-6924','198860802045','$2b$10$MrG7q4o5h7efx7zLxZoZk.','$2b$10$MrG7q4o5h7efx7zLxZoZk.z.OiuOqJFi5OEHOIkOIazCy5iBW2R2G','',3,89,NULL,0),('-','2023-04-18 07:45:09','-','2023-04-18 07:45:09',0,733,'Test Shyamika','Shiwanthi','shyamika@climatesi.com','shyamika@climatesi.com','Mr.','Director','+94 23-356-7875','+94 67-890-7535','199161100498','$2b$10$OQfdYViP0tLGO/9JMldgQu','$2b$10$OQfdYViP0tLGO/9JMldgQuvdC9RS55JNyZQOjtlaaYrRS2ms4BL56','',3,608,NULL,0);
/*!40000 ALTER TABLE `user` ENABLE KEYS */;
UNLOCK TABLES;

--
-- Table structure for table `user_data_usage_category`
--

DROP TABLE IF EXISTS `user_data_usage_category`;
/*!40101 SET @saved_cs_client     = @@character_set_client */;
/*!50503 SET character_set_client = utf8mb4 */;
CREATE TABLE `user_data_usage_category` (
  `createdBy` varchar(255) NOT NULL,
  `createdOn` datetime NOT NULL,
  `editedBy` varchar(255) NOT NULL,
  `editedOn` datetime NOT NULL,
  `status` int NOT NULL,
  `id` int NOT NULL AUTO_INCREMENT,
  `email` varchar(255) NOT NULL,
  `dataUsageCategoryId` int DEFAULT NULL,
  PRIMARY KEY (`id`),
  KEY `FK_56581fee832c55c69fdd3a9b2fe` (`dataUsageCategoryId`),
  CONSTRAINT `FK_56581fee832c55c69fdd3a9b2fe` FOREIGN KEY (`dataUsageCategoryId`) REFERENCES `data_usage_category` (`id`)
) ENGINE=InnoDB AUTO_INCREMENT=91 DEFAULT CHARSET=utf8mb4 COLLATE=utf8mb4_0900_ai_ci;
/*!40101 SET character_set_client = @saved_cs_client */;

--
-- Dumping data for table `user_data_usage_category`
--

LOCK TABLES `user_data_usage_category` WRITE;
/*!40000 ALTER TABLE `user_data_usage_category` DISABLE KEYS */;
INSERT INTO `user_data_usage_category` VALUES ('superadmin@ccsdsnlk.lk','2021-02-05 13:35:25','superadmin@ccsdsnlk.lk','2021-02-05 13:35:25',0,1,'superadmin@ccsdsnlk.lk',1),('dissanayake.psd.93@gmail.com','2021-02-07 16:46:59','dissanayake.psd.93@gmail.com','2021-02-07 16:46:59',0,2,'dissanayake.psd.93@gmail.com',1),('saman@ceb.gov.lk','2021-02-07 17:01:15','saman@ceb.gov.lk','2021-02-07 17:01:15',0,3,'saman@ceb.gov.lk',4),('pavithra@dsn.lk','2021-02-08 09:50:16','pavithra@dsn.lk','2021-02-08 09:50:16',0,4,'pavithra@dsn.lk',4),('chamhetti@gmail.com','2021-02-12 16:26:36','chamhetti@gmail.com','2021-02-12 16:26:36',0,5,'chamhetti@gmail.com',3),('pavithra@climatesi.com','2021-02-13 06:48:52','pavithra@climatesi.com','2021-02-13 06:48:52',0,6,'pavithra@climatesi.com',4),('piyatilakw@yahoo.com','2021-02-16 11:25:23','piyatilakw@yahoo.com','2021-02-16 11:25:23',0,7,'piyatilakw@yahoo.com',3),('maladassanayake@gmail.com','2021-02-16 17:29:23','maladassanayake@gmail.com','2021-02-16 17:29:23',0,8,'maladassanayake@gmail.com',2),('rpm2101171@yopmail.com','2021-02-17 03:28:00','rpm2101171@yopmail.com','2021-02-17 03:28:00',0,9,'rpm2101171@yopmail.com',1),('indikedassanayake@gmail.com','2021-02-17 08:08:23','indikedassanayake@gmail.com','2021-02-17 08:08:23',0,10,'indikedassanayake@gmail.com',2),('wijemanner@gmail.com','2021-02-17 09:57:15','wijemanner@gmail.com','2021-02-17 09:57:15',0,11,'wijemanner@gmail.com',3),('mdg@leco.lk','2021-02-17 10:08:37','mdg@leco.lk','2021-02-17 10:08:37',0,12,'mdg@leco.lk',4),('dimanthads@uom.lk','2021-02-17 15:56:23','dimanthads@uom.lk','2021-02-17 15:56:23',0,13,'dimanthads@uom.lk',1),('dammika100@yahoo.com','2021-02-19 06:03:07','dammika100@yahoo.com','2021-02-19 06:03:07',0,14,'dammika100@yahoo.com',1),('methmali@yahoo.com','2021-02-19 06:03:11','methmali@yahoo.com','2021-02-19 06:03:11',0,15,'methmali@yahoo.com',4),('shyamali888@gmail.com','2021-02-19 06:12:08','shyamali888@gmail.com','2021-02-19 06:12:08',0,16,'shyamali888@gmail.com',1),('sltbop@gmail.com','2021-02-19 09:22:25','sltbop@gmail.com','2021-02-19 09:22:25',0,17,'sltbop@gmail.com',4),('saratha261284@gmail.com','2021-02-19 09:23:15','saratha261284@gmail.com','2021-02-19 09:23:15',0,18,'saratha261284@gmail.com',5),('achala696@gmail.com','2021-02-19 11:23:28','achala696@gmail.com','2021-02-19 11:23:28',0,19,'achala696@gmail.com',4),('terancy@gmail.com','2021-02-22 06:02:33','terancy@gmail.com','2021-02-22 06:02:33',0,20,'terancy@gmail.com',4),('doearth2002@yahoo.co.in','2021-02-22 06:03:47','doearth2002@yahoo.co.in','2021-02-22 06:03:47',0,21,'doearth2002@yahoo.co.in',1),('ruwan91.idb@gmail.com','2021-02-22 06:31:26','ruwan91.idb@gmail.com','2021-02-22 06:31:26',0,22,'ruwan91.idb@gmail.com',4),('amila.idb@gmail.com','2021-02-22 06:35:00','amila.idb@gmail.com','2021-02-22 06:35:00',0,23,'amila.idb@gmail.com',4),('uoc.priyadarshani@yahoo.com','2021-02-22 11:04:55','uoc.priyadarshani@yahoo.com','2021-02-22 11:04:55',0,24,'uoc.priyadarshani@yahoo.com',1),('umesha.nishadi@yahoo.com','2021-02-22 11:04:57','umesha.nishadi@yahoo.com','2021-02-22 11:04:57',0,25,'umesha.nishadi@yahoo.com',1),('dulanjanw@gmail.com','2021-02-23 05:44:05','dulanjanw@gmail.com','2021-02-23 05:44:05',0,26,'dulanjanw@gmail.com',4),('navam@cepa.lk','2021-02-23 07:42:55','navam@cepa.lk','2021-02-23 07:42:55',0,27,'navam@cepa.lk',1),('nuwanthika@cepa.lk','2021-02-23 09:04:24','nuwanthika@cepa.lk','2021-02-23 09:04:24',0,28,'nuwanthika@cepa.lk',1),('wasantha.senadeera@gmail.com','2021-02-23 09:04:27','wasantha.senadeera@gmail.com','2021-02-23 09:04:27',0,29,'wasantha.senadeera@gmail.com',1),('snrssgis@survey.gov.lk','2021-02-23 09:05:34','snrssgis@survey.gov.lk','2021-02-23 09:05:34',0,30,'snrssgis@survey.gov.lk',1),('sdo2@sdc.gov.lk','2021-02-23 09:10:36','sdo2@sdc.gov.lk','2021-02-23 09:10:36',0,31,'sdo2@sdc.gov.lk',1),('sew21030501@yopmail.com','2021-03-19 04:35:02','sew21030501@yopmail.com','2021-03-19 04:35:02',0,32,'sew21030501@yopmail.com',3),('piyawathieakka@gmail.com','2021-03-21 15:16:22','piyawathieakka@gmail.com','2021-03-21 15:16:22',0,33,'piyawathieakka@gmail.com',3),('piyasenaayya@yopmail.com','2021-03-25 07:33:29','piyasenaayya@yopmail.com','2021-03-25 07:33:29',0,34,'piyasenaayya@yopmail.com',2),('testadminpd@yopmail.com','2021-06-29 01:23:52','testadminpd@yopmail.com','2021-06-29 01:23:52',0,35,'testadminpd@yopmail.com',4),('testdeo1@yopmail.com','2021-06-29 02:26:00','testdeo1@yopmail.com','2021-06-29 02:26:00',0,36,'testdeo1@yopmail.com',4),('externaluserdsn22@yopmail.com','2021-06-29 02:44:01','externaluserdsn22@yopmail.com','2021-06-29 02:44:01',0,37,'externaluserdsn22@yopmail.com',1),('muvtgpsselect-8726@yopmail.com','2021-07-04 13:09:47','muvtgpsselect-8726@yopmail.com','2021-07-04 13:09:47',0,38,'muvtgpsselect-8726@yopmail.com',4),('raj.innovative3@gmail.com','2021-07-04 13:20:12','raj.innovative3@gmail.com','2021-07-04 13:20:12',0,39,'raj.innovative3@gmail.com',3),('dtest9466@gmail.com','2021-07-05 19:26:27','dtest9466@gmail.com','2021-07-05 19:26:27',0,40,'dtest9466@gmail.com',2),('halogen.engraver@gmail.com','2021-07-15 01:05:18','halogen.engraver@gmail.com','2021-07-15 01:05:18',0,41,'halogen.engraver@gmail.com',2),('iatest055@gmail.com','2021-12-02 14:57:17','iatest055@gmail.com','2021-12-02 14:57:17',0,42,'iatest055@gmail.com',3),('pramodha1996nimesh@gmail.com','2022-03-07 14:24:02','pramodha1996nimesh@gmail.com','2022-03-07 14:24:02',0,43,'pramodha1996nimesh@gmail.com',4),('mallawathissa@gmail.com','2022-03-29 06:06:31','mallawathissa@gmail.com','2022-03-29 06:06:31',0,44,'mallawathissa@gmail.com',2),('climatesi2@gmail.com','2022-03-31 06:29:35','climatesi2@gmail.com','2022-03-31 06:29:35',0,45,'climatesi2@gmail.com',5),('climatesi2@gmail.com','2022-03-31 06:29:35','climatesi2@gmail.com','2022-03-31 06:29:35',0,46,'climatesi2@gmail.com',5),('climatesi2@gmail.com','2022-03-31 06:29:35','climatesi2@gmail.com','2022-03-31 06:29:35',0,47,'climatesi2@gmail.com',5),('climatesi2@gmail.com','2022-03-31 06:29:35','climatesi2@gmail.com','2022-03-31 06:29:35',0,48,'climatesi2@gmail.com',5),('climatesi2@gmail.com','2022-03-31 06:29:35','climatesi2@gmail.com','2022-03-31 06:29:35',0,49,'climatesi2@gmail.com',5),('climatesi2@gmail.com','2022-03-31 06:29:35','climatesi2@gmail.com','2022-03-31 06:29:35',0,50,'climatesi2@gmail.com',5),('csishyamika@gmail.com','2022-04-01 08:45:19','csishyamika@gmail.com','2022-04-01 08:45:19',0,51,'csishyamika@gmail.com',4),('hassy.wanni@gmail.com','2022-04-07 12:11:47','hassy.wanni@gmail.com','2022-04-07 12:11:47',0,52,'hassy.wanni@gmail.com',2),('slaasfiti2020@gmail.com','2022-05-04 18:11:07','slaasfiti2020@gmail.com','2022-05-04 18:11:07',0,53,'slaasfiti2020@gmail.com',4),('matortrafficdepartment@gmail.com','2022-06-08 11:59:11','matortrafficdepartment@gmail.com','2022-06-08 11:59:11',0,54,'matortrafficdepartment@gmail.com',4),('deomotortraffic@gmail.com','2022-06-08 12:19:26','deomotortraffic@gmail.com','2022-06-08 12:19:26',0,55,'deomotortraffic@gmail.com',4),('yuresha@climatesi.com','2022-06-15 09:53:37','yuresha@climatesi.com','2022-06-15 09:53:37',0,56,'yuresha@climatesi.com',1),('nimalfrpr@gmail.com','2022-06-28 05:30:28','nimalfrpr@gmail.com','2022-06-28 05:30:28',0,57,'nimalfrpr@gmail.com',3),('1025forwork@gmail.com','2022-07-06 09:36:24','1025forwork@gmail.com','2022-07-06 09:36:24',0,58,'1025forwork@gmail.com',4),('leeknow001@yahoo.com','2022-07-06 10:09:30','leeknow001@yahoo.com','2022-07-06 10:09:30',0,59,'leeknow001@yahoo.com',4),('nardoyarko@vusra.com','2022-09-19 07:28:12','nardoyarko@vusra.com','2022-09-19 07:28:12',0,60,'nardoyarko@vusra.com',3),('adpme@naqda.gov.lk','2022-10-17 04:52:27','adpme@naqda.gov.lk','2022-10-17 04:52:27',0,61,'adpme@naqda.gov.lk',4),('ariyamanjula@gmail.com','2022-10-17 06:23:40','ariyamanjula@gmail.com','2022-10-17 06:23:40',0,63,'ariyamanjula@gmail.com',4),('dinesh.cheng@gmail.com','2022-10-17 06:25:02','dinesh.cheng@gmail.com','2022-10-17 06:25:02',0,64,'dinesh.cheng@gmail.com',4),('maheshmadurangamm@gmail.com','2022-10-17 06:54:58','maheshmadurangamm@gmail.com','2022-10-17 06:54:58',0,65,'maheshmadurangamm@gmail.com',4),('dpfisheries@gmail.com','2022-10-17 06:55:32','dpfisheries@gmail.com','2022-10-17 06:55:32',0,66,'dpfisheries@gmail.com',4),('smfisheriesplanning@gmail.com','2022-10-17 06:56:39','smfisheriesplanning@gmail.com','2022-10-17 06:56:39',0,67,'smfisheriesplanning@gmail.com',3),('cewm2020@gmail.com','2022-10-17 06:57:46','cewm2020@gmail.com','2022-10-17 06:57:46',0,68,'cewm2020@gmail.com',4),('nswmsc@pclg.gov.lk','2022-10-17 06:59:00','nswmsc@pclg.gov.lk','2022-10-17 06:59:00',0,69,'nswmsc@pclg.gov.lk',4),('sakunthadeepal@gmail.com','2022-10-18 05:51:52','sakunthadeepal@gmail.com','2022-10-18 05:51:52',0,70,'sakunthadeepal@gmail.com',4),('uvinis@boi.lk','2022-10-18 05:53:57','uvinis@boi.lk','2022-10-18 05:53:57',0,71,'uvinis@boi.lk',4),('testnccdsn@gmail.com','2022-10-18 05:54:00','testnccdsn@gmail.com','2022-10-18 05:54:00',0,72,'testnccdsn@gmail.com',2),('lakruwani.jayarathna@gmail.com','2022-10-18 05:54:02','lakruwani.jayarathna@gmail.com','2022-10-18 05:54:02',0,73,'lakruwani.jayarathna@gmail.com',2),('terancys@boi.lk','2022-10-18 05:54:12','terancys@boi.lk','2022-10-18 05:54:12',0,74,'terancys@boi.lk',3),('chathulakmal9@gmail.com','2022-10-18 05:54:19','chathulakmal9@gmail.com','2022-10-18 05:54:19',0,75,'chathulakmal9@gmail.com',4),('asangasomawansa@gmail.com','2022-10-18 05:54:35','asangasomawansa@gmail.com','2022-10-18 05:54:35',0,76,'asangasomawansa@gmail.com',4),('thusharadharmawardhana@gmail.com','2022-10-18 05:54:38','thusharadharmawardhana@gmail.com','2022-10-18 05:54:38',0,77,'thusharadharmawardhana@gmail.com',2),('thagpec@gmail.com','2022-10-18 05:55:49','thagpec@gmail.com','2022-10-18 05:55:49',0,78,'thagpec@gmail.com',4),('kasthurinalin@gmail.com','2022-10-18 05:56:03','kasthurinalin@gmail.com','2022-10-18 05:56:03',0,79,'kasthurinalin@gmail.com',1),('conisak183@dicopto.com','2022-10-18 06:05:05','conisak183@dicopto.com','2022-10-18 06:05:05',0,80,'conisak183@dicopto.com',4),('supun680@gmail.com','2022-10-19 05:26:49','supun680@gmail.com','2022-10-19 05:26:49',0,81,'supun680@gmail.com',1),('ruchira.r.karunaratne@gmail.com','2022-10-19 05:36:25','ruchira.r.karunaratne@gmail.com','2022-10-19 05:36:25',0,82,'ruchira.r.karunaratne@gmail.com',5),('dilini.liyanage@ceb.lk','2022-10-19 05:36:34','dilini.liyanage@ceb.lk','2022-10-19 05:36:34',0,83,'dilini.liyanage@ceb.lk',4),('f.dilini@gmail.com','2022-10-19 05:36:44','f.dilini@gmail.com','2022-10-19 05:36:44',0,84,'f.dilini@gmail.com',4),('nipunae@gmail.com','2022-10-19 05:36:55','nipunae@gmail.com','2022-10-19 05:36:55',0,85,'nipunae@gmail.com',3),('mtathambawa@yahoo.com','2022-10-19 05:37:16','mtathambawa@yahoo.com','2022-10-19 05:37:16',0,86,'mtathambawa@yahoo.com',4),('danu.486@gmail.com','2022-10-19 05:37:40','danu.486@gmail.com','2022-10-19 05:37:40',0,87,'danu.486@gmail.com',4),('ekxiaupgvcfiocmwtb@tmmwj.net','2022-10-19 05:39:31','ekxiaupgvcfiocmwtb@tmmwj.net','2022-10-19 05:39:31',0,88,'ekxiaupgvcfiocmwtb@tmmwj.net',4),('dpdtcamp@gmail.com','2022-10-19 05:49:42','dpdtcamp@gmail.com','2022-10-19 05:49:42',0,89,'dpdtcamp@gmail.com',4),('kasunsusith@gmail.com','2022-10-19 05:52:37','kasunsusith@gmail.com','2022-10-19 05:52:37',0,90,'kasunsusith@gmail.com',4);
/*!40000 ALTER TABLE `user_data_usage_category` ENABLE KEYS */;
UNLOCK TABLES;

--
-- Table structure for table `user_type`
--

DROP TABLE IF EXISTS `user_type`;
/*!40101 SET @saved_cs_client     = @@character_set_client */;
/*!50503 SET character_set_client = utf8mb4 */;
CREATE TABLE `user_type` (
  `createdBy` varchar(255) NOT NULL,
  `createdOn` datetime NOT NULL,
  `editedBy` varchar(255) NOT NULL,
  `editedOn` datetime NOT NULL,
  `status` int NOT NULL,
  `id` int NOT NULL AUTO_INCREMENT,
  `name` varchar(255) NOT NULL,
  `sortOrder` int NOT NULL,
  `description` varchar(2500) NOT NULL,
  `userRoleIdIdentity` varchar(255) NOT NULL,
  `userRoleNameIdentity` varchar(255) NOT NULL,
  PRIMARY KEY (`id`)
) ENGINE=InnoDB AUTO_INCREMENT=5 DEFAULT CHARSET=utf8mb4 COLLATE=utf8mb4_0900_ai_ci;
/*!40101 SET character_set_client = @saved_cs_client */;

--
-- Dumping data for table `user_type`
--

LOCK TABLES `user_type` WRITE;
/*!40000 ALTER TABLE `user_type` DISABLE KEYS */;
INSERT INTO `user_type` VALUES ('','0000-00-00 00:00:00','','0000-00-00 00:00:00',0,1,'CCS-Admin',1,'','a5c43f88-5486-4532-8de5-47cb43fe1236','ccs-admin'),('','0000-00-00 00:00:00','','0000-00-00 00:00:00',0,2,'CCS-DEO',1,'','a3526cfa-1aeb-4834-a715-309626797c42','ins-deo'),('','0000-00-00 00:00:00','','0000-00-00 00:00:00',0,3,'Institutional Admin',1,'','715029ef-5d6a-46c2-ab77-3735ff5921bb','ins-admin'),('','0000-00-00 00:00:00','','0000-00-00 00:00:00',0,4,'Institutional DEO',1,'','a3526cfa-1aeb-4834-a715-309626797c42','ins-deo');
/*!40000 ALTER TABLE `user_type` ENABLE KEYS */;
UNLOCK TABLES;
/*!40103 SET TIME_ZONE=@OLD_TIME_ZONE */;

/*!40101 SET SQL_MODE=@OLD_SQL_MODE */;
/*!40014 SET FOREIGN_KEY_CHECKS=@OLD_FOREIGN_KEY_CHECKS */;
/*!40014 SET UNIQUE_CHECKS=@OLD_UNIQUE_CHECKS */;
/*!40101 SET CHARACTER_SET_CLIENT=@OLD_CHARACTER_SET_CLIENT */;
/*!40101 SET CHARACTER_SET_RESULTS=@OLD_CHARACTER_SET_RESULTS */;
/*!40101 SET COLLATION_CONNECTION=@OLD_COLLATION_CONNECTION */;
/*!40111 SET SQL_NOTES=@OLD_SQL_NOTES */;

-- Dump completed on 2023-04-25  7:16:00
